timestamp,current_price,fusion_1H,fusion_1W,fusion_1M,predicted_price_1H,predicted_direction_1H,predicted_price_1W,predicted_direction_1W,predicted_price_1M,predicted_direction_1M
2026-01-01 00:00:00+00:00,0.334,-0.001758804658264392,0.031955695676887004,-0.19238890776071188,0.3334130755381775,-1,0.34484556828397916,1,0.27554531152543,-1
2026-01-01 01:00:00+00:00,0.3332,0.00023874300364855918,0.031955695676887004,-0.19238890776071188,0.3332795586654752,1,0.34401959087491574,1,0.27488532275530914,-1
2026-01-01 02:00:00+00:00,0.3328,0.000286117836530839,0.031955695676887004,-0.19238890776071188,0.3328952336393692,1,0.34360660217038397,1,0.27455532837024876,-1
2026-01-01 03:00:00+00:00,0.3327,0.0003705733215639834,0.031955695676887004,-0.18693031529000181,0.33282331259085135,1,0.34350335499425105,1,0.27597516167448544,-1
2026-01-01 04:00:00+00:00,0.3325,0.0003705733215639834,0.031955695676887004,-0.18693031529000181,0.3326232384624529,1,0.3432968606419852,1,0.2758092613668963,-1
2026-01-01 05:00:00+00:00,0.3367,0.000286117836530839,0.031955695676887004,-0.19238890776071188,0.3367963496585806,1,0.3476332420395682,1,0.27777277362458763,-1
2026-01-01 06:00:00+00:00,0.3364,0.000286117836530839,0.031955695676887004,-0.19238890776071188,0.3364962638109489,1,0.3473235005111694,1,0.2775252778357923,-1
2026-01-01 07:00:00+00:00,0.3365,0.000286117836530839,0.031955695676887004,-0.19238890776071188,0.33659629242682615,1,0.34742674768730236,1,0.2776077764320574,-1
2026-01-01 08:00:00+00:00,0.3382,0.0005795190538236739,0.031955695676887004,-0.19238890776071188,0.33839605014591384,1,0.34918194968156213,1,0.2790102525685641,-1
2026-01-01 09:00:00+00:00,0.3388,0.00023874300364855918,0.031955695676887004,-0.19238890776071188,0.33888089578590336,1,0.3498014327383597,1,0.2795052441461547,-1
2026-01-01 10:00:00+00:00,0.3387,0.0003705733215639834,0.031955695676887004,-0.19238890776071188,0.3388255364428054,1,0.34969818556222676,1,0.2794227455498896,-1
2026-01-01 11:00:00+00:00,0.3407,6.0829988435114665e-05,0.031955695676887004,-0.19238890776071188,0.3407207254074166,1,0.35176312908488533,1,0.2810727174751916,-1
2026-01-01 12:00:00+00:00,0.3398,0.00019390005629288496,0.031955695676887004,-0.19238890776071188,0.3398658936273109,1,0.35083390449968893,1,0.2803302301088057,-1
2026-01-01 13:00:00+00:00,0.3427,0.00023874300364855918,0.031955695676887004,-0.19238890776071188,0.34278182699477294,1,0.3538280726075439,1,0.28272268940049355,-1
2026-01-01 14:00:00+00:00,0.3435,0.00023874300364855918,0.031955695676887004,-0.19238890776071188,0.343582018011977,1,0.3546540500166073,1,0.28338267817061435,-1
2026-01-01 15:00:00+00:00,0.3471,-0.00034692151418111135,0.031955695676887004,-0.19238890776071188,0.3469796044275424,-1,0.3583709483573927,1,0.28635262763615793,-1
2026-01-01 16:00:00+00:00,0.3485,-0.0004896544852616111,0.031955695676887004,-0.19238890776071188,0.34832939718351213,-1,0.35981640882325366,1,0.28750760798386926,-1
2026-01-01 17:00:00+00:00,0.3516,-0.00014606428536280346,0.031955695676887004,-0.19238890776071188,0.3515486475477374,-1,0.36301707128337446,1,0.2900650644680874,-1
2026-01-01 18:00:00+00:00,0.3516,-0.001758804658264392,0.031955695676887004,-0.19238890776071188,0.3509821477821054,-1,0.36301707128337446,1,0.2900650644680874,-1
2026-01-01 19:00:00+00:00,0.3581,0.000286117836530839,0.031955695676887004,-0.19238890776071188,0.3582024734563044,1,0.36972813773201474,1,0.29542747322531876,-1
2026-01-01 20:00:00+00:00,0.357,0.0003091698264531425,0.031955695676887004,-0.19238890776071188,0.3571103906919,1,0.36859241879455257,1,0.29451998866640267,-1
2026-01-01 21:00:00+00:00,0.356,0.000286117836530839,0.031955695676887004,-0.19238890776071188,0.3561018725228829,1,0.36755994703322326,1,0.29369500270375165,-1
2026-01-01 22:00:00+00:00,0.3577,4.647220189319284e-05,0.031955695676887004,-0.19238890776071188,0.35771662349287936,1,0.3693151490274831,1,0.2950974788402584,-1
2026-01-01 23:00:00+00:00,0.3565,0.00025408376166332545,0.031955695676887004,-0.19238890776071188,0.35659059236957064,1,0.3680761829138879,1,0.29410749568507716,-1
2026-01-02 00:00:00+00:00,0.3562,0.0004130287206472362,0.09524710314698459,-0.21680180418324727,0.35634715121704214,1,0.3917952860835648,1,0.2867728866208537,-1
2026-01-02 01:00:00+00:00,0.3563,0.0009161237290507879,0.09524710314698459,-0.21680180418324727,0.356626564448541,1,0.3919052791453513,1,0.2868533955727405,-1
2026-01-02 02:00:00+00:00,0.3582,0.0008444352104909586,0.09524710314698459,-0.21680180418324727,0.35850260443933807,1,0.3939951473192951,1,0.2883830656585901,-1
2026-01-02 03:00:00+00:00,0.3622,0.0008937163588738636,0.09524710314698459,-0.21680180418324727,0.36252384875809496,1,0.39839486979075567,1,0.2916034237340629,-1
2026-01-02 04:00:00+00:00,0.3599,0.0008937163588738636,0.09524710314698459,-0.21680180418324727,0.36022179229165757,1,0.39586502936966583,1,0.289751717840666,-1
2026-01-02 05:00:00+00:00,0.3582,0.0011225611805198313,0.09524710314698459,-0.21680180418324727,0.3586023271910563,1,0.3939951473192951,1,0.2883830656585901,-1
2026-01-02 06:00:00+00:00,0.358,0.0008207984979293504,0.09524710314698459,-0.21680180418324727,0.35829396648938117,1,0.39377516119572203,1,0.2882220477548164,-1
2026-01-02 07:00:00+00:00,0.3556,0.0009028534440432691,0.09524710314698459,-0.21680180418324727,0.3559211996609932,1,0.3911353277128457,1,0.2862898329095328,-1
2026-01-02 08:00:00+00:00,0.3576,0.0007997119153134913,0.09524710314698459,-0.21680180418324727,0.357886091361004,1,0.39333518894857594,1,0.28790001194726916,-1
2026-01-02 09:00:00+00:00,0.3651,-0.0005460258386659913,0.09524710314698459,-0.21680180418324727,0.36490070038262507,-1,0.40158466858256453,1,0.29393818333878063,-1
2026-01-02 10:00:00+00:00,0.3646,-0.0012443899475509175,0.09524710314698459,-0.21680180418324727,0.36414657760077135,-1,0.40103470327363194,1,0.29353563857934656,-1
2026-01-02 11:00:00+00:00,0.3606,0.0009028534440432691,0.09524710314698459,-0.21680180418324727,0.3609257159666877,1,0.3966349808021714,1,0.29031528050387373,-1
2026-01-02 12:00:00+00:00,0.3643,-0.0012443899475509175,0.09524710314698459,-0.21680180418324727,0.363846950685576,-1,0.40070472408827246,1,0.29329411172368614,-1
2026-01-02 13:00:00+00:00,0.3645,-0.0005460258386659913,0.09524710314698459,-0.21680180418324727,0.3643010279087013,-1,0.40092471021184545,1,0.29345512962745973,-1
2026-01-02 14:00:00+00:00,0.3683,0.0004130287206472362,0.09524710314698459,-0.21680180418324727,0.36845214989679004,1,0.40510444655973304,1,0.29651446979915896,-1
2026-01-02 15:00:00+00:00,0.3716,0.000641873542293204,0.09524710314698459,-0.21680180418324727,0.37183859677460274,1,0.408734217598688,1,0.29917126521142395,-1
2026-01-02 16:00:00+00:00,0.3889,0.0004130287206472362,-0.01532660933899709,-0.21680180418324727,0.3890606600457824,1,0.3829849264285384,-1,0.3130993138878439,-1
2026-01-02 17:00:00+00:00,0.3886,0.0004130287206472362,0.10143699762461109,-0.21680180418324727,0.38876053611157374,1,0.43008700893032975,1,0.3128577870321834,-1
2026-01-02 18:00:00+00:00,0.382,-0.0012443899475509175,0.043794921554249286,-0.21680180418324727,0.38152493868210274,-1,0.3991014040786288,1,0.3075441962076533,-1
2026-01-02 19:00:00+00:00,0.3884,-0.0012443899475509175,0.03378065548285341,-0.21680180418324727,0.38791697953960397,-1,0.40174453112792796,1,0.3126967691284098,-1
2026-01-02 20:00:00+00:00,0.386,0.0008937163588738636,0.09771233053517678,-0.21680180418324727,0.3863451287151426,1,0.4256211792224826,1,0.3107645542831261,-1
2026-01-02 21:00:00+00:00,0.3905,-0.0012443899475509175,0.09928055702815415,-0.21680180418324727,0.3900143679459715,-1,0.43125886571238303,1,0.314387457118033,-1
2026-01-02 22:00:00+00:00,0.3946,-0.0012443899475509175,0.0880104269593243,-0.21680180418324727,0.39410926912030825,-1,0.43090300593701825,1,0.31768832414539266,-1
2026-01-02 23:00:00+00:00,0.3949,-0.0012443899475509175,0.018851018190032463,-0.21680180418324727,0.39440889603550355,-1,0.40241487607628124,1,0.3179298510010531,-1
2026-01-03 00:00:00+00:00,0.3947,-0.0013607158178119653,0.16790901786562956,-0.2210610213712858,0.39416329070393585,-1,0.4668626021343467,1,0.31641826484499863,-1
2026-01-03 01:00:00+00:00,0.3939,-0.0013607158178119653,0.14453263490418575,-0.2210610213712858,0.3933643785363069,-1,0.4551512152201471,1,0.3157769306370533,-1
2026-01-03 02:00:00+00:00,0.3966,-0.0013607158178119653,0.1653536707565674,-0.2210610213712858,0.39606070710205465,-1,0.4679127686833276,1,0.31794143358886867,-1
2026-01-03 03:00:00+00:00,0.3984,-0.0013607158178119653,0.13939548474255678,-0.2210610213712858,0.39785825947921977,-1,0.4579921345307169,1,0.3193844355567455,-1
2026-01-03 04:00:00+00:00,0.3971,-0.0013607158178119653,0.1391759560187748,-0.2210610213712858,0.39656002720682276,-1,0.4563974789300656,1,0.31834226746883443,-1
2026-01-03 05:00:00+00:00,0.393,0.0007072111149336359,0.13319845465417207,-0.2210610213712858,0.3932780322703368,1,0.44899334532206475,1,0.31505542965311495,-1
2026-01-03 06:00:00+00:00,0.3907,0.0007443852952014367,0.10732322548714668,-0.2210610213712858,0.39099093960698345,1,0.4349639819511086,1,0.31321159380527225,-1
2026-01-03 07:00:00+00:00,0.3842,0.0007443852952014367,0.13237270717626176,-0.2210610213712858,0.38448609930126193,1,0.4385772466919201,1,0.3080007533657169,-1
2026-01-03 08:00:00+00:00,0.3866,0.0007213333052791332,0.10730375131050794,-0.2210610213712858,0.38687896805820055,1,0.4303910947878034,1,0.3099247559895527,-1
2026-01-03 09:00:00+00:00,0.3874,0.0005063810355503793,0.10730375131050794,-0.2210610213712858,0.3875962216904507,1,0.4312817126766556,1,0.31056609019749803,-1
2026-01-03 10:00:00+00:00,0.3852,0.0007443852952014367,0.13237270717626176,-0.2210610213712858,0.38548684396368066,1,0.4397187803897127,1,0.3088024211256485,-1
2026-01-03 11:00:00+00:00,0.3845,0.0007443852952014367,0.10730375131050794,-0.2210610213712858,0.3847863226999876,1,0.4280532228295665,1,0.3082412536936964,-1
2026-01-03 12:00:00+00:00,0.3868,-0.0013607158178119653,0.10869837538772505,-0.2210610213712858,0.3862740330485999,-1,0.43121471252422916,1,0.310085089541539,-1
2026-01-03 13:00:00+00:00,0.3871,-0.001278651277358729,0.10732322548714668,-0.2210610213712858,0.3866053504000997,-1,0.43095612340228856,1,0.3103255898695185,-1
2026-01-03 14:00:00+00:00,0.387,0.0002882605210873127,0.08305072879513895,-0.2210610213712858,0.38711157290191966,1,0.42051301148551384,1,0.3102454230935254,-1
2026-01-03 15:00:00+00:00,0.3862,0.0007213333052791332,0.10869837538772505,-0.2210610213712858,0.38647867942078906,1,0.4305458168998379,1,0.3096040888855801,-1
2026-01-03 16:00:00+00:00,0.3877,0.0008184699741154423,0.11254222057344336,-0.2210610213712858,0.3880174507031774,1,0.4338826323919226,1,0.3108065905254775,-1
2026-01-03 17:00:00+00:00,0.3882,0.0007226908560229345,0.11423033506929474,-0.2210610213712858,0.38848064998968385,1,0.43517619967705035,1,0.3112074244054433,-1
2026-01-03 18:00:00+00:00,0.3894,-0.0013607158178119653,0.11254222057344336,-0.2210610213712858,0.3888704975933941,-1,0.43578513555175313,1,0.3121694257173612,-1
2026-01-03 19:00:00+00:00,0.3886,0.0004976273955390716,0.1316992191039137,-0.2210610213712858,0.3887934261289853,1,0.44330133623953955,1,0.3115280915094159,-1
2026-01-03 20:00:00+00:00,0.3883,0.0003665200677995689,0.11254222057344336,-0.2210610213712858,0.3884423458270341,1,0.4345541040953922,1,0.31128759118143645,-1
2026-01-03 21:00:00+00:00,0.3889,0.0007297184971883393,0.11254222057344336,-0.2210610213712858,0.3891838910912494,1,0.4352255757988618,1,0.3117685918373954,-1
2026-01-03 22:00:00+00:00,0.3896,0.0004260920323775784,0.12186023103983225,-0.2210610213712858,0.389766040827639,1,0.4400906827376407,1,0.31232975926934753,-1
2026-01-03 23:00:00+00:00,0.3893,0.0007226908560229345,0.1313307045966853,-0.2210610213712858,0.38958144523694976,1,0.44393624474854576,1,0.312089258941368,-1
2026-01-04 00:00:00+00:00,0.3952,0.00023832878398225121,0.0735654944636068,-0.19636514936810645,0.39529419876012184,1,0.42536918410698366,1,0.32474063465514735,-1
2026-01-04 01:00:00+00:00,0.3942,0.00023361072224944358,0.0735654944636068,-0.19636514936810645,0.3942921001040778,1,0.42429284507837284,1,0.3239189225229228,-1
2026-01-04 02:00:00+00:00,0.3938,-0.001847158225165573,0.0669468964302005,-0.19636514936810645,0.39307326049898905,-1,0.42106619859317873,1,0.323590237670033,-1
2026-01-04 03:00:00+00:00,0.3995,-0.0011398904482919246,0.06840700766587948,-0.19636514936810645,0.3990448732125271,-1,0.42778501709096656,1,0.328273996823713,-1
2026-01-04 04:00:00+00:00,0.3978,-0.0017650936847123364,0.06776733945098014,-0.19636514936810645,0.397098465051814,-1,0.42569226639399077,1,0.32687708619893124,-1
2026-01-04 05:00:00+00:00,0.3985,5.924440571710456e-05,0.06781323635641673,-0.19636514936810645,0.39852360959503963,1,0.4264609205953334,1,0.32745228469148846,-1
2026-01-04 06:00:00+00:00,0.3945,5.924440571710456e-05,0.05733147183290241,-0.19636514936810645,0.3945233726103968,1,0.41777817594989813,1,0.3241654361625902,-1
2026-01-04 07:00:00+00:00,0.3962,-0.001847158225165573,0.06840700766587948,-0.19636514936810645,0.39546883141112105,-1,0.4242513736456594,1,0.32556234678737195,-1
2026-01-04 08:00:00+00:00,0.3983,-5.727547549546959e-05,0.06840700766587948,-0.19636514936810645,0.39827718783140525,-1,0.42650005583812756,1,0.3272879422650435,-1
2026-01-04 09:00:00+00:00,0.4032,0.0002131329292696148,0.06781323635641673,-0.19636514936810645,0.4032859443555423,1,0.43149069807788815,1,0.3313143317129439,-1
2026-01-04 10:00:00+00:00,0.4035,-0.001847158225165573,0.03210274434295501,-0.19636514936810645,0.40275535960218917,-1,0.41666362102143184,1,0.33156084535261127,-1
2026-01-04 11:00:00+00:00,0.4014,-0.0017650936847123364,0.06840700766587948,-0.19636514936810645,0.4006921163192512,-1,0.42981953907462817,1,0.3298352498749396,-1
2026-01-04 12:00:00+00:00,0.4013,-0.001847158225165573,0.05565739868528671,-0.19636514936810645,0.4005594195994015,-1,0.42426857061117346,1,0.3297530786617172,-1
2026-01-04 13:00:00+00:00,0.3999,-0.001847158225165573,0.06781323635641673,-0.19636514936810645,0.39916200323399115,-1,0.4279591521858816,1,0.3286026816766028,-1
2026-01-04 14:00:00+00:00,0.3988,0.00022405667776143832,0.0614271262268786,-0.19636514936810645,0.39888936381399703,1,0.424065177660095,1,0.3276987983311558,-1
2026-01-04 15:00:00+00:00,0.3988,-0.00019846294725851536,0.0691289392497237,-0.19636514936810645,0.39872086082998953,-1,0.42734385805257813,1,0.3276987983311558,-1
2026-01-04 16:00:00+00:00,0.4026,-0.0017650936847123364,0.0735654944636068,-0.19636514936810645,0.40189000007506365,-1,0.4333340929187035,1,0.33082130443360913,-1
2026-01-04 17:00:00+00:00,0.4031,-0.001847158225165573,0.11487617279449733,-0.19636514936810645,0.4023560977835005,-1,0.45217118812386065,1,0.33123216049972143,-1
2026-01-04 18:00:00+00:00,0.4008,-0.0007887545787083144,0.06074717715970555,-0.19636514936810645,0.4004839918076913,-1,0.425902193391156,1,0.3293422225956049,-1
2026-01-04 19:00:00+00:00,0.3988,-0.0007346037746991008,0.05096535781206614,-0.19636514936810645,0.3985071475930614,-1,0.4196518319319021,1,0.3276987983311558,-1
2026-01-04 20:00:00+00:00,0.3992,4.598080906619136e-05,0.0669468964302005,-0.19636514936810645,0.3992183559609869,1,0.4268400875530649,1,0.3280274831840456,-1
2026-01-04 21:00:00+00:00,0.3988,-0.001847158225165573,0.04861986925045322,-0.19636514936810645,0.39806403323259737,-1,0.4186686967770874,1,0.3276987983311558,-1
2026-01-04 22:00:00+00:00,0.3987,7.958091018918724e-05,0.07954164048691051,-0.19636514936810645,0.3987317301714336,1,0.4317086307677048,1,0.3276166271179333,-1
2026-01-04 23:00:00+00:00,0.4007,3.810375802949838e-05,0.0735654944636068,-0.19636514936810645,0.4007152684667336,1,0.431289048764343,1,0.32926005138238246,-1
2026-01-05 00:00:00+00:00,0.4017,0.00026044897899934176,0.09798388676840888,-0.1820609960765148,0.40180463598043964,1,0.4430530117047862,1,0.3348372340645547,-1
2026-01-05 01:00:00+00:00,0.4064,-0.001758804658264392,0.08716072423880397,-0.1820609960765148,0.40568584999615365,-1,0.4434116719140926,1,0.3387549213936644,-1
2026-01-05 02:00:00+00:00,0.4045,-0.001758804658264392,0.08775449554826673,-0.1820609960765148,0.40378918878800235,-1,0.4416007670969287,1,0.33717117545210945,-1
2026-01-05 03:00:00+00:00,0.4033,0.0003827106642777011,0.07097376322836843,-0.1820609960765148,0.4034543767498332,1,0.43296394866744203,1,0.3361709148574431,-1
2026-01-05 04:00:00+00:00,0.3975,-0.001062342803177208,0.053150092281866665,-0.1820609960765148,0.39707794296006,-1,0.41919869770248414,1,0.3313363219832225,-1
2026-01-05 05:00:00+00:00,0.3981,-0.001758804658264392,0.06125762001253788,-0.1820609960765148,0.3974004352447558,-1,0.4232490811276027,1,0.3318364522805557,-1
2026-01-05 06:00:00+00:00,0.3997,0.000149998272466991,0.05990563799589069,-0.1820609960765148,0.39975995880625137,1,0.42437602079294096,1,0.3331701330734441,-1
2026-01-05 07:00:00+00:00,0.401,-0.001758804658264392,0.07623939146280777,-0.1820609960765148,0.4002953391940394,-1,0.43276758070167903,1,0.334253748717666,-1
2026-01-05 08:00:00+00:00,0.3985,-0.001758804658264392,0.06349283097473082,-0.1820609960765148,0.39779973234120874,-1,0.42462241095217884,1,0.3321698724787778,-1
2026-01-05 09:00:00+00:00,0.3965,-0.00045661766614301047,0.054270924370763717,-0.1820609960765148,0.39631899242414775,-1,0.41861304186773635,1,0.3305027714876672,-1
2026-01-05 10:00:00+00:00,0.3981,-0.0016767401178111555,0.06125762001253788,-0.1820609960765148,0.397433049067051,-1,0.4232490811276027,1,0.3318364522805557,-1
2026-01-05 11:00:00+00:00,0.4,0.00017898457854701084,0.06749106744320484,-0.1820609960765148,0.400071600238897,1,0.42792828132841126,1,0.3334201982221107,-1
2026-01-05 12:00:00+00:00,0.4008,-0.001758804658264392,0.08775449554826673,-0.1820609960765148,0.40009569064581296,-1,0.43756140284907047,1,0.3340870386185549,-1
2026-01-05 13:00:00+00:00,0.3984,-0.0016767401178111555,0.067246786441619,-0.1820609960765148,0.39773254646649864,-1,0.4261124643087439,1,0.33208651742922224,-1
2026-01-05 14:00:00+00:00,0.4037,-0.0016767401178111555,0.07736162580998095,-0.1820609960765148,0.40302366719007404,-1,0.4361706883018533,1,0.33650433505566524,-1
2026-01-05 15:00:00+00:00,0.4127,-0.001758804658264392,0.0625965696424514,-0.1810900764086734,0.41197477926528697,-1,0.4393592899163359,1,0.34434045418528864,-1
2026-01-05 16:00:00+00:00,0.413,0.00043535698396486485,0.07576237256556453,-0.1820609960765148,0.4131798415791807,1,0.44550566617934206,1,0.34425635466432924,-1
2026-01-05 17:00:00+00:00,0.4139,-0.001758804658264392,0.07237135531227895,-0.1820609960765148,0.4131726705546456,-1,0.4449650563678693,1,0.34500655011032905,-1
2026-01-05 18:00:00+00:00,0.4188,0.00034554710135564727,-0.0002356186809206411,-0.18559316995029929,0.41894474013187405,1,0.41870133452060193,-1,0.34786007272573255,-1
2026-01-05 19:00:00+00:00,0.4175,-0.00045661766614301047,0.07280262843917529,-0.18842159013155102,0.4173094056420723,-1,0.4490288648873157,1,0.34580082331971657,-1
2026-01-05 20:00:00+00:00,0.4189,0.0003814970700558069,0.07277213066835607,-0.18559316995029929,0.4190598396098792,1,0.4505208503311045,1,0.34794313387012743,-1
2026-01-05 21:00:00+00:00,0.4214,-0.001758804658264392,0.07280262843917529,-0.18559316995029929,0.42065949111313766,-1,0.4532233860203948,1,0.35001966247999927,-1
2026-01-05 22:00:00+00:00,0.4233,-0.0016767401178111555,0.07277213066835607,-0.18559316995029929,0.42259083062065483,-1,0.4552529862620113,1,0.3515978242235019,-1
2026-01-05 23:00:00+00:00,0.4211,-0.001758804658264392,0.07736162580998095,-0.17949449953740218,0.42036001829079794,-1,0.45497021759700373,1,0.35191013180535796,-1
2026-01-06 00:00:00+00:00,0.4241,-0.0012902863872811426,0.11232749035938908,-0.22764504277825273,0.42355314242046854,-1,0.4745166783939429,1,0.33775616631142363,-1
2026-01-06 01:00:00+00:00,0.424,-0.0012902863872811426,0.11007940870662891,-0.22764504277825273,0.4234532713659011,-1,0.4733394876587338,1,0.3376765256214186,-1
2026-01-06 02:00:00+00:00,0.4249,0.0010685188328565572,0.11007940870662891,-0.22764504277825273,0.42535425629956636,1,0.47434421770329244,1,0.3383932918314641,-1
2026-01-06 03:00:00+00:00,0.4259,-0.0006882199088004547,0.11494227770363746,-0.22764504277825273,0.4256069879807598,-1,0.4777783178042712,1,0.3391896987315146,-1
2026-01-06 04:00:00+00:00,0.4247,-0.0012902863872811426,0.09654032204930144,-0.22764504277825273,0.42415236874787315,-1,0.46774503917005866,1,0.338234010451454,-1
2026-01-06 05:00:00+00:00,0.4229,-0.0012902863872811426,0.07780383610961207,-0.22764504277825273,0.4223546897656594,-1,0.4571170936885472,1,0.33680047803136304,-1
2026-01-06 06:00:00+00:00,0.4234,0.0009422973324397217,0.07780383610961207,-0.22764504277825273,0.4237991567231777,1,0.4576575489896687,1,0.3371986814813883,-1
2026-01-06 07:00:00+00:00,0.4147,0.0009181364133986012,0.041966221184299074,-0.22764504277825273,0.41508092601489976,1,0.4324737316407341,1,0.33026994145094885,-1
2026-01-06 08:00:00+00:00,0.416,0.0007485526945045383,0.04792419129155382,-0.22764504277825273,0.41631151449887666,1,0.4364219067798077,1,0.3313052704210145,-1
2026-01-06 09:00:00+00:00,0.4176,0.0008895150546444809,0.06295011032985852,-0.22764504277825273,0.4179716267461085,1,0.4447330199258533,1,0.3325795214610953,-1
2026-01-06 10:00:00+00:00,0.4191,0.0010025918984317454,0.08045225352364799,-0.22764504277825273,0.41952039697271726,1,0.45421098213610334,1,0.33377413181117105,-1
2026-01-06 11:00:00+00:00,0.4223,-0.0012902863872811426,0.10034672138697076,-0.22764504277825273,0.4217554634382548,-1,0.46687552637374724,1,0.33632263389133277,-1
2026-01-06 12:00:00+00:00,0.4227,-0.0012902863872811426,0.11232749035938908,-0.22764504277825273,0.42215494765652456,-1,0.47295024748200826,1,0.33664119665135295,-1
2026-01-06 13:00:00+00:00,0.4222,-0.001208221846827906,0.10948563739716616,-0.22764504277825273,0.42169019677598324,-1,0.47105024839260157,1,0.3362429932013277,-1
2026-01-06 14:00:00+00:00,0.4272,-0.0012902863872811426,0.10428949087326013,-0.22764504277825273,0.42664914511205887,-1,0.4741585590487559,1,0.3402250277015803,-1
2026-01-06 15:00:00+00:00,0.4202,-0.0012902863872811426,0.09066480887258209,-0.22764504277825273,0.4196581712923388,-1,0.46007779616594097,1,0.33465017940122666,-1
2026-01-06 16:00:00+00:00,0.41,0.0009181364133986012,0.027144135027305547,-0.22764504277825273,0.4103766087921603,1,0.42128151618003684,1,0.3265268290207114,-1
2026-01-06 17:00:00+00:00,0.4023,0.0009181364133986012,0.05358704879478396,-0.22764504277825273,0.40266953589533194,1,0.4244461437052901,1,0.32039449589032243,-1
2026-01-06 18:00:00+00:00,0.408,0.0009181364133986012,0.05358704879478396,-0.22764504277825273,0.408374771676101,1,0.4304599220277364,1,0.32493401522061033,-1
2026-01-06 19:00:00+00:00,0.4075,0.0009181364133986012,0.027144135027305547,-0.22764504277825273,0.40787431239708616,1,0.41871272644723173,1,0.3245358117705851,-1
2026-01-06 20:00:00+00:00,0.4123,-0.0006882199088004547,0.041966221184299074,-0.22764504277825273,0.4120163445514611,-1,0.4299708694368813,1,0.3283585648908276,-1
2026-01-06 21:00:00+00:00,0.4176,0.000270834650512773,0.10716932494372151,-0.22764504277825273,0.41771311586721094,1,0.46484004702204423,1,0.3325795214610953,-1
2026-01-06 22:00:00+00:00,0.4176,-0.0009429777052189666,0.07734385001540735,-0.22764504277825273,0.4172063981183663,-1,0.45118068291719415,1,0.3325795214610953,-1
2026-01-06 23:00:00+00:00,0.4194,0.0009352696912743169,0.1082684845656766,-0.22764504277825273,0.4197924355964738,1,0.46735708573629653,1,0.33401305388118624,-1
2026-01-07 00:00:00+00:00,0.4128,0.0005614256893690184,0.10732970038264257,-0.1648061291949896,0.4130318215937815,1,0.45957075592768243,1,0.35007838444712264,-1
2026-01-07 01:00:00+00:00,0.4101,0.0009028534440432691,0.13275618097043906,-0.1648061291949896,0.41047042739306333,1,0.46832252445058226,1,0.34778862757210516,-1
2026-01-07 02:00:00+00:00,0.414,-0.00014837500557906164,0.11339339249270115,-0.1648061291949896,0.4139385773045993,-1,0.46371000439860405,1,0.35109605416935263,-1
2026-01-07 03:00:00+00:00,0.4121,0.0009873089290764134,0.10732970038264257,-0.1648061291949896,0.41250707092898686,1,0.45879144505280506,1,0.34948474377582184,-1
2026-01-07 04:00:00+00:00,0.4119,0.0009028534440432691,0.10732970038264257,-0.1648061291949896,0.41227205326311334,1,0.4585687848028401,1,0.3493151321554501,-1
2026-01-07 05:00:00+00:00,0.4103,0.0009873089290764134,0.13644541506075025,-0.1648061291949896,0.41070529289532465,1,0.4702827052978784,1,0.3479582391924768,-1
2026-01-07 06:00:00+00:00,0.4112,-0.0001090672363930213,0.10732970038264257,-0.1648061291949896,0.4111551539980544,-1,0.4577894739279627,1,0.3487214914841493,-1
2026-01-07 07:00:00+00:00,0.4188,0.0009028534440432691,0.1442494189420168,-0.1648061291949896,0.41917828576497174,1,0.4837861150243359,1,0.3551667330582727,-1
2026-01-07 08:00:00+00:00,0.4212,0.0009028534440432691,0.17657522653268126,-0.1648061291949896,0.42158045359170515,1,0.5025439037646227,1,0.3572020725027327,-1
2026-01-07 09:00:00+00:00,0.4104,0.0006487490866808483,0.13275618097043906,-0.1648061291949896,0.41066633300748034,1,0.46866511590958043,1,0.34804304500266264,-1
2026-01-07 10:00:00+00:00,0.4131,-0.0012443899475509175,0.10732970038264257,-0.1648061291949896,0.4125862622240226,-1,0.4599047463026299,1,0.3503328018776802,-1
2026-01-07 11:00:00+00:00,0.415,-0.0012443899475509175,0.11570367667488386,-0.1648061291949896,0.41448389935359325,-1,0.4659052078978981,1,0.351944112271211,-1
2026-01-07 12:00:00+00:00,0.4116,-0.0012443899475509175,0.10732970038264257,-0.1648061291949896,0.4110881276480458,-1,0.45823479442789267,1,0.34906071472489264,-1
2026-01-07 13:00:00+00:00,0.41,0.0004130287206472362,0.13275618097043906,-0.1648061291949896,0.410169376751789,1,0.46820832729758277,1,0.3477038217619193,-1
2026-01-07 14:00:00+00:00,0.4077,0.0004130287206472362,0.13275618097043906,-0.1648061291949896,0.40786842658952294,1,0.4655817927785964,1,0.3457532881276451,-1
2026-01-07 15:00:00+00:00,0.4029,0.0008937163588738636,0.13275618097043906,-0.1648061291949896,0.4032602392728781,1,0.46010032943462464,1,0.34168260923872507,-1
2026-01-07 16:00:00+00:00,0.404,0.0009108721981657026,0.13275618097043906,-0.1648061291949896,0.40436816001596565,1,0.46135649811761825,1,0.3426154731507693,-1
2026-01-07 17:00:00+00:00,0.4038,0.0009108721981657026,0.13275618097043906,-0.1648061291949896,0.40416797775853197,1,0.4611281038116194,1,0.3424458615303976,-1
2026-01-07 18:00:00+00:00,0.4036,0.0009108721981657026,0.13275618097043906,-0.1648061291949896,0.40396779550109835,1,0.4608997095056206,1,0.3422762499100259,-1
2026-01-07 19:00:00+00:00,0.403,-0.0012443899475509175,0.13275618097043906,-0.1648061291949896,0.4024988227457786,-1,0.46021452658762413,1,0.34176741504891095,-1
2026-01-07 20:00:00+00:00,0.401,0.00032995577679408294,0.13275618097043906,-0.1648061291949896,0.40113233409749377,1,0.45793058352763594,1,0.34007129884519427,-1
2026-01-07 21:00:00+00:00,0.4012,0.0009028534440432691,0.13275618097043906,-0.1648061291949896,0.4015623883689271,1,0.4581589778336347,1,0.3402409104655659,-1
2026-01-07 22:00:00+00:00,0.4004,0.0006689023357041744,0.13212612460676063,-0.1648061291949896,0.40066791809074465,1,0.45695740097275195,1,0.3395624639840792,-1
2026-01-07 23:00:00+00:00,0.4022,0.0009028534440432691,0.13275618097043906,-0.1648061291949896,0.402563291630066,1,0.4593009493636288,1,0.34108896856742427,-1
2026-01-08 00:00:00+00:00,0.403,-0.003661902399034078,0.05809781992048367,-0.18663235638163225,0.40152695205815825,-1,0.42710692079290563,1,0.3343887390537571,-1
2026-01-08 01:00:00+00:00,0.4038,-0.001396206058936936,0.06420093296855221,-0.17116738282297092,0.40323660539240663,-1,0.4305746185647471,1,0.34027439051277003,-1
2026-01-08 02:00:00+00:00,0.4004,-0.0010386268023353552,0.06420093296855221,-0.1842460287660237,0.3999843497184714,-1,0.4269491760112054,1,0.3330251520051382,-1
2026-01-08 03:00:00+00:00,0.3978,-0.00018600873414511965,0.06914341367261018,-0.1842460287660237,0.3977260126069211,-1,0.4262784537742949,1,0.33086265101809187,-1
2026-01-08 04:00:00+00:00,0.4006,-0.001071966864189092,0.035051683595997786,-0.18663235638163225,0.40017080015930945,-1,0.414890697834222,1,0.3323973420966131,-1
2026-01-08 05:00:00+00:00,0.3987,-0.000752242756979586,0.040872881220392884,-0.15179638755928568,0.39840019359052986,-1,0.41533363442037685,1,0.34254836754045587,-1
2026-01-08 06:00:00+00:00,0.3915,-0.0006800057673439837,-0.018860145038106766,-0.17116738282297092,0.3912338682379065,-1,0.38418544680203576,-1,0.32990942022226216,-1
2026-01-08 07:00:00+00:00,0.3953,-0.0011452106128958864,0.08438515540507326,-0.20628205881106315,0.39484755736522426,-1,0.43010532721633266,1,0.32161748721388594,-1
2026-01-08 08:00:00+00:00,0.3926,-0.0016291761297880045,0.08590339667733396,-0.17694057763252388,0.3919609061909921,-1,0.4278166339879586,1,0.3289318887345737,-1
2026-01-08 09:00:00+00:00,0.3899,-0.000752242756979586,-0.1312530579584495,-0.15361437104220768,0.3896068108375912,-1,0.3419406684780137,-1,0.3343792824670478,-1
2026-01-08 10:00:00+00:00,0.3922,-0.0037439669394873152,-0.06449769554424281,-0.17116738282297092,0.3907343615293455,-1,0.36770251136676885,-1,0.33049929658025856,-1
2026-01-08 11:00:00+00:00,0.3905,-0.0004755392371591196,-0.11293891975294802,-0.1842460287660237,0.3903143460742511,-1,0.3487966367094138,-1,0.3247910136313848,-1
2026-01-08 12:00:00+00:00,0.3886,-0.000752242756979586,-0.006219562712455012,-0.20628205881106315,0.3883077883854525,-1,0.3861905784710481,-1,0.31616634336280314,-1
2026-01-08 13:00:00+00:00,0.3891,-0.000752242756979586,-0.021872701509406168,-0.15430380825600584,0.3888074124055058,-1,0.3806817325840555,-1,0.33346321910572396,-1
2026-01-08 14:00:00+00:00,0.3887,-0.0006151016188483346,-0.05400564173149268,-0.17616987851663765,0.3884609835180021,-1,0.3682647821403692,-1,0.32591543938871204,-1
2026-01-08 15:00:00+00:00,0.3954,-0.003734286467493608,0.03819361554708336,-0.20628205881106315,0.39392621660808713,-1,0.41079385785847206,1,0.32169884756987227,-1
2026-01-08 16:00:00+00:00,0.3951,-0.0022774980800596514,0.0681677338424064,-0.20628205881106315,0.39420118442245733,-1,0.4229722741949918,1,0.32145476650191335,-1
2026-01-08 17:00:00+00:00,0.3971,-0.0037439669394873152,0.0681677338424064,-0.16958714789302387,0.3956160503908799,-1,0.42511336391503735,1,0.3351576406491814,-1
2026-01-08 18:00:00+00:00,0.3946,-0.0019254389424117804,0.06230200027350219,-0.17026031346477918,0.39384095277736736,-1,0.41996635203344534,1,0.3328234869163398,-1
2026-01-08 19:00:00+00:00,0.3932,-0.0003160765314346495,0.07325231529724066,-0.20628205881106315,0.39307573834697057,-1,0.42308398420982785,1,0.3199089197381734,-1
2026-01-08 20:00:00+00:00,0.3929,-0.00030515278294282607,0.0650905640847209,-0.1842460287660237,0.39278012376279575,-1,0.4193247547235935,1,0.3267871683886584,-1
2026-01-08 21:00:00+00:00,0.3977,-0.0013156858622733543,0.06914341367261018,-0.17694057763252388,0.3971770957968378,-1,0.426171294786418,1,0.3332048195357615,-1
2026-01-08 22:00:00+00:00,0.3967,-0.0023552880317498884,0.058269273208639234,-0.15936922933000308,0.3957667566976166,-1,0.4205021535188591,1,0.33825873749574586,-1
2026-01-08 23:00:00+00:00,0.3956,-0.0008797863104443178,0.06876150515186916,-0.20628205881106315,0.39525210959263685,-1,0.42375908792714384,1,0.3218615682818449,-1
2026-01-09 00:00:00+00:00,0.3977,-4.2705874071195284e-05,0.08036208807717145,-0.23366378052681602,0.3976830162365377,-1,0.4309792910281616,1,0.3148304285097115,-1
2026-01-09 01:00:00+00:00,0.3958,-0.00014202986004300896,0.07983697794112553,-0.23341242639959417,0.39574378857333997,-1,0.42869512892635003,1,0.31340510120535,-1
2026-01-09 02:00:00+00:00,0.3954,-0.00035855723325181724,0.08036208807717145,-0.23251323480107855,0.395258251883897,-1,0.4284868284448959,1,0.31337002347434634,-1
2026-01-09 03:00:00+00:00,0.3985,-0.0026786297097615803,0.08036208807717145,-0.23366378052681602,0.3974339944151627,-1,0.4318462345353845,1,0.3154637308552176,-1
2026-01-09 04:00:00+00:00,0.3963,-2.3662449279882247e-05,0.07152550686216434,-0.23366378052681602,0.3962906226822959,-1,0.4256838808445312,1,0.31372214940507587,-1
2026-01-09 05:00:00+00:00,0.3968,-0.002756777260900021,0.04871047666368248,-0.2251922181699127,0.39570761720272873,-1,0.4166068003204219,1,0.31679033689218544,-1
2026-01-09 06:00:00+00:00,0.3996,-0.0026786297097615803,0.07468672832265619,-0.2342244413993031,0.3985310518652422,-1,0.4305875946645193,1,0.31615721490052495,-1
2026-01-09 07:00:00+00:00,0.3971,-0.002707819530118395,0.04797085251983256,-0.23251323480107855,0.39602617937694745,-1,0.41661352381795025,1,0.3147173402166488,-1
2026-01-09 08:00:00+00:00,0.3919,-0.0002055511271749505,0.08045684640256268,-0.23341242639959417,0.3918194527918285,-1,0.4247341957951122,1,0.31031697615557524,-1
2026-01-09 09:00:00+00:00,0.3917,-0.00017513666971461967,0.04797085251983256,-0.23251323480107855,0.3916314049734004,-1,0.41094816741246815,1,0.3104376282116881,-1
2026-01-09 10:00:00+00:00,0.3916,-0.00021442439246011386,0.029625927138315813,-0.22823365800397058,0.3915160404097264,-1,0.40337507560157626,1,0.31168942291397644,-1
2026-01-09 11:00:00+00:00,0.3918,-0.0019222097597422808,0.07089545049848585,-0.23251323480107855,0.39104760158159363,-1,0.4205851500287389,1,0.31051688213770584,-1
2026-01-09 12:00:00+00:00,0.3915,-0.001810673197509342,0.07916588177189729,-0.23366378052681602,0.39079176282970446,-1,0.4237532792054933,1,0.3099223353320394,-1
2026-01-09 13:00:00+00:00,0.3957,-3.726023240532316e-05,0.07683472918640791,-0.23366378052681602,0.3956852564007139,-1,0.427302023239442,1,0.3132471726459463,-1
2026-01-09 14:00:00+00:00,0.3903,-0.0006919152531075943,0.08062039401820134,-0.23564080832033746,0.39003003888258975,-1,0.42306933079517,1,0.3083621382605051,-1
2026-01-09 15:00:00+00:00,0.3971,-0.0009657115376079861,0.07572536578342931,-0.23341242639959417,0.3967167010563107,-1,0.4283383856659169,1,0.3144344762219416,-1
2026-01-09 16:00:00+00:00,0.4018,-6.516273288018824e-05,0.03662905886503801,-0.23366378052681602,0.40177381846696814,-1,0.41679042238228214,1,0.31807610303043016,-1
2026-01-09 17:00:00+00:00,0.3963,-7.428735429623561e-06,0.059967117712017626,-0.23341242639959417,0.39629705600308435,-1,0.420791986565151,1,0.3138010146732698,-1
2026-01-09 18:00:00+00:00,0.393,-0.0026786297097615803,0.012457654152409478,-0.23487010920445123,0.3919487071647652,-1,0.397926480564591,1,0.310734702860667,-1
2026-01-09 19:00:00+00:00,0.3902,-0.0007853897849183073,-0.03709939391789167,-0.21079641240375588,0.38989366121934615,-1,0.375989055130639,-1,0.3160381758004902,-1
2026-01-09 20:00:00+00:00,0.3912,-0.00019025596811109868,-0.03838084932372088,-0.23341242639959417,0.39112557894502437,-1,0.37646989686478327,-1,0.3097626973004874,-1
2026-01-09 21:00:00+00:00,0.3926,-0.002756777260900021,0.07287240454519894,-0.23341242639959417,0.3915191797222563,-1,0.42227792461125413,1,0.310871255010663,-1
2026-01-09 22:00:00+00:00,0.3932,-0.0014766744840437624,0.05426346092214191,-0.23487010920445123,0.3926198000815121,-1,0.415125900613935,1,0.310892837569502,-1
2026-01-09 23:00:00+00:00,0.3914,-0.0026786297097615803,0.06427748115830141,-0.22815587567500722,0.3903529872373769,-1,0.41738436510540555,1,0.311554467751483,-1
2026-01-10 00:00:00+00:00,0.3897,-0.00037929096292436417,0.015835282187817316,-0.24142687290311313,0.3895522183396442,-1,0.39592012823409434,1,0.3061117830841298,-1
2026-01-10 01:00:00+00:00,0.3902,0.0006497607723423774,0.02645729096542337,-0.24142687290311313,0.3904536190402968,1,0.40066141505385855,1,0.3065045362058697,-1
2026-01-10 02:00:00+00:00,0.3896,-0.00029196029564791003,0.0300186040027181,-0.22840615074170356,0.3894862688721103,-1,0.40147255535532506,1,0.3100440614307295,-1
2026-01-10 03:00:00+00:00,0.3892,-0.00130206919447142,0.03638880782166538,-0.22200897694253557,0.38869356444812747,-1,0.40362335686819967,1,0.3117134615526576,-1
2026-01-10 04:00:00+00:00,0.3878,0.00046025738937726795,0.02565647458888695,-0.24142687290311313,0.3879785288970709,1,0.39787831502681786,1,0.30461932122151786,-1
2026-01-10 05:00:00+00:00,0.3875,0.0004511455695883513,0.02840347740690468,-0.23115765185934503,0.3876748583485343,1,0.3986641472439527,1,0.30752555729091585,-1
2026-01-10 06:00:00+00:00,0.3861,-0.000618172761405276,0.0356164093168321,-0.2374871957866012,0.38586139725327906,-1,0.4000993185197861,1,0.3044811582245601,-1
2026-01-10 07:00:00+00:00,0.3881,-0.0005527458594378119,0.026155500438834103,-0.19842015321248607,0.38788553860873554,-1,0.39838486630777825,1,0.3182517973935119,-1
2026-01-10 08:00:00+00:00,0.3883,-0.0003807596377553751,0.042750718464021925,-0.22840615074170356,0.3881521791765471,-1,0.40526004813048805,1,0.3090095201579883,-1
2026-01-10 09:00:00+00:00,0.3905,-0.0009911185535467135,-0.06184930597917804,-0.24117551877589127,0.3901131599386876,-1,0.36707957982202677,-1,0.3068172981817375,-1
2026-01-10 10:00:00+00:00,0.3912,-0.001483957872366488,-0.01958285856800225,-0.22840615074170356,0.3906199062041613,-1,0.38361370879833473,-1,0.3113173429971801,-1
2026-01-10 11:00:00+00:00,0.3912,-0.001047055073198751,-0.00699662978853761,-0.22746105980460962,0.3907906064215786,-1,0.38847247130765095,-1,0.31161170527425675,-1
2026-01-10 12:00:00+00:00,0.3924,-0.000957165996779439,-0.03138679800767636,-0.23115765185934503,0.39202458775744214,-1,0.38027509677457144,-1,0.31141426756375584,-1
2026-01-10 13:00:00+00:00,0.3905,0.0003763269328378477,-0.01585012112286313,-0.24117551877589127,0.39064698332243,1,0.3843593215082673,-1,0.3068172981817375,-1
2026-01-10 14:00:00+00:00,0.3895,0.0009699692185021317,-0.06210514491193356,-0.22203570276953521,0.38987798629850845,1,0.366045894518314,-1,0.311945396894918,-1
2026-01-10 15:00:00+00:00,0.3897,-0.0005065489447600329,-0.023995631646955996,-0.23385357754244193,0.38950264786470484,-1,0.3804602030735134,-1,0.30843885872397814,-1
2026-01-10 16:00:00+00:00,0.3902,0.00043949804110887474,0.017215103500565505,-0.18066204484003867,0.39037152982639095,1,0.39697548640479996,1,0.3257067326360368,-1
2026-01-10 17:00:00+00:00,0.3893,-0.000541864484796221,-0.027477851064965156,-0.23385357754244193,0.38908910929831964,-1,0.37874850270113886,-1,0.3081222676449697,-1
2026-01-10 18:00:00+00:00,0.3895,0.0003633268937363753,0.01807307868712729,-0.23385357754244193,0.3896415415364767,1,0.3966034615050981,1,0.30828056318447394,-1
2026-01-10 19:00:00+00:00,0.3913,-0.0005149439520419758,-0.07248433045417117,-0.18962194694107987,0.3910985543026391,-1,0.3639404294047247,-1,0.32371146609182866,-1
2026-01-10 20:00:00+00:00,0.3904,0.0006818993672336154,-0.040914968086978684,-0.19336699892227244,0.3906663042990155,1,0.3747491566145511,-1,0.3217596555858102,-1
2026-01-10 21:00:00+00:00,0.3889,0.0005556712650528689,-0.017289468165919517,-0.24117551877589127,0.38911616060653587,1,0.38223391838762555,-1,0.3055601722480863,-1
2026-01-10 22:00:00+00:00,0.3858,-0.00037929096292436417,-0.07074993461357817,-0.24027632717737565,0.38565369729390486,-1,0.35944787221620345,-1,0.30339718032874025,-1
2026-01-10 23:00:00+00:00,0.3886,0.00030218176091893013,0.01807307868712729,-0.22763545162581733,0.3887174455763549,1,0.39568704785848813,1,0.309486689679413,-1
2026-01-11 00:00:00+00:00,0.3892,-0.0006879857328531322,-0.015972171895357483,-0.1592655732506079,0.38893232804057615,-1,0.383033011899944,-1,0.331898027967349,-1
2026-01-11 01:00:00+00:00,0.3903,-0.00047394068712633994,0.04560777410660539,-0.17471060109145536,0.39011506477743946,-1,0.40851288183929513,1,0.3277349076079167,-1
2026-01-11 02:00:00+00:00,0.3902,-0.0015661627048914122,-0.02194464599033633,-0.16897910372411654,0.38958936161690005,-1,0.3817304694442637,-1,0.3295342600680962,-1
2026-01-11 03:00:00+00:00,0.3905,-0.0015510576327374913,0.010293179344375817,-0.16015583474518044,0.38989478148015355,-1,0.39454024434200935,1,0.33271029772678423,-1
2026-01-11 04:00:00+00:00,0.391,-0.0015661627048914122,-0.05032083822613689,-0.14651872904156513,0.3903881096673704,-1,0.3718113945328472,-1,0.33771043629086295,-1
2026-01-11 05:00:00+00:00,0.3915,-0.00047394068712633994,0.019203602930722655,-0.16897910372411654,0.3913144961833655,-1,0.39909086323166826,1,0.3306321445839561,-1
2026-01-11 06:00:00+00:00,0.3906,5.9506581440883954e-05,-0.011538588847141627,-0.16139559769000275,0.3906232439622883,1,0.38611892952819643,-1,0.33238316694940956,-1
2026-01-11 07:00:00+00:00,0.3914,-0.0003066314336340734,-0.004858066474278688,-0.16062489857411652,0.39128000285526415,-1,0.38950316399025114,-1,0.33332072226317533,-1
2026-01-11 08:00:00+00:00,0.3917,-0.0005704917815278999,-0.010100191446057586,-0.13363690562302838,0.3914766020985678,-1,0.38776366733067663,-1,0.3427013386464546,-1
2026-01-11 09:00:00+00:00,0.3914,-3.7502236612242977e-05,0.004336708665793571,-0.1466287534381256,0.3913853218998225,-1,0.39310107363616836,1,0.3380187277606118,-1
2026-01-11 10:00:00+00:00,0.3911,0.00034364880538173266,0.04837816203073556,-0.17471060109145536,0.3912344241438101,1,0.41048584411042055,1,0.3284066676030136,-1
2026-01-11 11:00:00+00:00,0.3919,-0.0010164438483856461,-0.025838311878540045,-0.1592655732506079,0.3915018580345721,-1,0.3819036659121949,-1,0.3342005065786333,-1
2026-01-11 12:00:00+00:00,0.3959,-0.00046324311203804026,0.01663006789370949,-0.15157188333177876,0.3957166445243036,-1,0.4025388935007533,1,0.34021908263164413,-1
2026-01-11 13:00:00+00:00,0.3937,-0.000607395817638311,-0.01150271648204107,-0.13381377495933136,0.3934609408757016,-1,0.38919732665501905,-1,0.3443902365488241,-1
2026-01-11 14:00:00+00:00,0.3954,-0.000656948024069189,-0.02832838741473578,-0.15338986681470076,0.3951403280561073,-1,0.38435612179361633,-1,0.33917223422584836,-1
2026-01-11 15:00:00+00:00,0.3906,0.0001246659539986916,-0.03045522771716515,-0.1570386379663493,0.3906486975570325,1,0.37888350786528685,-1,0.33383450643856905,-1
2026-01-11 16:00:00+00:00,0.3937,-0.0018669563931344923,-0.015625768467258397,-0.15157188333177876,0.3929656649670605,-1,0.3875959493941183,-1,0.3383284991969646,-1
2026-01-11 17:00:00+00:00,0.395,-0.00035610676949026466,-0.08754406877170041,-0.13237656045209722,0.39485936286845486,-1,0.3618905058806014,-1,0.34602436942754183,-1
2026-01-11 18:00:00+00:00,0.3945,-0.0007637418684479925,-0.021673348174496565,-0.13381377495933136,0.3941988188598606,-1,0.386041853410476,-1,0.34509003890909606,-1
2026-01-11 19:00:00+00:00,0.3925,-0.0019126666897625571,-0.013701744119226193,-0.14651872904156513,0.3917499958069315,-1,0.3871587412761069,-1,0.33900600062445957,-1
2026-01-11 20:00:00+00:00,0.3896,5.924440571710456e-05,-0.04067788760787433,-0.13828383927582527,0.38962308230420933,1,0.3740699021746857,-1,0.3392837345861936,-1
2026-01-11 21:00:00+00:00,0.3919,-0.00031232373766575046,-0.017102994291115475,-0.13237656045209722,0.39177761943938066,-1,0.3852543289684846,-1,0.34330873513583204,-1
2026-01-11 22:00:00+00:00,0.3878,-0.00037750381113820994,-0.02200983811951582,-0.1601674163843321,0.38765363165108363,-1,0.3793578309668201,-1,0.3304060413456839,-1
2026-01-11 23:00:00+00:00,0.391,-0.00043669542065954064,-0.027618958874406914,-0.14651872904156513,0.39082928936751077,-1,0.3803487523276366,-1,0.33771043629086295,-1
2026-01-12 00:00:00+00:00,0.3915,-0.0011459957802914457,0.010726283960076178,-0.17142022104803611,0.39105159963355374,-1,0.3957219425688871,1,0.3298260170542197,-1
2026-01-12 01:00:00+00:00,0.3946,-0.0004986068015810189,0.007977885490238095,-0.1588121608106555,0.39440329879844976,-1,0.39776066456062353,1,0.336655594424332,-1
2026-01-12 02:00:00+00:00,0.4018,0.0006110743950683625,-0.004595422111078068,-0.18203641080236432,0.4020456047256754,1,0.39995779549139193,-1,0.334928823329832,-1
2026-01-12 03:00:00+00:00,0.3974,0.0007162351615349221,0.027875194945414794,-0.18021842731944232,0.39768473380920466,1,0.40863344228737297,1,0.33186388595853844,-1
2026-01-12 04:00:00+00:00,0.4006,0.0006666438716643982,-0.13329186581795993,-0.17142022104803611,0.4008671465709073,1,0.3506089701900247,-1,0.3374924710904736,-1
2026-01-12 05:00:00+00:00,0.3986,0.0008379091207859376,0.007056344426413601,-0.16102310443976078,0.39893413054151017,1,0.40142260581585487,1,0.33931717971940484,-1
2026-01-12 06:00:00+00:00,0.3949,0.001250529452698958,-0.06298374106811254,-0.17142022104803611,0.3953941429866541,1,0.37079480643833074,-1,0.3326904064743585,-1
2026-01-12 07:00:00+00:00,0.3904,0.0006666438716643982,-0.011819950269740366,-0.18021842731944232,0.39066034453640086,1,0.38581265591268177,-1,0.32601827146002377,-1
2026-01-12 08:00:00+00:00,0.3881,0.0007162351615349221,-0.01611424032950459,-0.18021842731944232,0.38837807043621625,1,0.38189618247560325,-1,0.3240975695533689,-1
2026-01-12 09:00:00+00:00,0.3867,0.0008379091207859376,-0.009509392177596112,-0.17142022104803611,0.38702415524436024,1,0.38304014711268686,-1,0.3257821731669649,-1
2026-01-12 10:00:00+00:00,0.3854,0.000676324343658105,0.00897041338632867,-0.16228344961069194,0.38566074356571733,1,0.38887275003362115,1,0.32766714993948254,-1
2026-01-12 11:00:00+00:00,0.3874,-0.0013798067707053872,-0.012699763071763742,-0.17516527302922869,0.3868658314664572,-1,0.38251122066228826,-1,0.3251519065643984,-1
2026-01-12 12:00:00+00:00,0.3863,-0.0013798067707053872,0.09088783299811387,-0.1960305728706664,0.38576734820725966,-1,0.4230549612632881,1,0.3175336181935413,-1
2026-01-12 13:00:00+00:00,0.3825,0.001347757263619654,0.06047803504757874,-0.18021842731944232,0.38301586470544957,1,0.4063466805871201,1,0.31942107795455704,-1
2026-01-12 14:00:00+00:00,0.3892,-0.00037929096292436417,-0.007998081695869796,-0.18272584801616248,0.3890524079491648,-1,0.38609956191025785,-1,0.324202234716393,-1
2026-01-12 15:00:00+00:00,0.3945,7.261907234776076e-05,-0.016197265642467068,-0.17142022104803611,0.3945286492642701,1,0.3881616492517831,-1,0.33235341948375396,-1
2026-01-12 16:00:00+00:00,0.3976,0.0009750502589171893,-0.0025892200349934506,-0.19544436654897065,0.3979878690481237,1,0.3965718577317604,-1,0.3270137137964938,-1
2026-01-12 17:00:00+00:00,0.3934,-0.0010521751788728827,0.0002178698596346883,-0.17142022104803611,0.392986291969459,-1,0.3934857193402716,1,0.3314267052595914,-1
2026-01-12 18:00:00+00:00,0.3936,0.0004294936553593824,-0.03858597208933158,-0.182586559308176,0.39376908501061997,1,0.3787018397976204,-1,0.32791309069143665,-1
2026-01-12 19:00:00+00:00,0.3934,-0.0003060392835994772,0.0061253971836017366,-0.19516700400673068,0.39327962256688326,-1,0.39581712662469526,1,0.32364909926929225,-1
2026-01-12 20:00:00+00:00,0.3894,0.00047174155210639085,-0.013006894748299453,-0.19570710399963326,0.3895837394957603,1,0.38436791204775606,-1,0.3201853314539453,-1
2026-01-12 21:00:00+00:00,0.3855,0.0006921039535439704,0.06638049744616753,-0.19591791784335993,0.3857668984241646,1,0.41195811866205184,1,0.31691172819899194,-1
2026-01-12 22:00:00+00:00,0.3873,0.0006349141211845516,-0.00020475934282626892,-0.18272584801616248,0.3875459803190606,1,0.38722070482501436,-1,0.32261954138144655,-1
2026-01-12 23:00:00+00:00,0.3862,-0.000516060360801501,0.06547246895458135,-0.19544436654897065,0.3860007489058762,-1,0.4123315830746652,1,0.31763756606691623,-1
2026-01-13 00:00:00+00:00,0.3868,-0.0012661435018843257,-0.00995298542686199,-0.20769217144523494,0.38631056560594507,-1,0.38296928040817624,-1,0.31425840462290866,-1
2026-01-13 01:00:00+00:00,0.3861,-0.002469458306784557,-0.015270360510268017,-0.20811689208731768,0.3851477184414885,-1,0.380248901695289,-1,0.3135564824604891,-1
2026-01-13 02:00:00+00:00,0.386,-0.002469458306784557,-0.0005173264910455033,-0.20865699208022026,0.3850479650826588,-1,0.3858003636175034,-1,0.3133060089719355,-1
2026-01-13 03:00:00+00:00,0.3868,-0.0013831112824604025,0.052851626228446455,-0.20707675715027327,0.38626538235901664,-1,0.407792876476115,1,0.314451863259925,-1
2026-01-13 04:00:00+00:00,0.3891,-0.0005634488114013939,0.003750386139038842,-0.2072231076162988,0.3888808238205612,-1,0.3905620150936197,1,0.31627537449306026,-1
2026-01-13 05:00:00+00:00,0.3918,-0.0025476058579229975,0.0321740816248381,-0.20865699208022026,0.3908031183947457,-1,0.4046107877515138,1,0.31801371584249827,-1
2026-01-13 06:00:00+00:00,0.3923,-0.0025476058579229975,0.08760091298057665,-0.18811516110981572,0.3913018462130136,-1,0.4282160107146613,1,0.3250281168933605,-1
2026-01-13 07:00:00+00:00,0.39,-0.0007891331122158231,0.003927896962074521,-0.19567573609674951,0.38969235948685843,-1,0.39153489229118565,1,0.320688742449928,-1
2026-01-13 08:00:00+00:00,0.3933,5.201011509822738e-05,-0.0260218760558385,-0.20865699208022026,0.3933204561102258,1,0.3831976077991632,-1,0.31923122624005756,-1
2026-01-13 09:00:00+00:00,0.3929,4.5604410697465415e-05,-0.01020902226499621,-0.20637115640961148,0.39291791838153856,1,0.3889092804849882,-1,0.31963635856952183,-1
2026-01-13 10:00:00+00:00,0.3915,-0.002469458306784557,0.02362784231057759,-0.18437010912862314,0.3905343998182926,-1,0.4008604483926239,1,0.3255823438985357,-1
2026-01-13 11:00:00+00:00,0.3923,-0.0013831112824604025,0.012919170629467654,-0.20865699208022026,0.3917577805052798,-1,0.39740107048865414,1,0.3184195526416847,-1
2026-01-13 12:00:00+00:00,0.3931,4.5604410697465415e-05,0.02808273074396247,-0.2089804609512534,0.39311792750262864,1,0.4042957898539997,1,0.3189656993568872,-1
2026-01-13 13:00:00+00:00,0.394,-1.117431519913626e-05,-0.020486489378877152,-0.21143365920368806,0.3939955973444099,-1,0.3860104416165558,-1,0.3189126529523569,-1
2026-01-13 14:00:00+00:00,0.3984,9.720467186393675e-05,0.0017126157822760432,-0.2089804609512534,0.3984387282235222,1,0.39908289072546294,1,0.32326617813224073,-1
2026-01-13 15:00:00+00:00,0.4062,-7.956791111298414e-05,0.004768656123005691,-0.20637115640961148,0.4061676808003086,-1,0.40814165397778385,1,0.33045632184000956,-1
2026-01-13 16:00:00+00:00,0.4093,0.0005994072672224298,-0.01789951544581292,-0.20594924349667817,0.40954541093767605,1,0.4020389072149551,-1,0.33311878563826247,-1
2026-01-13 17:00:00+00:00,0.4063,-6.650612223334313e-05,-0.018243934795270617,-0.20594924349667817,0.40627297946106217,-1,0.39895469664422734,-1,0.330677162484305,-1
2026-01-13 18:00:00+00:00,0.4063,-6.650612223334313e-05,0.008232387176154713,-0.2070465036400868,0.40627297946106217,-1,0.4096586246906613,1,0.3303145226051027,-1
2026-01-13 19:00:00+00:00,0.4103,4.950269904061283e-05,-0.03399832338665845,-0.20811689208731768,0.41032031146014825,1,0.3965849532718353,-1,0.3332095953212605,-1
2026-01-13 20:00:00+00:00,0.4087,-0.0003161502050644233,0.015687659039714565,-0.20811689208731768,0.40857080983401495,-1,0.4151621013429961,1,0.33191021595856485,-1
2026-01-13 21:00:00+00:00,0.41,0.00032697695109278627,0.010904269144232431,-0.2072231076162988,0.41013408246969196,1,0.4144952143213965,1,0.3332636945313665,-1
2026-01-13 22:00:00+00:00,0.4225,3.1928016192535936e-05,0.10059309208402453,-0.20707675715027327,0.42251348980219156,1,0.4672117303092305,1,0.34347443698893054,-1
2026-01-13 23:00:00+00:00,0.4218,0.0005425654560090074,0.10122314844770301,-0.20707675715027327,0.4220289162047414,1,0.466731626314078,1,0.3429053669158128,-1
2026-01-14 00:00:00+00:00,0.4225,-9.040759721695265e-05,-0.05735957824130581,-0.22140250417800306,0.4224618045167828,-1,0.3989475156669466,-1,0.33858898650989583,-1
2026-01-14 01:00:00+00:00,0.4212,-0.0010264295406633309,-0.03286466947015807,-0.22258180453962761,0.42076788968080864,-1,0.4075823959083574,-1,0.337149339368574,-1
2026-01-14 02:00:00+00:00,0.4216,-0.0024714328580240975,-0.027893827727166174,-0.22258180453962761,0.4205593304092665,-1,0.4100024640260736,-1,0.3374695191780408,-1
2026-01-14 03:00:00+00:00,0.4259,4.362985945792467e-05,-0.055812161013290014,-0.219857983931401,0.4259185823625131,1,0.40278076880188807,-1,0.3418412995626074,-1
2026-01-14 04:00:00+00:00,0.4237,0.0004573850219700267,-0.04559356173469307,-0.22257439543424534,0.4238938383598107,1,0.40481577857136974,-1,0.3391529759885727,-1
2026-01-14 05:00:00+00:00,0.4218,-0.000438778977334865,-0.03246630872216393,-0.22413693421868555,0.4216149636253645,-1,0.408325626119219,-1,0.3371049593121113,-1
2026-01-14 06:00:00+00:00,0.4253,-0.0009649088373894511,-0.04366873645240854,-0.21985231845205835,0.42488982219537724,-1,0.40712736223191764,-1,0.3413616538685551,-1
2026-01-14 07:00:00+00:00,0.4238,-0.0008731722039086007,-0.04081988056223818,-0.22413693421868555,0.4234301111318238,-1,0.40684886006050036,-1,0.3387033706886505,-1
2026-01-14 08:00:00+00:00,0.4206,-9.012321641851738e-05,-0.024225942936807413,-0.22149488644635532,0.42056209588322047,-1,0.4105330020123582,-1,0.3370352002985918,-1
2026-01-14 09:00:00+00:00,0.4202,4.471842609140631e-05,-0.01932476039495016,-0.21401063770465117,0.4202187911027948,1,0.41215769378166506,-1,0.33924418258791716,-1
2026-01-14 10:00:00+00:00,0.4182,9.720467186393675e-05,0.07941899725465686,-0.2222970328920053,0.4182406529695708,1,0.45276751609796057,1,0.3348433311089149,-1
2026-01-14 11:00:00+00:00,0.4139,9.720467186393675e-05,0.12073651040461005,-0.2116425057159175,0.41394023496916627,1,0.46701478147994324,1,0.33495020970706646,-1
2026-01-14 12:00:00+00:00,0.4153,-0.00020952180599683655,0.13784080384762107,-0.2198272119490688,0.41521299470904066,-1,0.47667835462823804,1,0.33334364961750584,-1
2026-01-14 13:00:00+00:00,0.4121,3.9991015929400896e-05,0.1596706627778301,-0.22429144072893545,0.4121164806272008,1,0.4834445874174269,1,0.32930178093611323,-1
2026-01-14 14:00:00+00:00,0.4196,-9.012321641851738e-05,-0.02624894390174262,-0.22257439543424534,0.4195621860023759,-1,0.408729240281846,-1,0.33587110862592656,-1
2026-01-14 15:00:00+00:00,0.4201,0.00019146380701583088,0.05878357095392821,-0.22413693421868555,0.42018044164591345,1,0.4455352414321168,1,0.335746309642053,-1
2026-01-14 16:00:00+00:00,0.4211,-0.00034601686179332874,-0.025293529362501423,-0.2221053316053092,0.42095431750525214,-1,0.41058246825545147,-1,0.3372299370798879,-1
2026-01-14 17:00:00+00:00,0.4164,-0.0008750989547802334,0.05800943726840479,-0.22541614304266563,0.41603576818791255,-1,0.44126948857271614,1,0.33236381382010005,-1
2026-01-14 18:00:00+00:00,0.4136,0.00019146380701583088,0.0766806303684051,-0.22258180453962761,0.4136791970120205,1,0.446562761434929,1,0.3310659229887042,-1
2026-01-14 19:00:00+00:00,0.4149,9.720467186393675e-05,0.014643076014845277,-0.219857983931401,0.4149403321785627,1,0.4210201115119678,1,0.33301233901978355,-1
2026-01-14 20:00:00+00:00,0.413,-0.0003456184629496539,0.11913149086202955,-0.21985231845205835,0.41285728423882345,-1,0.4652519486109824,1,0.33148921478418353,-1
2026-01-14 21:00:00+00:00,0.4142,-9.03923418989853e-05,0.12971208986158972,-0.22257439543424534,0.41416256118410205,-1,0.47156692792707205,1,0.3315486491726854,-1
2026-01-14 22:00:00+00:00,0.4124,-0.00014760599783352106,0.14858342242300127,-0.22149488644635532,0.4123391317788612,-1,0.47846218261192686,1,0.3304643761368028,-1
2026-01-14 23:00:00+00:00,0.4143,3.9991015929400896e-05,0.05618188334434498,-0.22149488644635532,0.4143165686091951,1,0.43824242212101716,1,0.3319868841742905,-1
2026-01-15 00:00:00+00:00,0.4118,-0.001772237608897295,-0.01620162351761852,-0.18073424772808874,0.411070838866895,-1,0.4051819279568862,-1,0.34371181076939805,-1
2026-01-15 01:00:00+00:00,0.4084,-0.002536452994392906,0.0997831921825108,-0.16368820324758634,0.40736542522689995,-1,0.45125395695005005,1,0.3467343355231212,-1
2026-01-15 02:00:00+00:00,0.4055,1.6030746348792577e-05,0.10565545581133602,-0.16952551987615436,0.4055065005197484,1,0.4506884620790476,1,0.34226844418202546,-1
2026-01-15 03:00:00+00:00,0.4002,3.908273627109601e-05,0.0025353282542592784,-0.18073424772808874,0.4002156412167045,1,0.4012159256757014,1,0.33402978793082344,-1
2026-01-15 04:00:00+00:00,0.4026,3.3560130083713573e-05,0.11908941200406098,-0.1649920880114237,0.4026135115350949,1,0.4535170771608672,1,0.34136470612876557,-1
2026-01-15 05:00:00+00:00,0.4024,-9.402461195971e-05,-0.0671321305909046,-0.1699945837050905,0.40236216627482596,-1,0.376272828582014,-1,0.33949256098523495,-1
2026-01-15 06:00:00+00:00,0.4011,-0.00013282513973429577,-0.028875004088943675,-0.16583075433093816,0.40104672737450286,-1,0.38968384974129844,-1,0.3398077506570121,-1
2026-01-15 07:00:00+00:00,0.4045,-0.0003365210010772698,0.12363341988155478,-0.1699945837050905,0.4043639001565765,-1,0.4577325933918282,1,0.341264266696142,-1
2026-01-15 08:00:00+00:00,0.4036,-0.0026401941211495338,0.0758015749340974,-0.16197646541180907,0.4025358230876827,-1,0.43538289547852665,1,0.3432461482141271,-1
2026-01-15 09:00:00+00:00,0.4049,-0.0010320280360814813,0.07609991701041072,-0.16953710151530602,0.40448234739985645,-1,0.43691559939589675,1,0.3417580469124686,-1
2026-01-15 10:00:00+00:00,0.4052,-0.0026401941211495338,0.08595684756269495,-0.16368820324758634,0.40413160434868445,-1,0.44157046897612257,1,0.34401751408905173,-1
2026-01-15 11:00:00+00:00,0.4048,-0.0026401941211495338,0.10782170793221779,-0.16952551987615436,0.40373265903343397,-1,0.45088613074503325,1,0.3416775985323894,-1
2026-01-15 12:00:00+00:00,0.4077,-0.002705470776820934,0.05396346849529414,-0.1356774222474381,0.406598470314371,-1,0.4303053523094876,1,0.3559727516372159,-1
2026-01-15 13:00:00+00:00,0.4085,-0.0005351340925273616,0.09072321255994721,-0.1699945837050905,0.408281456203536,-1,0.44729356627147393,1,0.34463894424072683,-1
2026-01-15 14:00:00+00:00,0.403,-0.0008566202596878969,-0.023029190975413467,-0.1432379972343719,0.40265492985348605,-1,0.39382528464863586,-1,0.3492187667730706,-1
2026-01-15 15:00:00+00:00,0.3997,-0.002718341672287974,0.02987404689644789,-0.18073424772808874,0.3986149542642577,-1,0.4118208038461313,1,0.33361245936019523,-1
2026-01-15 16:00:00+00:00,0.3993,-2.4863075412708856e-05,-0.04459717806753677,-0.16178449944660617,0.3992900722974048,-1,0.3818835946044032,-1,0.3396543607893371,-1
2026-01-15 17:00:00+00:00,0.3962,0.0005284809509346164,-0.012655047653741772,-0.16953710151530602,0.39640943949027624,1,0.3912176624723718,-1,0.33441476460044467,-1
2026-01-15 18:00:00+00:00,0.3919,4.040581467852399e-05,0.03126429663275981,-0.16178449944660617,0.3919158353586907,1,0.40434602214416215,1,0.3333597395275262,-1
2026-01-15 19:00:00+00:00,0.3925,3.3560130083713573e-05,-0.02802599159044334,-0.16952551987615436,0.3925131725720932,1,0.38165251408473544,-1,0.33129559640307027,-1
2026-01-15 20:00:00+00:00,0.3905,-0.0006664093727350285,0.03392332882266009,-0.16197646541180907,0.3902398538314971,-1,0.4039743145536125,1,0.33210510623790046,-1
2026-01-15 21:00:00+00:00,0.3929,-0.0017042852364760768,-0.04082998988850014,-0.16583075433093816,0.39223095661291346,-1,0.3771809842870798,-1,0.33286079589414125,-1
2026-01-15 22:00:00+00:00,0.394,-0.0003399249733942648,-0.034328991826296305,-0.16368820324758634,0.3938660923210542,-1,0.38070390374948354,-1,0.33450863906980843,-1
2026-01-15 23:00:00+00:00,0.3936,-2.4863075412708856e-05,-0.02768006558820888,-0.14073057653765172,0.3935902140151729,-1,0.3828545299197743,-1,0.34192950450613885,-1
2026-01-16 00:00:00+00:00,0.393,-0.0006966778688161659,0.04330428663593029,-0.2236254846330813,0.39272630094866134,-1,0.4103924506172355,1,0.31424851666991077,-1
2026-01-16 01:00:00+00:00,0.3921,0.0002482910972171689,-0.0658251249294513,-0.2318996364062298,0.3921973670264016,1,0.3671211066049699,-1,0.3109453809784511,-1
2026-01-16 02:00:00+00:00,0.3928,-0.00038507459551612383,-0.01113025031075454,-0.20789136366223068,0.39264877181781555,-1,0.3884522781778015,-1,0.3190695846888857,-1
2026-01-16 03:00:00+00:00,0.3915,-9.869055016035523e-05,-0.01324855962616833,-0.2236254846330813,0.39146136455612024,-1,0.3863473965603578,-1,0.31304909485056,-1
2026-01-16 04:00:00+00:00,0.3899,3.108126133310564e-05,-0.022174835079950782,-0.20789136366223068,0.38991211877212617,1,0.38134918860184025,-1,0.3167139283864474,-1
2026-01-16 05:00:00+00:00,0.393,9.884605144000144e-05,-0.03200771437393825,-0.20205841270211714,0.3930388484181907,1,0.3806201504996296,-1,0.3210995498411307,-1
2026-01-16 06:00:00+00:00,0.394,-0.00010930713296165657,-0.03246183283984323,-0.2236254846330813,0.39395693534329307,-1,0.38141540249848155,-1,0.31504813121614467,-1
2026-01-16 07:00:00+00:00,0.3926,-0.00020676775088049822,-0.02764607214621192,-0.19326020643071093,0.39251883137282073,-1,0.3818948121011983,-1,0.32360740736233634,-1
2026-01-16 08:00:00+00:00,0.3928,-0.00014149109520909735,0.00564596822148101,-0.23067145510055911,0.3927444262294914,-1,0.3950240087508808,1,0.31188331309961076,-1
2026-01-16 09:00:00+00:00,0.3919,-9.869055016035523e-05,-0.08221966481972821,-0.20720192644843252,0.39186132508184807,-1,0.3609671801131056,-1,0.3185580690357024,-1
2026-01-16 10:00:00+00:00,0.3912,-6.469094075888138e-05,-0.045482993951860694,-0.2255024626070618,0.3911746937225274,-1,0.37380562542855633,-1,0.3122226251646266,-1
2026-01-16 11:00:00+00:00,0.3927,-0.0003285044640922067,-0.01589100180721789,-0.18412343499336675,0.3925710174837771,-1,0.3865089250641399,-1,0.3266608662922329,-1
2026-01-16 12:00:00+00:00,0.3915,0.00025302019035143694,-0.007956330610207797,-0.2318996364062298,0.3915990699373412,1,0.38839745536824744,-1,0.31046956555231725,-1
2026-01-16 13:00:00+00:00,0.39,-0.00017260591391850876,-0.03292171663214586,-0.2318996364062298,0.3899326895028339,-1,0.37736957884499606,-1,0.3092800269869827,-1
2026-01-16 14:00:00+00:00,0.3893,3.954875312143181e-05,-0.0021266607086174805,-0.2318996364062298,0.389315396634047,1,0.38847297070318987,-1,0.3087249089898266,-1
2026-01-16 15:00:00+00:00,0.3816,-0.0027543512251004187,-0.0758612949246936,-0.1970052584119035,0.38055038573923466,-1,0.3537221240744276,-1,0.31336469786712046,-1
2026-01-16 16:00:00+00:00,0.384,3.108126133310564e-05,-0.03719259734818843,-0.23734706320696816,0.38401193538983447,1,0.36998037187311383,-1,0.30286752218248547,-1
2026-01-16 17:00:00+00:00,0.3865,-0.00020618410600068546,-0.03094330564958339,-0.2134075660700605,0.386420318057888,-1,0.3747235531000968,-1,0.3122250687545338,-1
2026-01-16 18:00:00+00:00,0.3865,3.845058797089616e-05,-0.03476810001464014,-0.22552918843406145,0.38651486143796443,1,0.3732930499997524,-1,0.30846324017276255,-1
2026-01-16 19:00:00+00:00,0.3868,-9.869055016035523e-05,-0.014573378695800615,-0.19326020643071093,0.3867618283788181,-1,0.3812038932548558,-1,0.318826656056423,-1
2026-01-16 20:00:00+00:00,0.3948,-0.002744670753106711,0.12086271001649743,-0.18412343499336675,0.39371788968425536,-1,0.44551994577772913,1,0.32840771584459777,-1
2026-01-16 21:00:00+00:00,0.3964,-7.563856023805181e-05,0.0807002973303437,-0.23048326948519543,0.39637001800863325,-1,0.4297158171206506,1,0.31480094957277427,-1
2026-01-16 22:00:00+00:00,0.3965,-0.0027543512251004187,0.09879295439819677,-0.20205841270211714,0.3954094023731828,-1,0.43767166040110084,1,0.3239592150432782,-1
2026-01-16 23:00:00+00:00,0.3955,-0.002744670753106711,0.13657353760189342,-0.1806521461933303,0.3944159710489438,-1,0.4533771432023287,1,0.3301340027625906,-1
2026-01-17 00:00:00+00:00,0.3958,0.0003626612400357489,-0.10918417492566579,-0.15619089532263933,0.3959435673503892,1,0.35486053681393637,-1,0.3385656907728416,-1
2026-01-17 01:00:00+00:00,0.396,0.0010540280707228634,-0.12717352953080435,-0.2035661244460268,0.39641761516639706,1,0.3487100176121626,-1,0.3230632378278425,-1
2026-01-17 02:00:00+00:00,0.3947,0.000840400585742336,-0.023895455858998015,-0.18039406419100348,0.3950318455332516,1,0.38538025678342236,-1,0.3295512625015705,-1
2026-01-17 03:00:00+00:00,0.3946,0.000641873542293204,-0.05857643057465032,-0.15734445787821688,0.39485336460510834,1,0.3721496889601167,-1,0.33715006760859756,-1
2026-01-17 04:00:00+00:00,0.3961,0.000820043706560336,-0.15258338898981147,-0.16630435997925808,0.3964249525315977,1,0.3400468205529448,-1,0.3354129115585531,-1
2026-01-17 05:00:00+00:00,0.3961,0.00020642757626148663,-0.10489341765925352,-0.17004941196045065,0.3961817744029127,1,0.3566565546611574,-1,0.33415912198856923,-1
2026-01-17 06:00:00+00:00,0.395,-0.00016376485563664167,-0.06842488235965732,-0.17004941196045065,0.3949353181784727,-1,0.3688761248042704,-1,0.3332311365450261,-1
2026-01-17 07:00:00+00:00,0.3956,0.0007749283788296078,-0.03554210488181799,-0.17637909671381194,0.39590668047902106,1,0.38178647824841755,-1,0.3316315299518341,-1
2026-01-17 08:00:00+00:00,0.3959,0.0009221277166247577,-0.07224554606230386,-0.16610364434822644,0.39626523873551145,1,0.36830673427929045,-1,0.33531084924011845,-1
2026-01-17 09:00:00+00:00,0.3953,0.00010525550749669893,-0.11580410550831706,-0.1999229725703079,0.39534160969189963,1,0.35207381833625473,-1,0.32366919713787584,-1
2026-01-17 10:00:00+00:00,0.3961,0.000705142680230446,-0.10696325644037036,-0.17456111323088994,0.3963794055144387,1,0.3559190965657497,-1,0.3326548917237688,-1
2026-01-17 11:00:00+00:00,0.3948,0.0009028534440432691,-0.06332043483078197,-0.17456111323088994,0.3951566074976381,1,0.37057611888939296,-1,0.33156311853709647,-1
2026-01-17 12:00:00+00:00,0.3959,-0.00010168029837330052,-0.0619249495107113,-0.15734445787821688,0.3958597468163865,-1,0.37212756218821996,-1,0.3382608002185599,-1
2026-01-17 13:00:00+00:00,0.3976,0.0010473587280319368,-0.09047005942080628,-0.19541520759739614,0.3980166479821286,1,0.3632082696621853,-1,0.32702324931256077,-1
2026-01-17 14:00:00+00:00,0.401,-0.0010710369653737976,-0.08580569119647245,-0.18067480092140775,0.40057074409239146,-1,0.3680267906174881,-1,0.33471741093362817,-1
2026-01-17 15:00:00+00:00,0.4026,-0.0012343967455413056,-0.19776122193882686,-0.18039406419100348,0.40210333847199703,-1,0.3303597761231475,-1,0.33614729739835897,-1
2026-01-17 16:00:00+00:00,0.4005,-0.0014660209739799986,-0.09604775924038453,-0.17456111323088994,0.39991328877048593,-1,0.36382246213615427,-1,0.33635012404789044,-1
2026-01-17 17:00:00+00:00,0.4004,-0.0010710369653737976,-0.09672749406659442,-0.16630435997925808,0.3999713863705574,-1,0.36348446303378135,-1,0.33905410196426317,-1
2026-01-17 18:00:00+00:00,0.4001,-0.0010710369653737976,-0.1167572953901376,-0.19260169018202025,0.39967170750964043,-1,0.35600943042998734,-1,0.3300066565699476,-1
2026-01-17 19:00:00+00:00,0.4002,-0.0010710369653737976,-0.10290841668712758,-0.18039406419100348,0.3997716004632794,-1,0.3610642807361249,-1,0.33414343869553714,-1
2026-01-17 20:00:00+00:00,0.3991,0.00028473913541791874,-0.09103942455131458,-0.15619089532263933,0.3992136555692717,1,0.3643710029734189,-1,0.34138849718908815,-1
2026-01-17 21:00:00+00:00,0.3988,0.0006778655215297878,-0.09630171281482824,-0.15619089532263933,0.3990704244153247,1,0.36218615691663114,-1,0.3411318784239748,-1
2026-01-17 22:00:00+00:00,0.3964,0.0009221277166247577,-0.07995348169726374,-0.18039406419100348,0.396765700012015,1,0.3659403422353533,-1,0.33097066241606926,-1
2026-01-17 23:00:00+00:00,0.3973,-0.0010710369653737976,-0.06736265401118205,-0.17456111323088994,0.3968747048077484,-1,0.3714183327158771,-1,0.33366268235762014,-1
2026-01-18 00:00:00+00:00,0.3965,-0.0010292455707528866,-0.08292255837097708,-0.1577392280250339,0.39609211407459527,-1,0.3649474909066787,-1,0.3386397347898535,-1
2026-01-18 01:00:00+00:00,0.3942,0.0001911617161312709,-0.057330088648708144,-0.16148428000622647,0.39427536315154416,1,0.3722360909546424,-1,0.33541685941314814,-1
2026-01-18 02:00:00+00:00,0.3943,0.0007078984620778039,-0.05642584547092452,-0.20329113299922147,0.3945792231827677,1,0.3726673487835834,-1,0.3217648205993901,-1
2026-01-18 03:00:00+00:00,0.3956,0.0008295724213288196,-0.08962755471603408,-0.20187409241701593,0.39592831501158865,1,0.3616858600035318,-1,0.32328345477000425,-1
2026-01-18 04:00:00+00:00,0.3954,0.0010132727220492066,-0.09966941274923578,-0.1487793259239927,0.39580085108573676,1,0.35789100974197324,-1,0.34073961213421855,-1
2026-01-18 05:00:00+00:00,0.3953,-0.0012880617582584444,-0.0914416833834181,-0.14860245658768972,0.39479115696793765,-1,0.3607565257614588,-1,0.3407136926838097,-1
2026-01-18 06:00:00+00:00,0.3952,0.0009006941760038662,-0.11604548031193704,-0.20238928986549726,0.3955561146894953,1,0.3518998033703827,-1,0.3227902320946808,-1
2026-01-18 07:00:00+00:00,0.3942,0.0007615051150152124,-0.07901180704517306,-0.20329113299922147,0.39450029964168387,1,0.36425223744824164,-1,0.32168321653634185,-1
2026-01-18 08:00:00+00:00,0.3937,-0.00044292487387960754,-0.16798275336401067,-0.1683554177793621,0.3935256590899666,-1,0.3328215447178833,-1,0.3326975370795568,-1
2026-01-18 09:00:00+00:00,0.3942,0.0007508097351854995,-0.16743651475299395,-0.16148428000622647,0.3944960803336998,1,0.33342630951497765,-1,0.33541685941314814,-1
2026-01-18 10:00:00+00:00,0.3937,-5.9548047535793505e-05,-0.17154911956843513,-0.1691879362872452,0.3936765566316955,-1,0.33163669526805295,-1,0.3324206754846027,-1
2026-01-18 11:00:00+00:00,0.3929,0.000860961110708241,-0.12225664871663117,-0.2015506235459828,0.3932384172815521,1,0.3476855494828627,-1,0.32118089589595156,-1
2026-01-18 12:00:00+00:00,0.3924,0.0006528647918274518,-0.09627716937658667,-0.2015506235459828,0.39265626778931906,1,0.3563824879029354,-1,0.32077216479911275,-1
2026-01-18 13:00:00+00:00,0.3928,-0.0003060392835994772,-0.09558958368986435,-0.1665374342964401,0.3926798061623582,-1,0.35699115044054447,-1,0.33254099382109736,-1
2026-01-18 14:00:00+00:00,0.3904,0.0008298741451482343,-0.026445146009687153,-0.20187409241701593,0.3907241173359631,1,0.380211131839126,-1,0.3190340261430982,-1
2026-01-18 15:00:00+00:00,0.3924,-0.001063198127520161,-0.14011189759485246,-0.2037486151890059,0.3919830227587511,-1,0.3410980013889911,-1,0.3200678845461663,-1
2026-01-18 16:00:00+00:00,0.3918,0.0002349447479557851,-0.09621791793239615,-0.20187409241701593,0.39189206216658684,1,0.35585864506539955,-1,0.3201781030811114,-1
2026-01-18 17:00:00+00:00,0.3922,-0.0006773871110750481,-0.11190832686660974,-0.1487793259239927,0.3919344187358542,-1,0.3506763039137352,-1,0.33798198249630884,-1
2026-01-18 18:00:00+00:00,0.3946,-0.0005870235260154237,-0.146153472267248,-0.1665374342964401,0.39436842849224574,-1,0.34094430016644667,-1,0.3340648578457358,-1
2026-01-18 19:00:00+00:00,0.3927,-0.0005764208212336027,-0.09504178885878667,-0.20451931430489212,0.3924737047704084,-1,0.35709582842672294,-1,0.3200658152425651,-1
2026-01-18 20:00:00+00:00,0.3938,-0.0012991118691570364,-0.1129697804887746,-0.19997038861603575,0.39328874190855717,-1,0.35173335900327446,-1,0.3224257178924862,-1
2026-01-18 21:00:00+00:00,0.3944,-0.0005049589855621871,-0.16762356596921982,-0.1665374342964401,0.39420089445039314,-1,0.33353308197379117,-1,0.33389553962077595,-1
2026-01-18 22:00:00+00:00,0.396,-0.001063198127520161,-0.1504756744698653,-0.20187409241701593,0.39557919727947355,-1,0.34067826816161983,-1,0.32361033389515087,-1
2026-01-18 23:00:00+00:00,0.3758,-0.0013701262987116805,0.039672759273332935,-0.20238928986549726,0.37528545911043976,-1,0.3910087140276281,1,0.30694476017505323,-1
2026-01-19 00:00:00+00:00,0.3631,0.00029232001924260647,0.11670746844347378,-0.19217063025724804,0.3632061569141266,1,0.4080483804317544,1,0.29961779572588215,-1
2026-01-19 01:00:00+00:00,0.3636,-0.0013770397530587528,0.11201903069688468,-0.16800809829631283,0.3630996529237598,-1,0.4066990158225857,1,0.3073681651227846,-1
2026-01-19 02:00:00+00:00,0.3653,-0.00014881582681908813,0.11193329341908674,-0.19297204804579193,0.3652456416232567,-1,0.40856549307748163,1,0.30119168393151213,-1
2026-01-19 03:00:00+00:00,0.3656,-0.00014881582681908813,0.11088800470507591,-0.2003215471058787,0.36554559698183037,-1,0.40847382823729944,1,0.29923173075747533,-1
2026-01-19 04:00:00+00:00,0.3629,-0.0001597501548257214,0.10960282412666582,-0.17714948685085538,0.3628420312991915,-1,0.4049364488384892,1,0.30398483867051357,-1
2026-01-19 05:00:00+00:00,0.364,-0.0010571914668560715,0.11271167749089593,-0.19487412030514034,0.3636153856473923,-1,0.4074285358391834,1,0.2995495203614232,-1
2026-01-19 06:00:00+00:00,0.3624,3.3689846746617133e-05,0.10684746810973941,-0.19297204804579193,0.36241220940612634,1,0.40326585822824873,1,0.29880061937251573,-1
2026-01-19 07:00:00+00:00,0.3641,-0.0013706745357227365,0.11508098660608095,-0.19487412030514034,0.36360127927152575,-1,0.40850720089207404,1,0.2996318141856983,-1
2026-01-19 08:00:00+00:00,0.3693,-0.0009083101380253182,0.10480907836458214,-0.19667839523015979,0.36896471336120557,-1,0.4101071226069197,1,0.303363248263308,-1
2026-01-19 09:00:00+00:00,0.3699,-0.0013706745357227365,0.10870540442069349,-0.19297204804579193,0.3693933348051013,-1,0.4123770510389088,1,0.3049844070250926,-1
2026-01-19 10:00:00+00:00,0.3711,-0.0012221659326950008,0.10234093579792722,-0.19626165076592317,0.3706467312636011,-1,0.4110901378131193,1,0.30496893449361356,-1
2026-01-19 11:00:00+00:00,0.3693,0.000396104072730476,0.10817321930621258,-0.19297204804579193,0.3694463102091813,1,0.411489104055347,1,0.3044897040128865,-1
2026-01-19 12:00:00+00:00,0.367,0.0002838525274542803,0.10898943843243049,-0.19579258693698706,0.3671041886639839,1,0.4092602601225947,1,0.30174106867615674,-1
2026-01-19 13:00:00+00:00,0.3659,0.00033578108652040965,0.11096243508610842,-0.19217063025724804,0.366022882929285,1,0.40883943811129325,1,0.30192826068879175,-1
2026-01-19 14:00:00+00:00,0.368,0.0002101256233071085,0.08259762406280291,-0.19667839523015979,0.3680773343540571,1,0.3996865289438401,1,0.30229535705631555,-1
2026-01-19 15:00:00+00:00,0.3668,-0.0004885911179056978,0.08108546139301609,-0.19122631236808574,0.3666208285523055,-1,0.3977812383468465,1,0.302956862689935,-1
2026-01-19 16:00:00+00:00,0.3709,0.0004358208519076998,0.09331467155704048,-0.19626165076592317,0.37106168118342897,1,0.4071766643690656,1,0.304804575057077,-1
2026-01-19 17:00:00+00:00,0.3687,0.00034126746059199214,0.0672316279852566,-0.19579258693698706,0.36882584678520536,1,0.3943405725376274,1,0.30313877934849864,-1
2026-01-19 18:00:00+00:00,0.3691,-0.0006597555430283504,0.07009182296050731,-0.19217063025724804,0.36885656454184484,-1,0.39589912066130073,1,0.3045687920749741,-1
2026-01-19 19:00:00+00:00,0.371,-0.0003868385315679017,0.08567186886602898,-0.19217063025724804,0.37085651066018044,-1,0.4041855001929749,1,0.3061366075855199,-1
2026-01-19 20:00:00+00:00,0.3713,-0.0013706745357227365,0.07247835347216393,-0.19579258693698706,0.3707914171752747,-1,0.3992104472876848,1,0.30527645449443325,-1
2026-01-19 21:00:00+00:00,0.3701,-0.0012774212032376105,0.09459293399106142,-0.17714948685085538,0.3696275282496461,-1,0.40681810674908186,1,0.3100159514796282,-1
2026-01-19 22:00:00+00:00,0.3671,0.0004805595577636205,0.08693609949197595,-0.1902669264562679,0.3672764558090219,1,0.40044258182259085,1,0.30349567623230395,-1
2026-01-19 23:00:00+00:00,0.3703,-0.000882092541913129,0.0714260480595777,-0.19217063025724804,0.3699735051522348,-1,0.3977165382073974,1,0.30555899134479253,-1
2026-01-20 00:00:00+00:00,0.3683,-0.000706367933326749,0.03136565930523124,-0.23095454546913585,0.36803993655120953,-1,0.38003504902987323,1,0.29234753355876,-1
2026-01-20 01:00:00+00:00,0.3688,0.0009522230248130706,0.03774936321584368,-0.1970052584119035,0.36915134710540476,1,0.3829880757554821,1,0.30285351303300323,-1
2026-01-20 02:00:00+00:00,0.3678,-0.0006584853616868392,0.019436691273003386,-0.23095454546913585,0.3675578888060585,-1,0.3750187420206405,1,0.2919506457858048,-1
2026-01-20 03:00:00+00:00,0.3666,9.994444357849528e-05,0.04505298489220017,-0.2255024626070618,0.36663664146404074,1,0.3834941322994939,1,0.29258899382758724,-1
2026-01-20 04:00:00+00:00,0.3659,0.0004082463868967614,0.04505298489220017,-0.2318996364062298,0.3660494078484976,1,0.3827618739999586,1,0.2901681073706076,-1
2026-01-20 05:00:00+00:00,0.3679,1.1215577236919715e-05,0.01846539530913739,-0.23095454546913585,0.3679041262340045,1,0.3747565283656887,1,0.29203002334039585,-1
2026-01-20 06:00:00+00:00,0.3666,2.4907437497350953e-05,0.04902205278911421,-0.227248198284768,0.3666091311803032,1,0.3850192712364661,1,0.29207865636892133,-1
2026-01-20 07:00:00+00:00,0.366,0.0007213333052791332,0.04554684781565099,-0.22552918843406145,0.36626410323150904,1,0.38305561258708487,1,0.2921023179902486,-1
2026-01-20 08:00:00+00:00,0.3607,0.0007213333052791332,0.08937156371555245,-0.227248198284768,0.3609602787858069,1,0.3944207179409459,1,0.2873779905953899,-1
2026-01-20 09:00:00+00:00,0.3589,-0.000618172761405276,0.08564228309935594,-0.22552918843406145,0.3586782063563892,-1,0.3909916019058033,1,0.2864358522587438,-1
2026-01-20 10:00:00+00:00,0.3601,0.000860961110708241,0.012466881836272297,-0.20205841270211714,0.3604101655970652,1,0.3646174247402511,1,0.2942186969409444,-1
2026-01-20 11:00:00+00:00,0.3578,0.00031492343772700665,0.08937156371555245,-0.20789136366223068,0.3579126973506059,1,0.39124960598633335,1,0.2906392500042854,-1
2026-01-20 12:00:00+00:00,0.3592,0.0007443852952014367,0.09285034813429764,-0.20387639618503914,0.35946748274079465,1,0.39414926572147385,1,0.2929502912663291,-1
2026-01-20 13:00:00+00:00,0.3574,3.951571698488593e-06,0.08256472806827742,-0.20205841270211714,0.35740141229451544,1,0.388161049988939,1,0.2920126694992878,-1
2026-01-20 14:00:00+00:00,0.3607,0.0002918714478047033,0.04505298489220017,-0.20789136366223068,0.36080529339654377,1,0.3773222409176963,1,0.2929949063067237,-1
2026-01-20 15:00:00+00:00,0.3594,-0.0011342397193261197,0.049993348752980206,-0.22552918843406145,0.35899258534149636,-1,0.3778243190263098,1,0.28683489914124416,-1
2026-01-20 16:00:00+00:00,0.3544,0.000664717652327092,0.0869081341404291,-0.22552918843406145,0.3546356542490773,1,0.3865782683159654,1,0.28284443031624074,-1
2026-01-20 17:00:00+00:00,0.3519,-5.0534220842202606e-05,0.10497889076775664,-0.20789136366223068,0.3518822174570029,-1,0.39085081313650355,1,0.2858467078717385,-1
2026-01-20 18:00:00+00:00,0.3514,-2.7482230919899185e-05,0.08832536371031356,-0.1995501892089062,0.351390342876755,-1,0.3838494964618326,1,0.2878314271995085,-1
2026-01-20 19:00:00+00:00,0.3524,0.0007443852952014367,0.08661357906322194,-0.20205841270211714,0.35266241903634754,1,0.38428346606125874,1,0.28792743349621996,-1
2026-01-20 20:00:00+00:00,0.3538,0.000526618910035218,0.049993348752980206,-0.2134075660700605,0.353986366838214,1,0.3719372400431508,1,0.2858091315015629,-1
2026-01-20 21:00:00+00:00,0.3521,7.261907234776076e-05,0.08937156371555245,-0.2236254846330813,0.352125570103801,1,0.3850167307651984,1,0.2815442817289455,-1
2026-01-20 22:00:00+00:00,0.351,-3.649605761349008e-05,0.07466236623596377,-0.1806521461933303,0.35098719011753415,-1,0.3782096190635027,1,0.29298871041635727,-1
2026-01-20 23:00:00+00:00,0.3507,0.0002918714478047033,0.08937156371555245,-0.22552918843406145,0.3508023742560796,1,0.3834858491319371,1,0.2798914833857382,-1
2026-01-21 00:00:00+00:00,0.357,-0.00010687603069290355,0.014522339479136363,-0.14451308473742022,0.3569618472958837,-1,0.36222230344485656,1,0.30896336099700905,-1
2026-01-21 01:00:00+00:00,0.358,-4.4543481021605486e-05,0.01969273482291167,-0.14702050543414039,0.35798405378894677,-1,0.3651198738692817,1,0.30905290658604584,-1
2026-01-21 02:00:00+00:00,0.3581,-0.0002777202301814393,0.010548098616168537,-0.14200486124420927,0.3580005621941563,-1,0.3618972658742338,1,0.3106936615861714,-1
2026-01-21 03:00:00+00:00,0.3582,-0.0002370287663352917,0.024252721085562024,-0.1394599304472066,0.35811510635741384,-1,0.3669935271524225,1,0.31157234522622945,-1
2026-01-21 04:00:00+00:00,0.359,-7.953639683108949e-05,0.008524132700459978,-0.13571487846601402,0.35897144756903143,-1,0.36207324339805713,1,0.31343986077814306,-1
2026-01-21 05:00:00+00:00,0.3613,-0.0017455841172521517,0.021940816475671827,-0.14451308473742022,0.36066987059038513,-1,0.36931482132964605,1,0.3126847684263848,-1
2026-01-21 06:00:00+00:00,0.3588,-0.0007911076634553639,0.032314271388748955,-0.14633106822034223,0.3585162628184797,-1,0.37058372646712817,1,0.30995714995215057,-1
2026-01-21 07:00:00+00:00,0.3597,-5.3337649299015556e-05,0.026351904521496862,-0.12675497636497282,0.3596808149591942,-1,0.36930477632241804,1,0.3168775350073382,-1
2026-01-21 08:00:00+00:00,0.3583,-0.0008731722039086007,0.07825284248781156,-0.14702050543414039,0.3579872789488733,-1,0.3874642036305562,1,0.30931188946865984,-1
2026-01-21 09:00:00+00:00,0.3581,-0.002582687218834149,0.07825284248781156,-0.1638840800011054,0.35717633299184953,-1,0.3872479244211615,1,0.30396975216642746,-1
2026-01-21 10:00:00+00:00,0.3571,6.557942446814053e-05,0.07848380421875871,-0.14451308473742022,0.3571234191803773,1,0.38625572836451083,1,0.3090499053558317,-1
2026-01-21 11:00:00+00:00,0.3548,-7.953639683108949e-05,0.0787957411551977,-0.14451308473742022,0.3547717816086138,-1,0.3838876730091612,1,0.30705938510290987,-1
2026-01-21 12:00:00+00:00,0.3549,0.0005064831914889577,0.079457900476543,-0.14702050543414039,0.3550797964127464,1,0.3842502219852425,1,0.30637675013236776,-1
2026-01-21 13:00:00+00:00,0.3528,0.0002882341410355249,0.07569014299212673,-0.14451308473742022,0.352901703661487,1,0.3805400648868354,1,0.305328497926456,-1
2026-01-21 14:00:00+00:00,0.362,-0.0002715483823528217,0.013793954097270907,-0.1394599304472066,0.3619017128310531,-1,0.3670280097265368,1,0.3148776911554859,-1
2026-01-21 15:00:00+00:00,0.3624,-7.953639683108949e-05,0.03254901984915543,-0.12657810702866984,0.3623711771560362,-1,0.37438983495879885,1,0.31931257026444804,-1
2026-01-21 16:00:00+00:00,0.3476,-0.002549580409162538,0.07892636758992104,-0.16965727481065843,0.34671489465286026,-1,0.37614652475677296,1,0.2933584143399495,-1
2026-01-21 17:00:00+00:00,0.3509,0.0005590179553630357,0.07892636758992104,-0.14702050543414039,0.3510962142390685,1,0.37971753606775493,1,0.3029236450308477,-1
2026-01-21 18:00:00+00:00,0.3537,-0.0010436970840460376,0.07892636758992104,-0.14881265979603664,0.3533310369177122,-1,0.3827474850588912,1,0.3047940907786485,-1
2026-01-21 19:00:00+00:00,0.3674,4.362985945792467e-05,0.007664672066231285,-0.12675497636497282,0.3674160299600548,1,0.37022682000232143,1,0.3236608461542842,-1
2026-01-21 20:00:00+00:00,0.3669,-0.001283223125277788,0.032314271388748955,-0.17128002561538727,0.36642948738623354,-1,0.3789497470479078,1,0.30914465476272446,-1
2026-01-21 21:00:00+00:00,0.3691,-0.0007578623156327869,0.024187147631726268,-0.1771557024984058,0.3688203789897966,-1,0.37813631702807515,1,0.3091763751854552,-1
2026-01-21 22:00:00+00:00,0.3685,-1.5473719454562043e-05,0.015575499032332237,-0.16472274632061987,0.36849429797849687,-1,0.3742845027105557,1,0.312535469554139,-1
2026-01-21 23:00:00+00:00,0.3659,0.0005064831914889577,0.01866559189008824,-0.14451308473742022,0.36608536913897977,1,0.372793879085751,1,0.3166658089322286,-1
2026-01-22 00:00:00+00:00,0.3672,-6.247540313496987e-05,0.061009604825454776,-0.1910209820847317,0.36717705974857706,-1,0.3903002300371195,1,0.3033495213969822,-1
2026-01-22 01:00:00+00:00,0.3678,-0.0014144575675472508,0.0838146232254299,-0.19219324526155268,0.3672801302601748,-1,0.39995575776196746,1,0.303489212711877,-1
2026-01-22 02:00:00+00:00,0.3652,-0.0005747823916218884,0.06690350563337075,-0.1910209820847317,0.36499014978546124,-1,0.3904690287498277,1,0.301697290888284,-1
2026-01-22 03:00:00+00:00,0.364,0.0006949327761654349,0.11759015705794393,-0.18739902540499268,0.3642530434444324,1,0.4094210238305903,1,0.30179707131622635,-1
2026-01-22 04:00:00+00:00,0.366,-0.0009063129518216408,0.06361436324741197,-0.1910209820847317,0.3656684397310117,-1,0.3900393754223727,1,0.30235818309176327,-1
2026-01-22 05:00:00+00:00,0.3654,-0.0005747823916218884,0.07528274812338746,-0.19554994225362335,0.36519003486201407,-1,0.39397024733456143,1,0.30049848179219896,-1
2026-01-22 06:00:00+00:00,0.3657,-0.0001950840322906032,0.061009604825454776,-0.1910209820847317,0.36562866472780386,-1,0.38870586635232734,1,0.30211034851545854,-1
2026-01-22 07:00:00+00:00,0.3635,0.000412091044311939,0.0411877266206375,-0.17237788199860002,0.36364982596345596,1,0.37878434159617436,1,0.305943796946956,-1
2026-01-22 08:00:00+00:00,0.3647,0.0008785783673751056,0.061009604825454776,-0.1910209820847317,0.3650205583277679,1,0.38764295722913256,1,0.3012842332611095,-1
2026-01-22 09:00:00+00:00,0.3657,-0.0003169265242352018,0.06361436324741197,-0.19010251545288498,0.365584118334044,-1,0.38971967101628885,1,0.3023879542559951,-1
2026-01-22 10:00:00+00:00,0.3657,-0.0011307654866039884,0.061009604825454776,-0.17237788199860002,0.36528671277105307,-1,0.38870586635232734,1,0.3077954512888633,-1
2026-01-22 11:00:00+00:00,0.3637,0.00019156380079223735,0.07528274812338746,-0.14932827568581342,0.36376967842806734,1,0.39213732609627805,1,0.31324983790286276,-1
2026-01-22 12:00:00+00:00,0.3633,-0.001175209132908304,0.07111885733605827,-0.16836291452140847,0.36287329730357787,-1,0.3900784202846404,1,0.3070056111266725,-1
2026-01-22 13:00:00+00:00,0.3622,-4.972833062490555e-05,0.07528274812338746,-0.19010251545288498,0.3621819888464837,-1,0.39052004265073387,1,0.2994938939883003,-1
2026-01-22 14:00:00+00:00,0.3581,0.000396104072730476,0.10427030515413992,-0.1914900459136678,0.3582418729648194,1,0.3974553426142146,1,0.2956931410910366,-1
2026-01-22 15:00:00+00:00,0.3585,0.000396104072730476,0.11503171286939957,-0.18645470751583038,0.3586420314378323,1,0.4022043822223377,1,0.2975177694732608,-1
2026-01-22 16:00:00+00:00,0.3617,-0.0013706745357227365,0.04302553088165833,-0.16654493103848647,0.3612045666369428,-1,0.3776019769557899,1,0.3062097142559999,-1
2026-01-22 17:00:00+00:00,0.3623,0.0004563677315708944,0.11252901198554721,-0.19554994225362335,0.3624653797632715,1,0.40545164146603097,1,0.29794909675236364,-1
2026-01-22 18:00:00+00:00,0.3597,-0.0013706745357227365,0.10923670539063703,-0.19190679037790442,0.3592073061081236,-1,0.4012188568449117,1,0.29689055236299017,-1
2026-01-22 19:00:00+00:00,0.3615,-0.0012221659326950008,0.11345625006754907,-0.18549532160401253,0.361058456889765,-1,0.40493165171464907,1,0.30029541896010026,-1
2026-01-22 20:00:00+00:00,0.3601,0.0004805595577636205,0.11150350339590391,-0.17237788199860002,0.36027309108370686,1,0.40257655359896993,1,0.3030821493276447,-1
2026-01-22 21:00:00+00:00,0.3593,0.00034126746059199214,0.11072615364971226,-0.18820044319353657,0.35942263832363514,1,0.40137006125530705,1,0.2976615940881449,-1
2026-01-22 22:00:00+00:00,0.3598,-0.0005096162776641055,0.10949303501507048,-0.1914900459136678,0.359616686776965,-1,0.4014332855359452,1,0.29709687842657073,-1
2026-01-22 23:00:00+00:00,0.3594,-0.0003590292435050594,0.11807278421770057,-0.16203322976804718,0.3592709880508014,-1,0.40444216956109064,1,0.3056384124494602,-1
2026-01-23 00:00:00+00:00,0.3593,-0.00048350000499855787,0.01945606898843093,-0.1792417950357086,0.35912632043862186,-1,0.36635901323745607,1,0.30034022009873235,-1
2026-01-23 01:00:00+00:00,0.3614,0.0004972630134370704,0.02449963922091384,-0.20284642800746785,0.3615797555422434,1,0.3703635228067042,1,0.29504826412194607,-1
2026-01-23 02:00:00+00:00,0.3596,-0.0002972088589194921,0.03313504767575345,-0.2100207913169736,0.35949313957505163,-1,0.3717149697643899,1,0.29148003453408905,-1
2026-01-23 03:00:00+00:00,0.362,-0.0006333012326502162,0.025463318772164692,-0.2040861909522902,0.36177081753221013,-1,0.3713360807566975,1,0.29517193612310616,-1
2026-01-23 04:00:00+00:00,0.3645,-0.0015560374463399358,0.021469547350126465,-0.18168289877034755,0.36393326539529325,-1,0.3724102610260057,1,0.3039440543352538,-1
2026-01-23 05:00:00+00:00,0.3606,-0.0011342397193261197,0.035074400545084275,-0.2133693182890054,0.36019122502544126,-1,0.37347225249866267,1,0.29131349580898575,-1
2026-01-23 06:00:00+00:00,0.3602,-0.0006584853616868392,0.03410310458121829,-0.20284642800746785,0.35996289164747763,-1,0.37269580000693614,1,0.29406857979171275,-1
2026-01-23 07:00:00+00:00,0.3613,-0.0005870235260154237,0.02449963922091384,-0.1983129961427372,0.36108797063925085,-1,0.3702610425845662,1,0.29630687051555993,-1
2026-01-23 08:00:00+00:00,0.3592,0.0006718493543578984,0.03758154861308266,-0.1983129961427372,0.35944140937437086,1,0.37295616216947874,1,0.2945846329620513,-1
2026-01-23 09:00:00+00:00,0.3586,-0.0007173581457781882,0.024680247114950878,-0.19915166246225166,0.3583428476151305,-1,0.36756045491212813,1,0.29384602295820156,-1
2026-01-23 10:00:00+00:00,0.3589,-0.0005870235260154237,0.024680247114950878,-0.2028580096466195,0.3586893790822782,-1,0.36786795110976794,1,0.2930038616159803,-1
2026-01-23 11:00:00+00:00,0.36,-0.001063198127520161,0.013374596432456838,-0.1983129961427372,0.35961745207224866,-1,0.3648471971130246,1,0.29524072345862595,-1
2026-01-23 12:00:00+00:00,0.3601,0.0005220113367772895,0.014319463794375374,-0.17522682755851707,0.3602880253537869,1,0.3652935344839206,1,0.3022199135985476,-1
2026-01-23 13:00:00+00:00,0.359,0.0009006941760038662,0.03174405891032011,-0.19915166246225166,0.35932349487228954,1,0.37057892589185465,1,0.2941737932013228,-1
2026-01-23 14:00:00+00:00,0.3549,-0.0009256744257103152,0.06591567647408818,-0.20331549183640396,0.35457163015154847,-1,0.3790816950693143,1,0.2896057652127637,-1
2026-01-23 15:00:00+00:00,0.3604,-0.0004373108030238597,0.01676809633200674,-0.17855235782191045,0.36024242764314834,-1,0.36649417296734355,1,0.30146748550447455,-1
2026-01-23 16:00:00+00:00,0.3634,-0.0005870235260154237,0.021349784624066025,-0.17340884407559506,0.36318673825160186,-1,0.37124192557450847,1,0.30554446365085114,-1
2026-01-23 17:00:00+00:00,0.3659,-0.0005870235260154237,0.02753033183887703,-0.19740592678454547,0.36568527112344834,-1,0.37611329100247176,1,0.3003517071775659,-1
2026-01-23 18:00:00+00:00,0.3659,-0.00016158956791534291,0.02182805742550574,-0.2028580096466195,0.3658408791538844,-1,0.37397469303775943,1,0.29871862068901417,-1
2026-01-23 19:00:00+00:00,0.3615,-0.0014739729058866992,0.022643453698935993,-0.19915166246225166,0.3609675512984016,-1,0.3697789872092989,1,0.2962223572208306,-1
2026-01-23 20:00:00+00:00,0.3592,0.000271865483801115,0.022310767806636104,-0.1983129961427372,0.3592976673573715,1,0.3673040959353851,1,0.2945846329620513,-1
2026-01-23 21:00:00+00:00,0.3599,0.0008057887903122779,0.032796417020275415,-0.2040861909522902,0.36019012025776137,1,0.3718991190347419,1,0.2934596127367567,-1
2026-01-23 22:00:00+00:00,0.3624,-0.0005049589855621871,0.025263431478461267,-0.20331549183640396,0.3622170490588805,-1,0.3716720969128728,1,0.2957259208596945,-1
2026-01-23 23:00:00+00:00,0.3602,-0.0010292455707528866,0.00622335479724146,-0.20570894175701904,0.3598294564682704,-1,0.36244864218953005,1,0.29322800808674876,-1
2026-01-24 00:00:00+00:00,0.3592,-0.002454388453939669,-0.017149684213954245,-0.16368820324758634,0.3583194646972155,-1,0.35309235521343746,-1,0.30496320597430254,-1
2026-01-24 01:00:00+00:00,0.3596,-0.0013561743549784793,-0.029780084594041155,-0.15583037222615279,0.35911265024226624,-1,0.3490489666693766,-1,0.30771127680956367,-1
2026-01-24 02:00:00+00:00,0.3599,-0.0014533439675856368,0.01557447355889298,-0.17076528282097672,0.35937732141395146,-1,0.3655491299571448,1,0.30340268975898427,-1
2026-01-24 03:00:00+00:00,0.3618,1.1753562067234351e-06,-0.016442933671164707,-0.16953710151530602,0.3618004252441255,1,0.3558995895670617,-1,0.3053792575276146,-1
2026-01-24 04:00:00+00:00,0.3612,-0.0008452114085427028,-0.04312538685692894,-0.1432379972343719,0.360894838620341,-1,0.3459542132611331,-1,0.3129970683832087,-1
2026-01-24 05:00:00+00:00,0.3606,-0.0009612285057632137,-0.015834422575771123,-0.14073057653765172,0.3602535475374889,-1,0.35493507598242463,-1,0.3132616344637034,-1
2026-01-24 06:00:00+00:00,0.36,1.1753562067234351e-06,0.00625711021989707,-0.16953710151530602,0.360000423128483,1,0.3622596216577671,1,0.30385995773891994,-1
2026-01-24 07:00:00+00:00,0.3596,-0.00010959507133693874,0.036107814270586056,-0.16953710151530602,0.35956059177186045,-1,0.3728216357241044,1,0.3035223355636545,-1
2026-01-24 08:00:00+00:00,0.3598,-0.0009612285057632137,0.011012565896889986,-0.16583075433093816,0.35945431615082785,-1,0.3637842191818776,1,0.3048188199610894,-1
2026-01-24 09:00:00+00:00,0.3597,6.461050702578586e-05,-0.0274611046514546,-0.1432379972343719,0.35972324115018034,1,0.349956634735049,-1,0.31169724667065385,-1
2026-01-24 10:00:00+00:00,0.3592,-0.0009305676264237846,0.020677956076946592,-0.17076528282097672,0.3588658955860743,-1,0.366704846862773,1,0.3028125761640099,-1
2026-01-24 11:00:00+00:00,0.36,-0.001473142135554556,-0.08545749034225561,-0.18073424772808874,0.3594700592660501,-1,0.330513181203084,-1,0.30047657085231494,-1
2026-01-24 12:00:00+00:00,0.3601,3.89245221662879e-05,-0.07859578473640401,-0.14254856002057373,0.36011401699323264,1,0.33288130530617527,-1,0.31225907462538166,-1
2026-01-24 13:00:00+00:00,0.3583,-0.0010757757538101109,-0.02843303223450433,-0.14254856002057373,0.3579147568022089,-1,0.34825591313199283,-1,0.3106982128249771,-1
2026-01-24 14:00:00+00:00,0.3594,-0.0006070537626743808,0.004817136145863617,-0.1649920880114237,0.3591818910863112,-1,0.361135455337234,1,0.3047354083027281,-1
2026-01-24 15:00:00+00:00,0.358,-0.000309038066516441,-0.000657628800460069,-0.1699945837050905,0.35788938146573646,-1,0.3577646462856078,-1,0.30203364024034324,-1
2026-01-24 16:00:00+00:00,0.3586,0.0006067116543836184,0.06465625602828128,-0.14073057653765172,0.358817632812768,1,0.38255170369842545,1,0.3115241877944649,-1
2026-01-24 17:00:00+00:00,0.3587,0.00034296506934850814,0.04831383479124763,-0.16178449944660617,0.35882304266883797,1,0.37645564040516094,1,0.305119006298861,-1
2026-01-24 18:00:00+00:00,0.3588,-0.000637847149834126,-0.00807224414039884,-0.16368820324758634,0.35857121341583165,-1,0.3559153373171163,-1,0.30462360329504384,-1
2026-01-24 19:00:00+00:00,0.3583,-0.0002580051294117761,-0.0028366872614839344,-0.1699945837050905,0.358207568686521,-1,0.35728505517532555,-1,0.3022867410561871,-1
2026-01-24 20:00:00+00:00,0.3591,-0.0006534796644955476,-0.02729937601119484,-0.1982739720854284,0.35886541211003553,-1,0.349429395392261,-1,0.2945141145614128,-1
2026-01-24 21:00:00+00:00,0.359,9.571999773625784e-05,0.039040003033197275,-0.16368820324758634,0.3590343651238758,1,0.37329253616544783,1,0.30479340463467314,-1
2026-01-24 22:00:00+00:00,0.3599,-0.00023104366157087033,0.08084079603728735,-0.16178449944660617,0.3598168569914031,-1,0.3902029588717771,1,0.3061397556926682,-1
2026-01-24 23:00:00+00:00,0.3583,-0.0013910775951013195,0.15190718128095662,-0.18073424772808874,0.3578019234095869,-1,0.417079898095053,1,0.299057653712179,-1
2026-01-25 00:00:00+00:00,0.359,-0.001063198127520161,-0.0808056227244774,-0.23003566366434125,0.3586185147053813,-1,0.331131893488815,-1,0.2852273908633761,-1
2026-01-25 01:00:00+00:00,0.3576,-0.0010639312398382096,-0.017873372697928252,-0.20633027943628873,0.35721974050947897,-1,0.35126526212772513,-1,0.2909306038131882,-1
2026-01-25 02:00:00+00:00,0.3567,0.00029246314979897663,-0.012155957450846891,-0.20633027943628873,0.35680433686213325,1,0.352390217812009,-1,0.2901983959176852,-1
2026-01-25 03:00:00+00:00,0.3557,0.000208376270622822,-0.009518635284037093,-0.2300240820251896,0.3557741271623631,1,0.3523302844188368,-1,0.28260879653632964,-1
2026-01-25 04:00:00+00:00,0.3571,2.044712303699541e-05,0.1578698904709965,-0.2304931458541257,0.35710730174228605,1,0.4181690368140464,1,0.2835880646865992,-1
2026-01-25 05:00:00+00:00,0.357,-0.0007227730941706176,0.014229549944934637,-0.23003566366434125,0.35674206323148805,-1,0.36211626406972064,1,0.2836383803293183,-1
2026-01-25 06:00:00+00:00,0.3559,0.0006428787729287713,0.014485437175696675,-0.20633027943628873,0.35612887411655825,1,0.36109288690864383,1,0.2895475444550159,-1
2026-01-25 07:00:00+00:00,0.3558,0.000587661947738713,0.0033730522358480643,-0.23226583982769008,0.35600915157019586,1,0.3570021583171201,1,0.28205523918891307,-1
2026-01-25 08:00:00+00:00,0.3547,0.0005245551845459857,-0.02679812713476264,-0.24403321300419964,0.35488610853178865,1,0.34532093625961263,-1,0.27789383403068607,-1
2026-01-25 09:00:00+00:00,0.3569,-0.0011459957802914457,-0.01886556215190209,-0.2300240820251896,0.3564912283760289,-1,0.35022999538657135,-1,0.28356221389883624,-1
2026-01-25 10:00:00+00:00,0.3584,-0.0013701262987116805,0.014585003911452484,-0.22411287803322433,0.3579092829834529,-1,0.36366557124877247,1,0.286442209299849,-1
2026-01-25 11:00:00+00:00,0.3565,-0.0013607158178119653,0.05139005018600888,-0.2367112717707503,0.35601523469965324,-1,0.3752994685378152,1,0.28135661805001855,-1
2026-01-25 12:00:00+00:00,0.3561,-0.000755449286252495,-0.020466587063785128,-0.24020173138156503,0.3558310860973626,-1,0.3488859239229479,-1,0.28006167839747786,-1
2026-01-25 13:00:00+00:00,0.3568,-0.0005870235260154237,-0.021243936809976754,-0.23126384497001193,0.3565906114699272,-1,0.3493001090106408,-1,0.28313152879580034,-1
2026-01-25 14:00:00+00:00,0.3529,-0.001380513985780884,-0.02991021252043585,-0.22411287803322433,0.3524131527414628,-1,0.3425009797084404,-1,0.28204647227097296,-1
2026-01-25 15:00:00+00:00,0.3524,-0.0005323389459119351,-0.030455611158129912,-0.24034489001490958,0.352212453678995,-1,0.34182922932733223,-1,0.27711206857137866,-1
2026-01-25 16:00:00+00:00,0.3447,-0.001380513985780884,0.09017292288250607,-0.24403321300419964,0.34422446514588334,-1,0.3772271011512182,1,0.270059217903517,-1
2026-01-25 17:00:00+00:00,0.3418,6.535506680932958e-05,0.09016530646989095,-0.2442845671314215,0.34182233909181386,1,0.3740505980439496,1,0.2677198782724629,-1
2026-01-25 18:00:00+00:00,0.3403,0.0006759167817497552,0.07860099419647497,-0.2300240820251896,0.3405300922336704,1,0.36812721659680964,1,0.270373273717495,-1
2026-01-25 19:00:00+00:00,0.3345,0.000860961110708241,0.08920162691864007,-0.2340153460876534,0.33478811550185594,1,0.3657092089289077,1,0.26470646517728613,-1
2026-01-25 20:00:00+00:00,0.3359,0.000860961110708241,0.09017292288250607,-0.2442845671314215,0.33618932136643764,1,0.36759670228225755,1,0.26309861647665383,-1
2026-01-25 21:00:00+00:00,0.339,-0.0005035698671493088,0.09017292288250607,-0.24313402140568402,0.33882933279007504,-1,0.3709892291565505,1,0.265832413547305,-1
2026-01-25 22:00:00+00:00,0.3386,0.0007162351615349221,0.09017292288250607,-0.24313402140568402,0.33884260409611655,1,0.37055148375341596,1,0.26551874698264744,-1
2026-01-25 23:00:00+00:00,0.3391,0.0007501153622467334,0.09017292288250607,-0.2367112717707503,0.33935445954441307,1,0.37109866550733417,1,0.26762420527562775,-1
2026-01-26 00:00:00+00:00,0.3439,-0.0008431477307117881,0.09635899547817561,-0.21536039588821673,0.34361016369998787,-1,0.37868696461622786,1,0.27726965642410495,-1
2026-01-26 01:00:00+00:00,0.3485,-0.0018914863856445059,0.09291107869966717,-0.20148633637478272,0.34784144001956674,-1,0.3824314069309472,1,0.28490388957306956,-1
2026-01-26 02:00:00+00:00,0.3463,-0.0005306461338151901,0.08740153973758844,-0.20148633637478272,0.34611628599173483,-1,0.37792924333215955,1,0.283105357128132,-1
2026-01-26 03:00:00+00:00,0.3451,0.0006924927162685736,0.09390516765584607,-0.19873174378422395,0.3453390620011781,1,0.3790770178491926,1,0.2829025483781327,-1
2026-01-26 04:00:00+00:00,0.3476,-0.00016295674422281612,0.10066252944926622,-0.19873174378422395,0.3475433608506992,-1,0.3844120110517804,1,0.28495197280857415,-1
2026-01-26 05:00:00+00:00,0.3477,-8.698529974461417e-05,0.09425948313998957,-0.21242810586409774,0.34766975652666665,-1,0.38206835108932746,1,0.28115663477167996,-1
2026-01-26 06:00:00+00:00,0.3481,0.0006694407263462702,0.08760722286194896,-0.21536039588821673,0.3483331103349114,1,0.37997179173142004,1,0.28065590986109606,-1
2026-01-26 07:00:00+00:00,0.3482,-0.0016176901011441143,0.08473693293317629,-0.21242810586409774,0.3476371756671965,-1,0.3789915693088237,1,0.2815609439962582,-1
2026-01-26 08:00:00+00:00,0.3486,-0.0008295662543700106,0.08490710718979676,-0.2025623010632752,0.3483109331203684,-1,0.37949151578033175,1,0.28467917146613525,-1
2026-01-26 09:00:00+00:00,0.3454,-0.0015356255606908775,0.08760722286194896,-0.19873174378422395,0.34487000197474577,-1,0.37702458162606284,1,0.2831484793097857,-1
2026-01-26 10:00:00+00:00,0.3473,-0.0026079084394947886,0.08625881842162655,-0.19301704646539777,0.3463954533989866,-1,0.37858771061495083,1,0.2863377085310692,-1
2026-01-26 11:00:00+00:00,0.3471,-0.0006204783104207001,0.08490710718979676,-0.21242810586409774,0.346884698780229,-1,0.37785859187422016,1,0.28067146370218615,-1
2026-01-26 12:00:00+00:00,0.3477,0.0012460716982927009,0.08625881842162655,-0.21536039588821673,0.3481335291776208,1,0.37902374598565625,1,0.28033340953376357,-1
2026-01-26 13:00:00+00:00,0.3497,-0.0012037834011329263,0.09276244633988422,-0.20148633637478272,0.3492792902171545,-1,0.3836912107447427,1,0.2858849072703083,-1
2026-01-26 14:00:00+00:00,0.3539,0.0002272870234783918,0.004600154960035363,-0.1909501988402126,0.3539804460194308,1,0.35553174510301777,1,0.2923828835908408,-1
2026-01-26 15:00:00+00:00,0.3524,-0.0013874475973647822,0.0944024970411759,-0.19873174378422395,0.3519114024967842,-1,0.387288305491361,1,0.28888686771502164,-1
2026-01-26 16:00:00+00:00,0.3532,-0.00014382434537251916,0.00983674060174411,-0.21536039588821673,0.3531492048940884,-1,0.3566914810237529,1,0.2847677890345853,-1
2026-01-26 17:00:00+00:00,0.3528,-0.0026543835050926263,0.024319513049100062,-0.21536039588821673,0.35186477527106375,-1,0.36148510491009833,1,0.2844452887072528,-1
2026-01-26 18:00:00+00:00,0.354,-0.002335489863780969,-0.00026343645480488676,-0.20148633637478272,0.35317420128584553,-1,0.353906755777502,-1,0.28940022068541355,-1
2026-01-26 19:00:00+00:00,0.3522,-0.00272301509491296,0.0245342300084373,-0.21536039588821673,0.3512422586474409,-1,0.36094782762368266,1,0.2839615382162541,-1
2026-01-26 20:00:00+00:00,0.35,-0.0005549182248874714,0.09635899547817561,-0.21536039588821673,0.3498058324998142,-1,0.38540400586123796,1,0.28218778641592535,-1
2026-01-26 21:00:00+00:00,0.3532,-0.0007356985008268016,0.021821613346988563,-0.21536039588821673,0.35294024685122505,-1,0.3609921027579338,1,0.2847677890345853,-1
2026-01-26 22:00:00+00:00,0.3524,-0.002736448045545863,0.021821613346988563,-0.19873174378422395,0.35143699391773303,-1,0.36017445360106415,1,0.28888686771502164,-1
2026-01-26 23:00:00+00:00,0.3521,9.374171603961974e-05,-0.00026343645480488676,-0.19873174378422395,0.3521330080053069,1,0.35200725624084317,-1,0.2886409367833687,-1
2026-01-27 00:00:00+00:00,0.3524,-0.00045030528216327887,-0.02103795544098334,-0.2703601658584858,0.35224134814213137,-1,0.3450636658221188,-1,0.2689180612558674,-1
2026-01-27 01:00:00+00:00,0.3538,-6.757411964320292e-05,0.09151675025206937,-0.2694609742599703,0.35377609308422375,-1,0.3877064697205285,1,0.27022928638711335,-1
2026-01-27 02:00:00+00:00,0.3545,0.0006662104651115206,-0.022605447877457052,-0.2635032402182662,0.3547362502973542,1,0.34657626592651614,-1,0.2723818945764864,-1
2026-01-27 03:00:00+00:00,0.3527,6.625344176571309e-05,-0.022009251404849328,-0.2703601658584858,0.35272336836301943,1,0.3450221389483074,-1,0.2691469926360512,-1
2026-01-27 04:00:00+00:00,0.3532,-0.0006038316582879313,-0.03302282818622774,-0.27061151998570765,0.3529867910359321,-1,0.34172681815436023,-1,0.2694608063377284,-1
2026-01-27 05:00:00+00:00,0.3525,-0.0005287947590000996,-0.033994124150093744,-0.27061151998570765,0.3523136491224785,-1,0.34071845738935524,-1,0.2689267673670704,-1
2026-01-27 06:00:00+00:00,0.3511,0.00016177215349789866,-0.02681487664825182,-0.27061151998570765,0.3511568027975247,1,0.34181040313001265,-1,0.2678586894257544,-1
2026-01-27 07:00:00+00:00,0.3519,-0.00034452737500700886,-0.01929663474340059,-0.27061151998570765,0.35177878169944554,-1,0.3451746116030687,-1,0.26846901967793496,-1
2026-01-27 08:00:00+00:00,0.3515,0.0010603630826535291,-0.04459475687225881,-0.2703601658584858,0.3518729153014208,1,0.3361693175705682,-1,0.2682312671153161,-1
2026-01-27 09:00:00+00:00,0.3493,-3.7584100118554485e-06,0.07994482156603828,-0.2703601658584858,0.3492986871898499,-1,0.37837129422737503,1,0.26655243699396847,-1
2026-01-27 10:00:00+00:00,0.3498,-0.00026703002134134625,0.09150913383945425,-0.2703601658584858,0.349706605368675,-1,0.3833202096563159,1,0.26693398929427475,-1
2026-01-27 11:00:00+00:00,0.3506,-0.00038450865027514735,-0.01929663474340059,-0.2694609742599703,0.35046521718145396,-1,0.34389945674349504,-1,0.2677851549104634,-1
2026-01-27 12:00:00+00:00,0.3498,0.000563206211230583,0.07994482156603828,-0.26080731453516953,0.34999706502160144,1,0.3789129078749951,1,0.26949618867717606,-1
2026-01-27 13:00:00+00:00,0.3484,-2.0769369972480614e-05,0.08573982904480086,-0.2703601658584858,0.34839276402664515,-1,0.3795897537045761,1,0.26586564285341713,-1
2026-01-27 14:00:00+00:00,0.3491,0.0007601119828424463,0.09151675025206937,-0.27061151998570765,0.34936545596856056,1,0.38255604459987713,1,0.2663328637953029,-1
2026-01-27 15:00:00+00:00,0.3516,0.0004990360669405807,0.09674014478208999,-0.2703601658584858,0.3517755048691239,1,0.38731344886674096,1,0.2683075775753774,-1
2026-01-27 16:00:00+00:00,0.3575,-0.0004655692087900119,-0.02412555375035087,-0.2703601658584858,0.35733359774674595,-1,0.34897832295049735,-1,0.2728098947189915,-1
2026-01-27 17:00:00+00:00,0.3503,-0.0005786475292513081,-0.02103795544098334,-0.2665286842358514,0.35009735840518663,-1,0.34300738404508574,-1,0.2683417208176822,-1
2026-01-27 18:00:00+00:00,0.3557,4.273024926180148e-05,-0.03302282818622774,-0.27061151998570765,0.35571519947439884,1,0.344145609336087,-1,0.27136808837579274,-1
2026-01-27 19:00:00+00:00,0.3556,0.00041510561040116064,-0.026991705745028766,-0.26080731453516953,0.3557476421964907,1,0.3461301283656862,-1,0.2739646789411201,-1
2026-01-27 20:00:00+00:00,0.3619,-0.0007972187092978054,0.030728132612029797,-0.27061151998570765,0.36161160152271055,-1,0.373193131021841,1,0.27609814783019226,-1
2026-01-27 21:00:00+00:00,0.3599,0.0004470250644600743,-0.04120071316268922,-0.2703601658584858,0.36006092028572,1,0.34537317596847794,-1,0.2746413457604616,-1
2026-01-27 22:00:00+00:00,0.3611,-0.0005323698226165156,0.016326179161305448,-0.2703601658584858,0.3609078124190265,-1,0.36704377080617195,1,0.27555707128119666,-1
2026-01-27 23:00:00+00:00,0.3608,-0.00041757764966311094,0.011186651522794959,-0.26080731453516953,0.36064936943616877,-1,0.3648588037541563,1,0.2779709115915527,-1
2026-01-28 00:00:00+00:00,0.3595,-8.12844397306758e-06,0.05846903900156818,-0.22517999064279934,0.359497077836268,-1,0.3811462715054112,1,0.28701491599533585,-1
2026-01-28 01:00:00+00:00,0.3576,0.0006325505368359412,0.03196404325021996,-0.22517999064279934,0.3578262716285479,1,0.36921498388763996,1,0.285498008233469,-1
2026-01-28 02:00:00+00:00,0.3579,-0.00038423346387009944,0.03196404325021996,-0.22517999064279934,0.35776250925924424,-1,0.36952472800163966,1,0.2857375199853427,-1
2026-01-28 03:00:00+00:00,0.3568,0.0007482180972311131,0.03196404325021996,-0.2254313447700212,0.35706706411573513,1,0.3683889995836408,1,0.2847877186629636,-1
2026-01-28 04:00:00+00:00,0.3557,0.0006706629933234732,0.07406144697983409,-0.2254313447700212,0.35593863483955845,1,0.3830437168714313,1,0.28390972962000044,-1
2026-01-28 05:00:00+00:00,0.3571,-0.0006038316582879313,0.07493391344737696,-0.2254313447700212,0.35688443680331633,-1,0.3848869935858439,1,0.28502717022013535,-1
2026-01-28 06:00:00+00:00,0.3585,-0.00039567809227230037,0.17956110325221883,-0.2254313447700212,0.358358177463806,-1,0.42901409046349803,1,0.2861446108202703,-1
2026-01-28 07:00:00+00:00,0.3576,1.6495393616402083e-05,0.08091534736929493,-0.2254313447700212,0.3576058988014086,1,0.38773820816360915,1,0.285426256148755,-1
2026-01-28 08:00:00+00:00,0.357,-0.000529862406558901,0.06480661774072295,-0.2254313447700212,0.3568108892266277,-1,0.3809021048728534,1,0.28494735303441143,-1
2026-01-28 09:00:00+00:00,0.3612,-0.0005323698226165156,0.0003119841583173799,-0.22517999064279934,0.36100775919621264,-1,0.36131270625835366,1,0.2883721492559536,-1
2026-01-28 10:00:00+00:00,0.36,-0.0005323698226165156,0.07605346418119426,-0.2254313447700212,0.3598083978699793,-1,0.38844729415797885,1,0.2873418686061292,-1
2026-01-28 11:00:00+00:00,0.3645,-0.0010644809437732907,0.07526997130526121,-0.2254313447700212,0.36411220313380005,-1,0.3929948560113573,1,0.2909336419637058,-1
2026-01-28 12:00:00+00:00,0.3609,-0.0005323698226165156,0.08860458354929111,-0.22428079904428372,0.3607079188646543,-1,0.394336850758093,1,0.28839184047008154,-1
2026-01-28 13:00:00+00:00,0.3617,-0.0005323698226165156,0.07380526548389216,-0.2254313447700212,0.36150749308214314,-1,0.38940518353409753,1,0.2886987607634359,-1
2026-01-28 14:00:00+00:00,0.3585,-0.00044779786610566434,0.03333780619403986,-0.2254313447700212,0.35833950040337154,-1,0.37065305607039883,1,0.2861446108202703,-1
2026-01-28 15:00:00+00:00,0.3572,-0.000529862406558901,0.06119106482353783,-0.2254313447700212,0.35701078328221686,-1,0.37974004018052426,1,0.2851069874058593,-1
2026-01-28 16:00:00+00:00,0.3568,-6.796009141674236e-05,0.031011132167425234,-0.22517999064279934,0.35677575266331746,-1,0.3680381248259313,1,0.28485931022847244,-1
2026-01-28 17:00:00+00:00,0.3599,-0.00022149799720945257,0.09060812361832328,-0.2254313447700212,0.35982029169874474,-1,0.39403287255696745,1,0.2872620514204053,-1
2026-01-28 18:00:00+00:00,0.3575,-3.6526288798354604e-05,0.06145616231134558,-0.22517999064279934,0.3574869420902345,-1,0.3801597368195742,1,0.2854181709828444,-1
2026-01-28 19:00:00+00:00,0.3584,2.4742024316146903e-05,0.10381765639773245,-0.2254313447700212,0.35840886765121627,1,0.39760829510244583,1,0.2860647936345464,-1
2026-01-28 20:00:00+00:00,0.3575,-0.00034361928738109497,0.036010802062573885,-0.22517999064279934,0.35737717720810985,-1,0.3706084684347496,1,0.2854181709828444,-1
2026-01-28 21:00:00+00:00,0.3584,3.0373498756350624e-05,-0.003043505931402644,-0.2254313447700212,0.35841088602727683,1,0.3573108657082381,-1,0.2860647936345464,-1
2026-01-28 22:00:00+00:00,0.3603,1.6495393616402083e-05,0.0576500688546527,-0.22517999064279934,0.36030594333933874,1,0.3816817272589042,1,0.28765361400033246,-1
2026-01-28 23:00:00+00:00,0.3583,0.0004636943786705311,0.03903831020066539,-0.22517999064279934,0.3584661802213173,1,0.3725640370214733,1,0.286056868987841,-1
2026-01-29 00:00:00+00:00,0.3567,-0.0004328337259099221,0.008585957126908446,-0.19601102331640655,0.35654564161813457,-1,0.35977579633964446,1,0.2932085319614738,-1
2026-01-29 01:00:00+00:00,0.3544,-0.0009533098426940336,0.01748207095536966,-0.1962623774436284,0.354062307979887,-1,0.36065011928017954,1,0.29124470990169526,-1
2026-01-29 02:00:00+00:00,0.3506,-4.196455874986422e-05,0.08716963008532119,-0.19601102331640655,0.35058528753440554,-1,0.38253325955542,1,0.288194312603568,-1
2026-01-29 03:00:00+00:00,0.3512,-4.196455874986422e-05,0.08716963008532119,-0.19601102331640655,0.35118526235619857,-1,0.3831879086020066,1,0.2886875145076243,-1
2026-01-29 04:00:00+00:00,0.35,-0.00035511194422438035,0.08812254116811594,-0.1962623774436284,0.3498757328851957,-1,0.38224268030459196,1,0.2876288049254891,-1
2026-01-29 05:00:00+00:00,0.3505,-0.0004983404012910855,0.08812254116811594,-0.1962623774436284,0.3503253752042568,-1,0.3827887412764557,1,0.2880397032182398,-1
2026-01-29 06:00:00+00:00,0.3519,-0.0006752717956957122,0.08716963008532119,-0.19601102331640655,0.35166245206883034,-1,0.3839516658230242,1,0.2892629167290233,-1
2026-01-29 07:00:00+00:00,0.3514,-0.0006752717956957122,0.08716963008532119,-0.1962623774436284,0.35116278959075586,-1,0.38340612495086873,1,0.28877932014519103,-1
2026-01-29 08:00:00+00:00,0.3499,0.00032229264559049454,0.08812254116811594,-0.1962623774436284,0.3500127883711471,1,0.38213346811021925,1,0.28754662526693897,-1
2026-01-29 09:00:00+00:00,0.3489,-0.0005394273593060698,0.08812254116811594,-0.1962623774436284,0.34871184454700016,-1,0.3810413461664918,1,0.28672482868143756,-1
2026-01-29 10:00:00+00:00,0.3482,0.0006237084013410782,0.08812254116811594,-0.1962623774436284,0.3484172430064486,1,0.3802768608058827,1,0.2861495710715866,-1
2026-01-29 11:00:00+00:00,0.3466,-0.0001292169377325652,0.08812254116811594,-0.19601102331640655,0.3465552163028503,-1,0.37852946569591883,1,0.2849062999098593,-1
2026-01-29 12:00:00+00:00,0.3453,1.105712366489248e-05,0.08812254116811594,-0.19601102331640655,0.34530381804590976,1,0.37710970716907316,1,0.28383769578440393,-1
2026-01-29 13:00:00+00:00,0.3464,-1.4060165669564738e-05,0.08812254116811594,-0.1962623774436284,0.3463951295928515,-1,0.3783110413071733,1,0.2846703372176841,-1
2026-01-29 14:00:00+00:00,0.3392,-0.0004791114325447146,0.08812254116811594,-0.1962623774436284,0.339037524327165,-1,0.37044776331233603,1,0.27875340180207403,-1
2026-01-29 15:00:00+00:00,0.3333,-0.0005394273593060698,0.08812254116811594,-0.1946556393868429,0.33312025734455475,-1,0.3640042438443443,1,0.2743452489635774,-1
2026-01-29 16:00:00+00:00,0.3364,-7.256448305588654e-05,0.08812254116811594,-0.1962623774436284,0.3363755901935532,-1,0.36738982186989927,1,0.2764523713626701,-1
2026-01-29 17:00:00+00:00,0.3342,-3.582063287315188e-05,0.08812254116811594,-0.1962623774436284,0.3341880289589002,-1,0.364987153593699,1,0.27464441887456703,-1
2026-01-29 18:00:00+00:00,0.3282,-4.196455874986422e-05,0.08812254116811594,-0.1962623774436284,0.32818622752079835,-1,0.3584344219313345,1,0.2697136393615586,-1
2026-01-29 19:00:00+00:00,0.3309,4.249092628328025e-05,0.08540499816997771,-0.19601102331640655,0.33091406054622785,1,0.3604024101338142,1,0.27200085008705266,-1
2026-01-29 20:00:00+00:00,0.3336,-0.0004328337259099221,0.08191392724703962,-0.18524260616101448,0.3334556379136801,-1,0.3620768918630064,1,0.2771891331435783,-1
2026-01-29 21:00:00+00:00,0.3352,-0.0004303263098523076,0.09148470591592782,-0.19601102331640655,0.33505578565277694,-1,0.36731216580123627,1,0.2755354637327895,-1
2026-01-29 22:00:00+00:00,0.3351,-0.0009199178578314918,0.08716963008532119,-0.1962623774436284,0.33479187727137,-1,0.3656214925186002,1,0.27538403580151827,-1
2026-01-29 23:00:00+00:00,0.3347,1.105712366489248e-05,0.08040553368978057,-0.19601102331640655,0.33470370083975093,1,0.3627232482257696,1,0.2751244621460759,-1
2026-01-30 00:00:00+00:00,0.3342,-1.9100418223814836e-05,0.08463575251349273,-0.24617844594606575,0.33419361670119163,-1,0.3637167366522658,1,0.26127178051995903,-1
2026-01-30 01:00:00+00:00,0.3269,0.00046586246025263894,0.09485636885027214,-0.2375247862212648,0.32705232591696487,1,0.3594268511412018,1,0.2577859340433269,-1
2026-01-30 02:00:00+00:00,0.3249,-8.330080728421243e-05,0.10063329005754065,-0.24732899167180322,0.3248729366949266,-1,0.35929749878240086,1,0.2537091294060336,-1
2026-01-30 03:00:00+00:00,0.3251,0.0007815040516261549,0.09485636885027214,-0.24732899167180322,0.32535416627023267,1,0.3574477494830367,1,0.2538653061554371,-1
2026-01-30 04:00:00+00:00,0.3283,0.0006090817600029375,0.08342081518044159,-0.24707763754458137,0.32850002245063836,1,0.35686181702322994,1,0.25642858042816297,-1
2026-01-30 05:00:00+00:00,0.3268,0.0011891259575881172,0.08220913531413697,-0.24732899167180322,0.32718883750550665,1,0.35480115234421733,1,0.2551928085253671,-1
2026-01-30 06:00:00+00:00,0.3217,0.0007815040516261549,0.08906136137150958,-0.24707763754458137,0.321951508117914,1,0.35166562516321787,1,0.25127345209789836,-1
2026-01-30 07:00:00+00:00,0.3254,0.0011660739676658137,0.0832290452673016,-0.24617844594606575,0.3257796617829195,1,0.3536416951825786,1,0.25439209270255736,-1
2026-01-30 08:00:00+00:00,0.3229,0.000860961110708241,0.08509492094369685,-0.2375247862212648,0.3231781240524642,1,0.3515801115690724,1,0.25463162466378175,-1
2026-01-30 09:00:00+00:00,0.3223,-2.7482230919899185e-05,0.08462537925736585,-0.24617844594606575,0.32229114259868563,-1,0.35076208322861474,1,0.2519685663123363,-1
2026-01-30 10:00:00+00:00,0.3237,0.0011660739676658137,0.08463575251349273,-0.2375247862212648,0.32407767830095585,1,0.35228937059945675,1,0.25526248653969075,-1
2026-01-30 11:00:00+00:00,0.3279,0.0006921039535439704,0.09485636885027214,-0.24617844594606575,0.3281270194378303,1,0.36052635206240463,1,0.25634654946886465,-1
2026-01-30 12:00:00+00:00,0.3255,0.0004927018719299059,0.08647714011811161,-0.2402207119043617,0.32566041397420076,1,0.35490125709858605,1,0.25599086231084783,-1
2026-01-30 13:00:00+00:00,0.3236,0.000860961110708241,0.08377719662412496,-0.2375247862212648,0.32387872698475506,1,0.35187830162853145,1,0.2551836288052021,-1
2026-01-30 14:00:00+00:00,0.3254,0.0008379091207859376,0.08359098943706206,-0.24707763754458137,0.32567276989013405,1,0.35376971689929354,1,0.2541634482830467,-1
2026-01-30 15:00:00+00:00,0.3257,0.0008379091207859376,0.08359098943706206,-0.24707763754458137,0.3259730213682134,1,0.35409587213921295,1,0.2543977722980587,-1
2026-01-30 16:00:00+00:00,0.3258,0.000860961110708241,0.08410356739901183,-0.2375247862212648,0.3260806219148121,1,0.3543861945587876,1,0.25691849896395197,-1
2026-01-30 17:00:00+00:00,0.3253,0.00031492343772700665,0.08462537925736585,-0.2375247862212648,0.32540246072708795,1,0.35402701108988016,1,0.2565242102915088,-1
2026-01-30 18:00:00+00:00,0.3289,0.0006412932805540513,0.08509492094369685,-0.23919199478346387,0.32911098900565916,1,0.35811303405100003,1,0.258931036631404,-1
2026-01-30 19:00:00+00:00,0.3291,0.0007213333052791332,0.09485636885027214,-0.24707763754458137,0.32933747643029954,1,0.36184575316784795,1,0.25705344446819506,-1
2026-01-30 20:00:00+00:00,0.3236,0.0005496708999575215,0.08906136137150958,-0.24707763754458137,0.32377792239812886,1,0.35374260585271156,1,0.25275750419297455,-1
2026-01-30 21:00:00+00:00,0.3247,6.535506680932958e-05,0.08437142568292214,-0.233533522158801,0.3247212214836512,1,0.3532842963147395,1,0.2570750734809776,-1
2026-01-30 22:00:00+00:00,0.3235,0.0007162351615349221,0.08437142568292214,-0.233533522158801,0.3237317850711568,1,0.35197865678416457,1,0.2561249962152641,-1
2026-01-30 23:00:00+00:00,0.3208,0.0006877696422493955,0.08342081518044159,-0.2402207119043617,0.32102071239217483,1,0.34870932348782263,1,0.2522945272790168,-1
2026-01-31 00:00:00+00:00,0.3201,0.0007443852952014367,0.10383001115958351,-0.20512179389198482,0.32033836644022373,1,0.35512273358564966,1,0.2607368478938735,-1
2026-01-31 01:00:00+00:00,0.3212,0.0002918714478047033,0.08990326246044171,-0.17694057763252388,0.3212937627917101,1,0.3514147832802652,1,0.26911085751794467,-1
2026-01-31 02:00:00+00:00,0.3198,0.0006666438716643982,0.08985042848604487,-0.17694057763252388,0.3200132637877587,1,0.3498646022369732,1,0.2679378961215402,-1
2026-01-31 03:00:00+00:00,0.3184,0.0007213333052791332,0.08985042848604487,-0.18663235638163225,0.3186297553795423,1,0.34833298734287765,1,0.2641919963144324,-1
2026-01-31 04:00:00+00:00,0.3157,0.0006877696422493955,0.10365064677976192,-0.20628205881106315,0.31591720356050373,1,0.3501785062563061,1,0.25685464384878265,-1
2026-01-31 05:00:00+00:00,0.3159,0.000526618910035218,0.10348047252314145,-0.20512179389198482,0.3160664027252454,1,0.35034072478683226,1,0.25731574585965217,-1
2026-01-31 06:00:00+00:00,0.3114,0.0006877696422493955,0.09010438206048858,-0.18663235638163225,0.31161424513380065,1,0.34076143947065146,1,0.2583837551894292,-1
2026-01-31 07:00:00+00:00,0.3124,0.000860961110708241,0.11053876704289438,-0.20512179389198482,0.312669080068101,1,0.3489132015147467,1,0.25446482749780097,-1
2026-01-31 08:00:00+00:00,0.3103,0.00065506585023416,0.08948457128465474,-0.27858244435729457,0.3105033335244807,1,0.3393473257931394,1,0.2348523754314681,-1
2026-01-31 09:00:00+00:00,0.3111,0.0002918714478047033,0.08990326246044171,-0.19525145626212426,0.3111908144598413,1,0.3403646920251884,1,0.2559195014683779,-1
2026-01-31 10:00:00+00:00,0.3112,0.0004927018719299059,0.087718022367447,-0.14128464079836198,0.3113533666014478,1,0.33973089355459885,1,0.2701969537769071,-1
2026-01-31 11:00:00+00:00,0.3104,0.000860961110708241,0.08985042848604487,-0.16451570478587144,0.31066735740441276,1,0.33958090223376014,1,0.26331369643783137,-1
2026-01-31 12:00:00+00:00,0.3099,0.0006877696422493955,0.087718022367447,-0.18812570669673054,0.31011321312448564,1,0.338311709230624,1,0.25675541986697675,-1
2026-01-31 13:00:00+00:00,0.3081,-1.183641268538371e-05,0.08985042848604487,-0.29393363678076273,0.308096353222834,-1,0.3370646777648888,1,0.22963492582095024,-1
2026-01-31 14:00:00+00:00,0.2985,0.0007443852952014367,0.08985042848604487,-0.15901675288279254,0.29872228173197996,1,0.3265621756339478,1,0.2546151475788309,-1
2026-01-31 15:00:00+00:00,0.2963,0.0006877696422493955,0.08985042848604487,-0.35334590309698155,0.29650385624002934,1,0.3241553522289405,1,0.20810162694942158,-1
2026-01-31 16:00:00+00:00,0.2925,-0.0004954018096515292,0.10365064677976192,-0.16136117031078676,0.29235513085785736,-1,0.3244447674373441,1,0.24891301457145157,-1
2026-01-31 17:00:00+00:00,0.2843,-0.0013470195007179483,0.0970305806604238,-0.2221520297947814,0.2839173001658818,-1,0.3132684840311057,1,0.22766562349116767,-1
2026-01-31 18:00:00+00:00,0.2841,4.7799369330890375e-05,0.08990326246044171,-0.21919981652283507,0.28411358012538507,1,0.31082484411557704,1,0.22817810181705692,-1
2026-01-31 19:00:00+00:00,0.2853,0.0009285063058702443,0.09010438206048858,-0.22901549543835414,0.2855650258691197,1,0.3122005095728223,1,0.22690371460924036,-1
2026-01-31 20:00:00+00:00,0.2856,0.0006090817600029375,0.08990326246044171,-0.20510021297751807,0.28577400673744235,1,0.3124659467772221,1,0.23263995885593458,-1
2026-01-31 21:00:00+00:00,0.291,-0.0013741487684448678,0.08985042848604487,-0.23649306243553733,0.2906003973280226,-1,0.31835709584415006,1,0.22971288539229526,-1
2026-01-31 22:00:00+00:00,0.2886,0.0005133322635263773,0.08990326246044171,-0.20759480855827994,0.28874818572225586,1,0.31574815210051227,1,0.23449794810939137,-1
2026-01-31 23:00:00+00:00,0.2936,-0.001380513985780884,0.10383001115958351,-0.22730318684468576,0.29319496073928447,-1,0.3257233195274813,1,0.23390501400560687,-1
2026-02-01 00:00:00+00:00,0.2957,-0.0011452106128958864,0.08993756376161145,-0.22612311695218212,0.2953615550541281,-1,0.3235271352436761,1,0.23585620297807394,-1
2026-02-01 01:00:00+00:00,0.2956,-0.001396206058936936,0.09019151733605517,-0.23938964251981867,0.2951875694749762,-1,0.3234998681637958,1,0.23266916376575186,-1
2026-02-01 02:00:00+00:00,0.2961,-0.0004524872472368162,0.08968802789796328,-0.1742519725580519,0.2959660488339758,-1,0.32388394688648703,1,0.24874922552076503,-1
2026-02-01 03:00:00+00:00,0.2959,-0.002310534899178252,0.09421132027832725,-0.19688076372201663,0.2952171019570219,-1,0.32513252865425013,1,0.2430192833845753,-1
2026-02-01 04:00:00+00:00,0.297,-0.00036470207797000844,0.09019151733605517,-0.15866630862130668,0.2968917032320714,-1,0.32503200556375966,1,0.25342447006681323,-1
2026-02-01 05:00:00+00:00,0.2949,-0.0007230902330225103,0.08968802789796328,-0.25653984398464574,0.29468683776733373,-1,0.32257134730437365,1,0.22817125646243105,-1
2026-02-01 06:00:00+00:00,0.2945,0.00016787662305936763,0.09443683021251176,-0.24860715491642515,0.2945494438156052,1,0.3236672019085061,1,0.22967651172988715,-1
2026-02-01 07:00:00+00:00,0.2963,-0.002736448045545863,0.09081137682792967,-0.24030000668074936,0.2954902988019986,-1,0.32446699849117566,1,0.23300792081423588,-1
2026-02-01 08:00:00+00:00,0.2966,-0.0036825521089365407,0.09019151733605517,-0.2410220688045089,0.29550976370255244,-1,0.3245942520209128,1,0.23307548263276318,-1
2026-02-01 09:00:00+00:00,0.2976,-0.003500663431041473,0.09066105902238616,-0.24030000668074936,0.29656002392806863,-1,0.325841596177147,1,0.23403023028793987,-1
2026-02-01 10:00:00+00:00,0.2921,-0.00019903900874286592,0.08879628402144381,-0.24860715491642515,0.29204186649115615,-1,0.31922382209524847,1,0.22780478463938897,-1
2026-02-01 11:00:00+00:00,0.2955,-0.0003185861390651222,0.09066105902238616,-0.24243843572554327,0.2954058727905145,-1,0.3235423107202518,1,0.2318824126425794,-1
2026-02-01 12:00:00+00:00,0.2935,-0.0003321606029815997,0.08993756376161145,-0.22441080835851362,0.2934025270522576,-1,0.32112010211031083,1,0.23450263650378575,-1
2026-02-01 13:00:00+00:00,0.2937,8.34211380262232e-05,0.08993756376161145,-0.23495052306911823,0.2937245018102086,1,0.3213389233042532,1,0.23220214690132562,-1
2026-02-01 14:00:00+00:00,0.2928,-0.0006016980644958209,0.09066105902238616,-0.2410220688045089,0.29262387579882476,-1,0.3205860865613866,1,0.23008935035358416,-1
2026-02-01 15:00:00+00:00,0.2894,-0.0008513378897424732,0.08860451410830382,-0.2493262043966259,0.28915372766006997,-1,0.31621245964176115,1,0.22553686118089827,-1
2026-02-01 16:00:00+00:00,0.2878,-0.0007049337954538446,0.08915266546512718,-0.2410220688045089,0.28759719154533375,-1,0.31463664337383324,1,0.22616022893361176,-1
2026-02-01 17:00:00+00:00,0.2872,-0.00016295674422281612,0.09019151733605517,-0.23216939336593498,0.2871532026361358,-1,0.3143070437640127,1,0.22769555323056404,-1
2026-02-01 18:00:00+00:00,0.2904,-0.0006016980644958209,0.09066105902238616,-0.2410220688045089,0.290225319439818,-1,0.31795833175350635,1,0.2282033720719974,-1
2026-02-01 19:00:00+00:00,0.2869,-0.0005656157999757712,0.09066105902238616,-0.24243843572554327,0.2867377707110365,-1,0.3141261893253477,1,0.22513388895822684,-1
2026-02-01 20:00:00+00:00,0.2877,8.34211380262232e-05,0.09066105902238616,-0.24406118653027212,0.2877240012625026,1,0.31500210759464115,1,0.22539560078074952,-1
2026-02-01 21:00:00+00:00,0.2861,-0.00016295674422281612,0.08993756376161145,-0.23495052306911823,0.2860533818739501,-1,0.31302371793444617,1,0.22619351116264644,-1
2026-02-01 22:00:00+00:00,0.2883,0.00017880037155119114,0.08780515764301358,-0.2410220688045089,0.2883515527558068,1,0.314758841251149,1,0.226553141075609,-1
2026-02-01 23:00:00+00:00,0.2858,8.34211380262232e-05,0.09066105902238616,-0.2432522199526957,0.285823842755729,1,0.3129218017050693,1,0.22408827197427753,-1
2026-02-02 00:00:00+00:00,0.2892,0.0008032555484832852,0.12333660838643219,-0.2346765738103587,0.28943239482834354,1,0.32716188143853436,1,0.22870704760097632,-1
2026-02-02 01:00:00+00:00,0.2908,-5.1847605484949505e-05,0.12040019106670828,-0.23519748320899075,0.29078492310717874,-1,0.3280073237779163,1,0.2298526065593211,-1
2026-02-02 02:00:00+00:00,0.2875,0.0002434347076953117,0.12359056196087591,-0.23474115108979196,0.28756999599784433,1,0.3253213367099987,1,0.22734796042424218,-1
2026-02-02 03:00:00+00:00,0.2864,-0.0004812334805860662,0.1124666220736228,-0.23955649766256912,0.286262207888908,-1,0.3204915968563664,1,0.22539015830829878,-1
2026-02-02 04:00:00+00:00,0.285,0.00014490871656057332,0.12359056196087591,-0.2427105833333641,0.28504130197665567,1,0.3224924555212161,1,0.2235820804423961,-1
2026-02-02 05:00:00+00:00,0.2796,0.00016336959533368872,0.1165485231831869,-0.23474115108979196,0.279645681870268,1,0.314161923693363,1,0.2211008338595413,-1
2026-02-02 06:00:00+00:00,0.2843,0.0005743687686275306,0.11842488853950593,-0.23490130674989446,0.28446333994511186,1,0.3200428545181504,1,0.2247814758691766,-1
2026-02-02 07:00:00+00:00,0.2841,0.00046707745582377563,0.1171451220651722,-0.2401042291053399,0.28423272769984476,1,0.31940867985905985,1,0.2234576833207625,-1
2026-02-02 08:00:00+00:00,0.289,0.0002172359601632378,0.12359056196087591,-0.2427105833333641,0.2890627880121473,1,0.32701866542326824,1,0.22672007455386836,-1
2026-02-02 09:00:00+00:00,0.2921,0.00014490871656057332,0.12018547410737106,-0.2360682678493513,0.2921423309030917,1,0.32940292039347496,1,0.23067918634627743,-1
2026-02-02 10:00:00+00:00,0.2923,0.000540761533129876,0.12275452502457615,-0.23474115108979196,0.2924581073414652,1,0.33047638260332174,1,0.23114368289393392,-1
2026-02-02 11:00:00+00:00,0.2924,6.007389490324905e-05,0.11710976948565657,-0.23574479897831818,0.2924175661344975,1,0.3287286036308452,1,0.2309908106275285,-1
2026-02-02 12:00:00+00:00,0.2959,-0.00039666152407521506,0.12402518677625263,-0.241823453265113,0.2957826511304555,-1,0.3349719329855351,1,0.23233913803314543,-1
2026-02-02 13:00:00+00:00,0.2967,0.000540761533129876,0.12416976387581316,-0.23474115108979196,0.2968604873356577,1,0.3359261322072621,1,0.23462309515781798,-1
2026-02-02 14:00:00+00:00,0.2986,6.007389490324905e-05,0.10153537203261041,-0.23519748320899075,0.2986179386038336,1,0.33051110427462843,1,0.23601784153580907,-1
2026-02-02 15:00:00+00:00,0.3014,0.00012185672663826988,0.06738113851510664,-0.243370965906103,0.3014367298552533,1,0.32240851601026,1,0.23629176180248618,-1
2026-02-02 16:00:00+00:00,0.3005,-0.00047872606452845166,0.06652971208263304,-0.23631767367092882,0.3003561772462064,-1,0.32117221225813436,1,0.23725371128671918,-1
2026-02-02 17:00:00+00:00,0.3005,-0.0004812334805860662,0.07487251453769071,-0.23631767367092882,0.30035542412924876,-1,0.32386289689778625,1,0.23725371128671918,-1
2026-02-02 18:00:00+00:00,0.3025,-0.0004812334805860662,0.08729270189486224,-0.2360682678493513,0.30235446189383614,-1,0.33009285027866225,1,0.2388923446413862,-1
2026-02-02 19:00:00+00:00,0.3002,5.073644549870893e-06,0.11460353546059984,-0.2346765738103587,0.30020152311195775,1,0.3366529085570228,1,0.23740614000626936,-1
2026-02-02 20:00:00+00:00,0.2994,-0.0002130951650162162,0.11133589987086541,-0.243370965906103,0.29933620610492084,-1,0.33466042862944445,1,0.2347238005430138,-1
2026-02-02 21:00:00+00:00,0.3008,0.00021161833460922507,0.12419578652083672,-0.23474115108979196,0.3008636615307864,1,0.34057704786469484,1,0.23786527476734629,-1
2026-02-02 22:00:00+00:00,0.3005,0.0003641251793062922,0.10153537203261041,-0.23474115108979196,0.3006094395400184,1,0.33261415550745427,1,0.23762804211299055,-1
2026-02-02 23:00:00+00:00,0.2991,0.0005768761846851451,0.12402518677625263,-0.23474115108979196,0.2992725934445768,1,0.33859447501173895,1,0.2365209563926638,-1
2026-02-03 00:00:00+00:00,0.3001,0.0005646543518907115,0.05526980714100098,-0.2531435629783408,0.3002695006211305,1,0.3171533971727714,1,0.23298456097676334,-1
2026-02-03 01:00:00+00:00,0.3,-0.00035509951829875135,0.06322239255918859,-0.23188651017053374,0.29989348905662194,-1,0.3195791158844783,1,0.237910835920121,-1
2026-02-03 02:00:00+00:00,0.2945,0.0004915431047618495,0.04619445510487297,-0.22741737009009458,0.2946447950279357,1,0.3084233826972496,1,0.2345952369134506,-1
2026-02-03 03:00:00+00:00,0.2993,0.00031859790709706163,0.047079914656657576,-0.2326085722942933,0.2993953715453748,1,0.3137279877802062,1,0.23718438692842272,-1
2026-02-03 04:00:00+00:00,0.3014,-0.0005094792106699773,0.05009811538229955,-0.24510532363067852,0.3012464820763201,-1,0.31688419813676516,1,0.235882302537208,-1
2026-02-03 05:00:00+00:00,0.2978,0.0005284870075575176,0.051075261790374624,-0.2440958071334519,0.29795742502572703,1,0.31340534417945953,1,0.23330026458313063,-1
2026-02-03 06:00:00+00:00,0.298,-0.001059202820038287,0.05028172714913948,-0.22482820635211423,0.29768452466530526,-1,0.3133670582931891,1,0.2379987163461338,-1
2026-02-03 07:00:00+00:00,0.2993,0.0005465842782357289,0.056645448104652704,-0.2326085722942933,0.2994636373912147,1,0.3167433621811838,1,0.23718438692842272,-1
2026-02-03 08:00:00+00:00,0.2981,-0.0017876616747786289,0.0527668007325945,-0.23402493921532772,0.2975675740952317,-1,0.3142521852852115,1,0.2358990741073077,-1
2026-02-03 09:00:00+00:00,0.2963,-3.92038903052526e-05,0.04346782257494374,-0.24402935894218583,0.29628838411499797,-1,0.3094635384146295,1,0.2321405705304495,-1
2026-02-03 10:00:00+00:00,0.2958,0.0002993596368413122,0.04662568692900158,-0.2326085722942933,0.29588856383613515,1,0.309918462040387,1,0.23441076396066635,-1
2026-02-03 11:00:00+00:00,0.2973,-0.0006333012326502162,0.04644626619848779,-0.23188651017053374,0.29711177915007203,-1,0.3114341739153765,1,0.23576963839683993,-1
2026-02-03 12:00:00+00:00,0.2992,-0.0005870235260154237,0.04905943477974719,-0.24402935894218583,0.29902441410258473,-1,0.3142446054453054,1,0.23441261796392338,-1
2026-02-03 13:00:00+00:00,0.2996,-0.0005845161099578091,0.08007185553902875,-0.23402493921532772,0.2994249301440167,-1,0.32457612723008683,1,0.23708608722760613,-1
2026-02-03 14:00:00+00:00,0.2941,-5.572721560875791e-05,0.038969696238720666,-0.24402935894218583,0.29408361108254805,-1,0.3057872325978061,1,0.2304169483395383,-1
2026-02-03 15:00:00+00:00,0.3039,0.0002612023760563628,0.04283057021441758,-0.2281801629861658,0.3039793897700304,1,0.317198978737061,1,0.24189857746783588,-1
2026-02-03 16:00:00+00:00,0.2956,-0.00046893944272406393,0.040196224629483086,-0.23402493921532772,0.29546141399749176,-1,0.30772404196345526,1,0.23392071890681032,-1
2026-02-03 17:00:00+00:00,0.2874,-8.569690810121114e-05,0.0430907657698165,-0.2440958071334519,0.2873753717639086,-1,0.3000549844657655,1,0.2251527738119266,-1
2026-02-03 18:00:00+00:00,0.2823,0.00022527495792730692,0.0430907657698165,-0.2326085722942933,0.28236360228435486,1,0.2947304179355797,1,0.2237125039421775,-1
2026-02-03 19:00:00+00:00,0.2949,-7.679503497125267e-05,0.047968413397684276,-0.24402935894218583,0.29487735401374776,-1,0.3093906535013108,1,0.2310437200453242,-1
2026-02-03 20:00:00+00:00,0.3013,0.00026966986784468896,0.013861143801577365,-0.23402493921532772,0.30138126248771135,1,0.30550544140860814,1,0.23843136876394438,-1
2026-02-03 21:00:00+00:00,0.2968,0.00030718646628758524,0.06733605382508734,-0.2440958071334519,0.2968911869481753,1,0.3174735682046986,1,0.2325168520089764,-1
2026-02-03 22:00:00+00:00,0.2928,0.00022527495792730692,0.04656528290079046,-0.23402493921532772,0.29286596793786435,1,0.3067567428676156,1,0.23170496108225327,-1
2026-02-03 23:00:00+00:00,0.2917,0.00017873952608864346,0.04366894217499062,-0.2286364951053646,0.291752142979627,1,0.3047204561291024,1,0.23208168071903998,-1
2026-02-04 00:00:00+00:00,0.2944,0.0009750502589171893,0.059828292668625264,-0.287910813647958,0.2946871947881479,1,0.31255100739575736,1,0.22074949971985153,-1
2026-02-04 01:00:00+00:00,0.2972,0.0005373928325798858,0.05531216176666598,-0.2886734649757776,0.2973597560718821,1,0.31410190598520954,1,0.22267912810986198,-1
2026-02-04 02:00:00+00:00,0.2951,-6.796009141674236e-05,0.053730109370718315,-0.287910813647958,0.29507994565847806,-1,0.3113894536583921,1,0.22127437964445715,-1
2026-02-04 03:00:00+00:00,0.3011,0.0004701669986825213,0.036465233586251006,-0.27674441515074477,0.301241600568652,1,0.3122823258144681,1,0.2283085538309538,-1
2026-02-04 04:00:00+00:00,0.2996,0.0006231753711390272,0.03482076725454217,-0.2841465896227987,0.2997867615277414,1,0.31021605889739934,1,0.2254958289825592,-1
2026-02-04 05:00:00+00:00,0.2973,0.000860961110708241,0.0004594166207054828,-0.28446720794896446,0.2975560739572549,1,0.29743661594074977,1,0.2236929879110517,-1
2026-02-04 06:00:00+00:00,0.2993,-3.6526288798354604e-05,0.023598685937890974,-0.287910813647958,0.29928906788141874,-1,0.30644708593937414,1,0.22442365919209092,-1
2026-02-04 07:00:00+00:00,0.2998,-3.6526288798354604e-05,0.07012724844985563,-0.28446720794896446,0.29978904961860786,-1,0.3215788705493787,1,0.22557402548178035,-1
2026-02-04 08:00:00+00:00,0.3022,-0.0003278683189845752,0.04075851952922562,-0.2841465896227987,0.3021009344351204,-1,0.314771685902595,1,0.22745273537559882,-1
2026-02-04 09:00:00+00:00,0.3001,0.0007162351615349221,0.05607454583861894,-0.2841465896227987,0.3003150191649278,1,0.31740872550707366,1,0.22587215713506684,-1
2026-02-04 10:00:00+00:00,0.2997,-0.0003981855083299149,0.05503964423139085,-0.28446720794896446,0.2995806875589725,-1,0.3166577756235375,1,0.2254987839789512,-1
2026-02-04 11:00:00+00:00,0.2972,-0.00038423346387009944,0.055566351570170605,-0.27797787043191696,0.297085827750342,-1,0.31418175763528,1,0.22507359608041783,-1
2026-02-04 12:00:00+00:00,0.2964,0.0004463636990272133,0.058755028934021986,-0.2781607820717791,0.29653233173223525,1,0.31433676850955095,1,0.22442669120750558,-1
2026-02-04 13:00:00+00:00,0.2916,-4.490810149443893e-05,0.06819295578408763,-0.28446720794896446,0.2915869050916402,-1,0.3121787548376901,1,0.21940422224979036,-1
2026-02-04 14:00:00+00:00,0.287,-4.490810149443893e-05,0.06874110714091099,-0.2886734649757776,0.2869871116642686,-1,0.3074225922082624,1,0.21503670850447637,-1
2026-02-04 15:00:00+00:00,0.2866,0.0007269594246268968,0.06838472569722762,-0.2841465896227987,0.28680842231920395,1,0.3068847411473376,1,0.21571129701736141,-1
2026-02-04 16:00:00+00:00,0.2858,-5.392192818802985e-05,0.06959966303027876,-0.2787916546590694,0.2857845895284088,-1,0.3064001503381413,1,0.21626415727499143,-1
2026-02-04 17:00:00+00:00,0.2857,0.000667650441804026,0.06959966303027876,-0.2764715878520595,0.28589081142180045,1,0.30629294244789,1,0.2166906415450222,-1
2026-02-04 18:00:00+00:00,0.2877,-0.0001237786677810556,0.07024950069816999,-0.2841465896227987,0.2876643910811371,-1,0.3086375994377406,1,0.21653921895287814,-1
2026-02-04 19:00:00+00:00,0.2924,0.000526618910035218,0.06791879800716423,-0.27674441515074477,0.29255402392168955,1,0.31294940305222385,1,0.22171179388964096,-1
2026-02-04 20:00:00+00:00,0.2895,0.0006703437716748555,0.06874110714091099,-0.2781607820717791,0.2896941295814082,1,0.3101004893529337,1,0.21920218321380858,-1
2026-02-04 21:00:00+00:00,0.2854,0.0007392871514572255,0.07497013925021412,-0.28446720794896446,0.2856110705642907,1,0.30761895079280704,1,0.21473924907438327,-1
2026-02-04 22:00:00+00:00,0.2835,0.000614707879350701,0.0692764695737471,-0.28446720794896446,0.28367432325724656,1,0.30383615513500245,1,0.2133096605206295,-1
2026-02-04 23:00:00+00:00,0.2864,0.0004138725062445251,0.07039981850371349,-0.2841465896227987,0.28651855761796535,1,0.3072891784531865,1,0.21556076575635835,-1
2026-02-05 00:00:00+00:00,0.2864,0.0006199421213149051,0.08862946012484264,-0.20367673350029092,0.28657760647072245,1,0.31294232087723906,1,0.23362393369365508,-1
2026-02-05 01:00:00+00:00,0.2861,0.0008830447716066618,0.09287477300129926,-0.21068047681831,0.2863527506878195,1,0.3139444856727886,1,0.23175039833033967,-1
2026-02-05 02:00:00+00:00,0.2842,0.000384855210528715,0.09287834965309072,-0.21642538263534608,0.2843093969004656,1,0.31186068489500746,1,0.2288925851493233,-1
2026-02-05 03:00:00+00:00,0.2828,-0.00025066695163920844,0.09264926306711471,-0.21438693966645622,0.2827291202700505,-1,0.3102533423427476,1,0.22822979503589833,-1
2026-02-05 04:00:00+00:00,0.2833,9.585945355733187e-05,0.08862946012484264,-0.20367673350029092,0.28332715828486116,1,0.30955502620293934,1,0.2310951830147084,-1
2026-02-05 05:00:00+00:00,0.2839,0.0006993991803969911,0.09287477300129926,-0.21175644150680245,0.2840986288796557,1,0.31153037218631485,1,0.22972102133188338,-1
2026-02-05 06:00:00+00:00,0.2797,0.0006199421213149051,0.09410075141684414,-0.21560578332532382,0.27987345157074395,1,0.30729812009441065,1,0.22545302375917112,-1
2026-02-05 07:00:00+00:00,0.2794,-0.00025066695163920844,0.08909900181117364,-0.211078907972345,0.2793299724308773,-1,0.3054369726942735,1,0.22623302199325074,-1
2026-02-05 08:00:00+00:00,0.2808,-0.0003786061175650149,0.08979781291401769,-0.21068047681831,0.2806937075249481,-1,0.3071820243468892,1,0.22745722422635223,-1
2026-02-05 09:00:00+00:00,0.2804,-0.00022309261454754128,0.09287477300129926,-0.211078907972345,0.2803374518081601,-1,0.3076897370941975,1,0.2270427321650233,-1
2026-02-05 10:00:00+00:00,0.2728,-0.00028210075425759613,0.08862946012484264,-0.19685560407929836,0.27272305376804384,-1,0.29808193133837574,1,0.2240531547936035,-1
2026-02-05 11:00:00+00:00,0.2721,-0.00025066695163920844,0.08979781291401769,-0.20491018878146317,0.27203180207029964,-1,0.2976646325669108,1,0.22168544374134347,-1
2026-02-05 12:00:00+00:00,0.272,0.000384855210528715,0.08909900181117364,-0.20509310042132528,0.2721047007632887,1,0.29734737499227776,1,0.2215634414539039,-1
2026-02-05 13:00:00+00:00,0.27,0.0006163189110339021,0.08535593687275976,-0.20367673350029092,0.27016645739613065,1,0.29405825555939485,1,0.22024602687600167,-1
2026-02-05 14:00:00+00:00,0.2718,0.00032823955757667366,0.08844916414328241,-0.20509310042132528,0.2718892301553815,1,0.29693571449440226,1,0.22140052715871716,-1
2026-02-05 15:00:00+00:00,0.2623,0.0008098931515692901,0.08979781291401769,-0.1960725365653509,0.2625125210217001,1,0.2869438924009581,1,0.21559816983814797,-1
2026-02-05 16:00:00+00:00,0.2653,-0.0006206805933954753,0.08844916414328241,-0.19151233129657533,0.26513538453067054,-1,0.2898346028527039,1,0.21906071522144713,-1
2026-02-05 17:00:00+00:00,0.258,-0.0015740296160859726,0.08909900181117364,-0.19753840845946294,0.25759421979785674,-1,0.2820427306912046,1,0.21175314301375125,-1
2026-02-05 18:00:00+00:00,0.2589,-0.0006447692847278081,0.09410075141684414,-0.1940744743761151,0.25873312303653545,-1,0.2844457750891774,1,0.2132291507158202,-1
2026-02-05 19:00:00+00:00,0.2538,-0.000253463845588765,0.08909900181117364,-0.19847739611354753,0.25373567902785443,-1,0.2774513374008827,1,0.20811049386672256,-1
2026-02-05 20:00:00+00:00,0.2477,0.0006920210628580372,0.09287834965309072,-0.20218374329791539,0.24787147294187056,1,0.2718082042522637,1,0.2023572284506184,-1
2026-02-05 21:00:00+00:00,0.2472,0.000384855210528715,0.08723422681023127,-0.19685560407929836,0.24729515451722411,1,0.2697328304883678,1,0.2030276388012419,-1
2026-02-05 22:00:00+00:00,0.2493,-0.0018290437373586416,0.08759060825391464,-0.19757035504484088,0.24884443614638685,-1,0.2721212118364813,1,0.2046060934812154,-1
2026-02-05 23:00:00+00:00,0.2455,-0.0006472767007854227,0.08909900181117364,-0.20016969978366259,0.24534114498707776,-1,0.2683778697081036,1,0.2009642933896822,-1
2026-02-06 00:00:00+00:00,0.2439,-0.000755449286252495,0.05294546745533592,-0.2750977984278534,0.24371581549886753,-1,0.25716136639853193,1,0.1852415236388816,-1
2026-02-06 01:00:00+00:00,0.252,-0.001380513985780884,0.052775293198715455,-0.26479928598504127,0.25165235049829593,-1,0.26565656902479146,1,0.19337470851315544,-1
2026-02-06 02:00:00+00:00,0.2461,0.0006759167817497552,0.05657453696192313,-0.25695549040481375,0.24626639934970992,1,0.260424370420308,1,0.19033438892574484,-1
2026-02-06 03:00:00+00:00,0.249,0.0006666438716643982,0.05214688184203549,-0.26078762100530345,0.24916604966589093,1,0.2623290884359153,1,0.1918406875903618,-1
2026-02-06 04:00:00+00:00,0.2513,-0.0005080415784959162,0.054419676437445226,-0.25732623950331657,0.25117236157688233,-1,0.2653546202382909,1,0.19428403865082103,-1
2026-02-06 05:00:00+00:00,0.2579,2.747476420240022e-05,0.05214688184203549,-0.2586677989984823,0.2579070858390282,1,0.2717055096691669,1,0.1991192942860167,-1
2026-02-06 06:00:00+00:00,0.2544,0.000860961110708241,0.052775293198715455,-0.2684902293026202,0.25461912282114246,1,0.26818663158693234,1,0.19449716792651137,-1
2026-02-06 07:00:00+00:00,0.2515,0.0004312983768190648,0.05980059883237881,-0.2596237907217337,0.25160849493693327,1,0.2669986463059351,1,0.19399244185965248,-1
2026-02-06 08:00:00+00:00,0.251,0.0006877696422493955,0.05294546745533592,-0.2684902293026202,0.25117268955871536,1,0.26464740863481556,1,0.1918977560910155,-1
2026-02-06 09:00:00+00:00,0.2571,-0.0005487247831177703,0.05214688184203549,-0.25695549040481375,0.2569589615574437,-1,0.27086268528864993,1,0.19884181793095893,-1
2026-02-06 10:00:00+00:00,0.262,-0.001063198127520161,0.05214688184203549,-0.2736814315068191,0.26172159011924767,-1,0.2760249846193165,1,0.19927047490277974,-1
2026-02-06 11:00:00+00:00,0.2616,0.0006615772972978586,0.05234800144208236,-0.2586677989984823,0.2617731258827354,1,0.2756590072836475,1,0.20197598831028293,-1
2026-02-06 12:00:00+00:00,0.2625,0.0006976880422608909,0.05380402334470372,-0.27307491175117077,0.26268320701433345,1,0.27701041517116487,1,0.19977189092986,-1
2026-02-06 13:00:00+00:00,0.2646,-0.0006584853616868392,0.05289212943487395,-0.25695549040481375,0.2644258221263814,-1,0.2789719896092825,1,0.20464233770724127,-1
2026-02-06 14:00:00+00:00,0.2711,-0.0011342397193261197,0.03653026977993118,-0.2684902293026202,0.27079268193121775,-1,0.28118646514281287,1,0.20726486723615262,-1
2026-02-06 15:00:00+00:00,0.2735,-0.0015560374463399358,0.0360793526406045,-0.2684902293026202,0.273074754693039,-1,0.28354787339505494,1,0.20909974617885557,-1
2026-02-06 16:00:00+00:00,0.2784,-0.0005870235260154237,0.04495791585714364,-0.25695549040481375,0.2782366206088221,-1,0.291201900958313,1,0.2153152940956008,-1
2026-02-06 17:00:00+00:00,0.2807,-0.0013470195007179483,0.03492735738248987,-0.2586677989984823,0.2803221461715196,-1,0.29067733593055795,1,0.21672270611122485,-1
2026-02-06 18:00:00+00:00,0.2777,-0.0013741487684448678,0.03468570840363197,-0.25695549040481375,0.27731866095529856,-1,0.28750121971529424,1,0.21477391224981446,-1
2026-02-06 19:00:00+00:00,0.2782,-0.0012649549602647117,0.053447575899697945,-0.2684902293026202,0.277848312011682,-1,0.29347364961441863,1,0.21269305077498213,-1
2026-02-06 20:00:00+00:00,0.2757,-0.0015247835788766183,0.035822362981436554,-0.2586677989984823,0.27527993750088997,-1,0.2857552516578467,1,0.21286230878113535,-1
2026-02-06 21:00:00+00:00,0.2764,0.0001911617161312709,0.035946002187567994,-0.2586677989984823,0.27645284214887567,1,0.2865162043041183,1,0.21340276440734784,-1
2026-02-06 22:00:00+00:00,0.2792,-0.0006584853616868392,0.053193622325254236,-0.27295936938305954,0.27901621140470784,-1,0.294453764220711,1,0.2125057403699282,-1
2026-02-06 23:00:00+00:00,0.2762,-0.0005870235260154237,0.03382330731587518,-0.25695549040481375,0.27603791168159725,-1,0.2857017825033854,1,0.21361380829455798,-1
2026-02-07 00:00:00+00:00,0.2732,0.0003393560683337088,0.0722049600546098,-0.2313609653468142,0.2732927278108515,1,0.2936560215848331,1,0.21677136104739045,-1
2026-02-07 01:00:00+00:00,0.2745,0.0004130287206472362,0.08345774291064441,-0.2313609653468142,0.27461339980089294,1,0.29839228214214775,1,0.21780284995427776,-1
2026-02-07 02:00:00+00:00,0.2729,0.0003393560683337088,0.07090353132629228,-0.2279462906193958,0.27299262598675467,1,0.2929520544801393,1,0.217273979846595,-1
2026-02-07 03:00:00+00:00,0.2759,0.0009921623171853695,0.08765348573012641,-0.23476114839193815,0.2761738734242906,1,0.3011751432992347,1,0.2181706015887586,-1
2026-02-07 04:00:00+00:00,0.2742,0.00036191400592241687,0.08370195206393265,-0.2296486567531457,0.2742992547801881,1,0.2981389697342481,1,0.21793767128569136,-1
2026-02-07 05:00:00+00:00,0.274,0.00029405696874377677,0.0795239424889636,-0.23596543989488328,0.27408058345691866,1,0.2966793864689686,1,0.21640738359027578,-1
2026-02-07 06:00:00+00:00,0.27,0.00021043149873526708,0.07213223371241234,-0.2296486567531457,0.270056822483069,1,0.2901953139638896,1,0.21459945750232193,-1
2026-02-07 07:00:00+00:00,0.2683,0.00029405696874377677,0.0741281968088929,-0.2333447814709038,0.2683789070857346,1,0.2889443052783054,1,0.21246153834531645,-1
2026-02-07 08:00:00+00:00,0.2697,0.0008140280514095876,0.08818567084460731,-0.2279462906193958,0.2699196327469455,1,0.29456388335898515,1,0.21472624538155616,-1
2026-02-07 09:00:00+00:00,0.2677,0.00012197209122834213,0.0862678166262065,-0.2328399744199798,0.26773265392021484,1,0.29181929768250614,1,0.2120934492941812,-1
2026-02-07 10:00:00+00:00,0.267,0.0001688498477663865,0.061879833778698906,-0.2279462906193958,0.26704508671568905,1,0.2840438115200035,1,0.21257659442667964,-1
2026-02-07 11:00:00+00:00,0.2672,0.00012197209122834213,0.0767138023646805,-0.2328399744199798,0.26723259293044976,1,0.28850466164345784,1,0.21169730911992984,-1
2026-02-07 12:00:00+00:00,0.272,-0.0009468722572591132,0.07613119133692146,-0.24300000996387375,0.27174257264067136,-1,0.2935163244440246,1,0.21332184962035136,-1
2026-02-07 13:00:00+00:00,0.271,-0.0012306936304569006,0.09270680095385345,-0.2430177804218785,0.2706666871712037,-1,0.2973249420871151,1,0.21253380125784624,-1
2026-02-07 14:00:00+00:00,0.2692,0.0001719295560058489,0.08329200897458458,-0.2279462906193958,0.26924628741545015,1,0.2925824790979596,1,0.21432816187139384,-1
2026-02-07 15:00:00+00:00,0.2727,-0.0005421594914257914,0.07478988618192184,-0.18285622575133736,0.2725521931777445,-1,0.29387725378692564,1,0.22712852895572683,-1
2026-02-07 16:00:00+00:00,0.2732,-0.0010632326442732971,0.040450408519313884,-0.29134024418766374,0.27290967920820586,-1,0.2844776057952185,1,0.2041518099495356,-1
2026-02-07 17:00:00+00:00,0.2739,0.0006511265748384538,0.006317202318332663,-0.2510681332149628,0.2740784016435708,1,0.27563575851142524,1,0.21308580885418044,-1
2026-02-07 18:00:00+00:00,0.277,-0.0006287097103711834,0.014374360696254751,-0.19429065974112847,0.2768259021444681,-1,0.28101045270591346,1,0.22808693415748132,-1
2026-02-07 19:00:00+00:00,0.2746,-0.00020215100728335583,-0.01873772803007843,-0.2617131887354423,0.2745444949437905,-1,0.26950252656214574,-1,0.2113683412385155,-1
2026-02-07 20:00:00+00:00,0.2756,0.0001688498477663865,-0.003629185094712546,-0.20037291872474283,0.27564653894698093,1,0.2746016093559347,-1,0.22555806503637635,-1
2026-02-07 21:00:00+00:00,0.2732,-0.00028823833034516237,0.01701655884767553,-0.29276438514771785,0.27312126463596975,-1,0.2778887035378707,1,0.20386127592472436,-1
2026-02-07 22:00:00+00:00,0.2725,0.00024409142701084654,0.07213223371241234,-0.26370926293634833,0.27256652303238116,1,0.29288230761170336,1,0.2093336417583569,-1
2026-02-07 23:00:00+00:00,0.2721,0.0006936265530195093,0.07068625185350026,-0.253523632306607,0.2722888012562893,1,0.29202981337120815,1,0.21116630818822238,-1
2026-02-08 00:00:00+00:00,0.2717,-1.9100418223814836e-05,-0.05462633588192214,-0.3000249905983637,0.27169481046592986,-1,0.2572561241242625,-1,0.2012752805066753,-1
2026-02-08 01:00:00+00:00,0.2721,0.0007274852466820529,-0.06337264806087416,-0.2195026286312368,0.272298020755478,1,0.2553913303719232,-1,0.2184740006199364,-1
2026-02-08 02:00:00+00:00,0.2707,4.7799369330890375e-05,-0.06125022927804893,-0.33082292957817266,0.27071293959852777,1,0.2546171303746018,-1,0.1944525680092786,-1
2026-02-08 03:00:00+00:00,0.2698,0.0004312983768190648,-0.06584192648976209,-0.20505070705587006,0.2699163893995411,1,0.2526080346688113,-1,0.21978070125294658,-1
2026-02-08 04:00:00+00:00,0.2709,-0.00042600110070313866,-0.040993283932870384,-0.4340356138795558,0.2707846208793806,-1,0.26001945760512685,-1,0.17551317919444992,-1
2026-02-08 05:00:00+00:00,0.2703,0.0003763269328378477,-0.023395565380226014,-0.42582882580541265,0.2704017403125552,1,0.2640495798305695,-1,0.1765675684999261,-1
2026-02-08 06:00:00+00:00,0.2702,-0.0008625666022984934,-0.01600066756924621,-0.39890394354643083,0.2699670349924207,-1,0.2659110243648567,-1,0.18131910353927683,-1
2026-02-08 07:00:00+00:00,0.2711,-0.0005906480405709693,-0.014341519220578358,-0.41520596042832963,0.27093992259555766,-1,0.2672397611481474,-1,0.17898138322034102,-1
2026-02-08 08:00:00+00:00,0.2755,-0.0005870235260154237,0.00865539177934281,-0.24395336262897613,0.27533832247748025,-1,0.277894909925685,1,0.21586091019002687,-1
2026-02-08 09:00:00+00:00,0.2722,0.0006632313539532507,-0.021682566005243716,-0.4021748603238206,0.27238059145488386,1,0.266361530767248,-1,0.18206472029738507,-1
2026-02-08 10:00:00+00:00,0.271,-0.0011342397193261197,-0.011016497293343174,-0.36948139385404544,0.270692795290889,-1,0.26803091372704224,-1,0.1872861061472585,-1
2026-02-08 11:00:00+00:00,0.2746,-0.0005870235260154237,0.10575738227747535,-0.33082292957817266,0.2744388506436155,-1,0.30523222355754914,1,0.19725406418673036,-1
2026-02-08 12:00:00+00:00,0.275,-0.0005845161099578091,0.10575738227747535,-0.33440602336642505,0.27483930503873366,-1,0.30567684442216325,1,0.19683485433549677,-1
2026-02-08 13:00:00+00:00,0.2742,-0.001380513985780884,-0.025426163145955135,-0.3308345112173244,0.2738217242326696,-1,0.2673160333586755,-1,0.196964450061057,-1
2026-02-08 14:00:00+00:00,0.2747,-0.0015560374463399358,0.006290738987742527,-0.33270602169209323,0.27427288890010165,-1,0.27643351282153344,1,0.19695466422359656,-1
2026-02-08 15:00:00+00:00,0.2727,-0.000755449286252495,-0.03669712270873397,-0.38075151675742686,0.2724940667754866,-1,0.26287408864548534,-1,0.18634890932810672,-1
2026-02-08 16:00:00+00:00,0.2684,-0.0005845161099578091,-0.028074296073345693,-0.27710623753913877,0.2682431617178041,-1,0.2609696479090708,-1,0.2034402128887853,-1
2026-02-08 17:00:00+00:00,0.2708,0.0009140279063619641,-0.05080651505690967,-0.20908434560222597,0.27104763191104114,1,0.2573852593349549,-1,0.21970729768635833,-1
2026-02-08 18:00:00+00:00,0.273,0.000526618910035218,0.003724873855684752,-0.34558291116946205,0.27314380482428613,1,0.2740187868108348,1,0.19323148686971958,-1
2026-02-08 19:00:00+00:00,0.2746,0.0007373202768605964,-0.09133863484322713,-0.33082292957817266,0.2748025428083098,1,0.25062977706574746,-1,0.19725406418673036,-1
2026-02-08 20:00:00+00:00,0.2709,0.0004082463868967614,-0.02296633329072731,-0.20927095053453065,0.2710106165240721,1,0.2647493199425274,-1,0.2197474205877119,-1
2026-02-08 21:00:00+00:00,0.2701,0.000349572338541523,-0.0437427558826045,-0.2414120931414009,0.270194435993784,1,0.2585397631930232,-1,0.21216837213873982,-1
2026-02-08 22:00:00+00:00,0.2711,0.0002882605210873127,-0.0563897390274242,-0.36948139385404544,0.2711781586917582,1,0.25623577519488233,-1,0.18735521541151945,-1
2026-02-08 23:00:00+00:00,0.2701,0.00013881450095361463,-0.051895995143008994,-0.23183126901017065,0.27013749639916934,1,0.2564403965941278,-1,0.2142108888713105,-1
2026-02-09 00:00:00+00:00,0.2703,-0.00046874460564224745,-0.04642114903264269,-0.1905880457810328,0.270173328023817,-1,0.2580391465562301,-1,0.22339564840390724,-1
2026-02-09 01:00:00+00:00,0.2695,7.828873099017844e-05,-0.043312632750572386,-0.2528868302270777,0.26952109963892307,1,0.2580764238674025,-1,0.209281777182571,-1
2026-02-09 02:00:00+00:00,0.2717,-0.00037929096292436417,-0.10062004844615186,-0.15621236811380493,0.27159696618650586,-1,0.24569193833663894,-1,0.2324060711436871,-1
2026-02-09 03:00:00+00:00,0.2735,-0.0004017983451790676,0.020419463869605175,-0.33843270817482224,0.2733901302268182,-1,0.27914213198208165,1,0.19497452591314174,-1
2026-02-09 04:00:00+00:00,0.2723,-0.0011342397193261197,-0.05075430252315911,-0.39103351288273863,0.27199132161516265,-1,0.2588244666927701,-1,0.18417214424660033,-1
2026-02-09 05:00:00+00:00,0.2726,-0.0012920842279916316,-0.10589066709158525,-0.33920340729070836,0.2722480052918256,-1,0.24520996711884638,-1,0.19418321332299904,-1
2026-02-09 06:00:00+00:00,0.2712,-0.0006584853616868392,-0.03142641230001612,-0.16238108730468676,0.27102147755357003,-1,0.2628096862390386,-1,0.2305517775724455,-1
2026-02-09 07:00:00+00:00,0.2693,-0.0006333012326502162,-0.05240127262998306,-0.2494031736094616,0.26912950597078505,-1,0.255551697361909,-1,0.20985626126792545,-1
2026-02-09 08:00:00+00:00,0.2665,0.0002849563295790253,-0.0028372879873215656,-0.22887768308959508,0.26657595168277526,1,0.2657449344271544,-1,0.21198098145211908,-1
2026-02-09 09:00:00+00:00,0.2642,-3.649605761349008e-05,0.0041323547032928966,-0.2325841459377413,0.26419035791752854,-1,0.2652940270096069,1,0.20937402506247998,-1
2026-02-09 10:00:00+00:00,0.2606,0.0006935372450360821,-0.03277506007451783,-0.22887768308959508,0.2607807984940542,1,0.2521972714844996,-1,0.20728796910477384,-1
2026-02-09 11:00:00+00:00,0.2617,-2.189731217337136e-05,0.03658390816113025,-0.22887768308959508,0.26169426953614533,-1,0.27145129138458113,1,0.20816293750851617,-1
2026-02-09 12:00:00+00:00,0.2648,-0.0003923527014466053,-0.011067632206732254,-0.2325841459377413,0.2646961253837326,-1,0.2618854493299077,-1,0.20984951489986636,-1
2026-02-09 13:00:00+00:00,0.2627,3.392126419094184e-05,0.04183241121929344,-0.23334679726556087,0.26270891126724283,1,0.27392246938826453,1,0.2080265882019321,-1
2026-02-09 14:00:00+00:00,0.266,2.747476420240022e-05,0.12087089139126529,-0.22887768308959508,0.2660073083876755,1,0.300175468950616,1,0.2115832685413271,-1
2026-02-09 15:00:00+00:00,0.2679,-0.0004954018096515292,0.022196216772809613,-0.24111379583179054,0.2677673147241709,-1,0.2739128508826442,1,0.21050301598063467,-1
2026-02-09 16:00:00+00:00,0.2698,-0.001063198127520161,-0.0669645097391169,-0.17501846308666527,0.26951330158081305,-1,0.2523246202283545,-1,0.2264813226206422,-1
2026-02-09 17:00:00+00:00,0.2719,0.0006857387362079542,-0.08033810026368689,-0.3501838169740477,0.2720865163057939,1,0.25091048733796584,-1,0.1915694746367324,-1
2026-02-09 18:00:00+00:00,0.2703,-0.0004986068015810189,-0.05100491997568069,-0.1636145081713293,0.2701652601754206,-1,0.2568590609014732,-1,0.22950342315813266,-1
2026-02-09 19:00:00+00:00,0.2711,-0.0013741487684448678,-0.03320897416075122,-0.39652284159792894,0.2707277241086836,-1,0.2622448953711227,-1,0.18235674664664678,-1
2026-02-09 20:00:00+00:00,0.2711,-0.0006584853616868392,-0.0397109908200247,-0.3580856697243021,0.27092154338043084,-1,0.26054530605930015,-1,0.1895024753140266,-1
2026-02-09 21:00:00+00:00,0.2704,-0.0012880617582584444,0.007101896579978727,-0.37473913734450137,0.2700519323150274,-1,0.2723271880803297,1,0.18589150681283487,-1
2026-02-09 22:00:00+00:00,0.2707,-0.00021336456268977228,-0.03949219814281559,-0.40746594090515154,0.27064224837417417,-1,0.26021780671950023,-1,0.18010594403441468,-1
2026-02-09 23:00:00+00:00,0.2699,0.0006545673857375396,-0.034631110491867845,-0.18180888423977423,0.2700767255704979,1,0.26071305842313625,-1,0.22503200483147393,-1
2026-02-10 00:00:00+00:00,0.2686,-0.0005119866267275919,-0.06829084416642676,-0.24434606261567754,0.2684625155901538,-1,0.25086938869301234,-1,0.21037196409238945,-1
2026-02-10 01:00:00+00:00,0.2702,-0.0013741487684448678,-0.07746279793269455,-0.24362701313547683,0.26982895999323614,-1,0.25005968455614813,-1,0.21177733421237496,-1
2026-02-10 02:00:00+00:00,0.2693,-0.0005647030750811625,-0.06561041651088007,-0.24657410248259556,0.2691479683922789,-1,0.25219827490137037,-1,0.2104508001573338,-1
2026-02-10 03:00:00+00:00,0.2662,-0.0005870235260154237,0.06860439849361648,-0.24362701313547683,0.2660437801942114,-1,0.28510350918521044,1,0.2086422145349157,-1
2026-02-10 04:00:00+00:00,0.2678,-0.0005870235260154237,0.016117940460662342,-0.23604192702356064,0.2676428412321931,-1,0.27215135771551924,1,0.2114943969627472,-1
2026-02-10 05:00:00+00:00,0.2658,-0.001044097747884366,0.06860439849361648,-0.23827207817174742,0.26552262364782286,-1,0.28467510421273073,1,0.20944728150626346,-1
2026-02-10 06:00:00+00:00,0.2622,-5.0534220842202606e-05,0.0805032678641848,-0.24733675381041514,0.2621867502620806,-1,0.28418085225250983,1,0.20474612919402396,-1
2026-02-10 07:00:00+00:00,0.2629,-2.189731217337136e-05,0.0803170606771219,-0.24362701313547683,0.26289424325965843,-1,0.2848864820747103,1,0.2060557408010118,-1
2026-02-10 08:00:00+00:00,0.2642,-0.0001447275123307594,0.08136182375355257,-0.237458293944595,0.2641617657580823,-1,0.28659446880168754,1,0.20835598812238088,-1
2026-02-10 09:00:00+00:00,0.2645,-0.0008988977215332895,0.07854111401830509,-0.24434606261567754,0.2642623483809061,-1,0.2861117204011191,1,0.20716077625628074,-1
2026-02-10 10:00:00+00:00,0.2639,-0.0010292455707528866,0.08136182375355257,-0.24733675381041514,0.2636285218266978,-1,0.28626903980607626,1,0.20607362125973658,-1
2026-02-10 11:00:00+00:00,0.2631,-0.001063198127520161,0.08601617474031602,-0.24657410248259556,0.26282042122280175,-1,0.2867326827662556,1,0.2056056647656685,-1
2026-02-10 12:00:00+00:00,0.2625,-0.0005870235260154237,0.08406714850457567,-0.24434606261567754,0.26234595154387863,-1,0.28552175634009574,1,0.20559434316549602,-1
2026-02-10 13:00:00+00:00,0.2634,-0.0013798067707053872,0.08334365324380096,-0.24362701313547683,0.2630368095205597,-1,0.2862934811517395,1,0.2064476307606942,-1
2026-02-10 14:00:00+00:00,0.2629,-0.0006728734482638126,0.08218413288729932,-0.24362701313547683,0.26272316107223315,-1,0.2854188825688704,1,0.2060557408010118,-1
2026-02-10 15:00:00+00:00,0.2634,-0.0013470195007179483,0.08218413288729932,-0.24362701313547683,0.26304543392083457,-1,0.28596171041704244,1,0.2064476307606942,-1
2026-02-10 16:00:00+00:00,0.263,-0.0006584853616868392,0.08218413288729932,-0.23908104474932385,0.26282687535615384,-1,0.2855274481385048,1,0.20707333117772675,-1
2026-02-10 17:00:00+00:00,0.2644,-0.0009811335870669247,0.08406714850457567,-0.23531986489980108,0.26414071549674634,-1,0.28758839000503356,1,0.20896008295497664,-1
2026-02-10 18:00:00+00:00,0.261,-0.0009811335870669247,0.08406714850457567,-0.24657410248259556,0.26074404971501813,-1,0.2838902034467238,1,0.20396457052010444,-1
2026-02-10 19:00:00+00:00,0.2626,-0.0013741487684448678,0.0830426887766671,-0.24657410248259556,0.26223939635167953,-1,0.285338059397473,1,0.2052149280405342,-1
2026-02-10 20:00:00+00:00,0.2619,0.000653174085251743,0.08218413288729932,-0.24657410248259556,0.262071122173128,1,0.28433322687252627,1,0.2046678966253462,-1
2026-02-10 21:00:00+00:00,0.2614,-0.0006733847457992586,0.08421746631011917,-0.24362701313547683,0.26122403647967246,-1,0.28436802658346266,1,0.20488007092196456,-1
2026-02-10 22:00:00+00:00,0.2618,-0.0012991118691570364,0.0830426887766671,-0.24434606261567754,0.26146011333585645,-1,0.2844687888433298,1,0.20504609158372133,-1
2026-02-10 23:00:00+00:00,0.262,-0.0010292455707528866,0.08218413288729932,-0.24733675381041514,0.26173047638724833,-1,0.28444179244216067,1,0.20458995365688132,-1
2026-02-11 00:00:00+00:00,0.2628,0.0009599569489176791,-0.00963653795020906,-0.27109804161621964,0.26305239781231005,1,0.26027968090562537,-1,0.20039596714759775,-1
2026-02-11 01:00:00+00:00,0.2632,9.297426601472188e-06,-0.00946636369358859,-0.27109804161621964,0.2632024470940573,1,0.2607202088963176,-1,0.20070098384036425,-1
2026-02-11 02:00:00+00:00,0.2629,-0.00014018270064190239,-0.011260622019088128,-0.2709209806986011,0.26286314855102944,-1,0.25995618815403543,-1,0.20050772025889801,-1
2026-02-11 03:00:00+00:00,0.2625,0.0007463015284597862,0.06720536395290906,-0.2714495017719645,0.26269597727119315,1,0.28074771256108294,1,0.20009686619241213,-1
2026-02-11 04:00:00+00:00,0.2588,0.0003561422529084001,0.06122662071664406,-0.26980717258842085,0.25889218602974845,1,0.2751405844834228,1,0.1976007122948563,-1
2026-02-11 05:00:00+00:00,0.2577,2.541812697761007e-05,0.06148802240476236,-0.28223249919234733,0.2577065503345704,1,0.2740427565625982,1,0.19433114141797242,-1
2026-02-11 06:00:00+00:00,0.2555,-8.569690810121114e-05,0.058263746503054555,-0.2714495017719645,0.25547810537814425,-1,0.2708286020818137,1,0.19476094976061448,-1
2026-02-11 07:00:00+00:00,0.2555,-0.00011154579197307114,0.06121729083823517,-0.27226910108198676,0.2554715016396165,-1,0.2716296888055232,1,0.19460138921735892,-1
2026-02-11 08:00:00+00:00,0.2553,-2.4293412990370126e-05,0.06701229831699772,-0.2714495017719645,0.2552937979669982,-1,0.2729944929301432,1,0.19460849500542027,-1
2026-02-11 09:00:00+00:00,0.254,-0.00014018270064190239,0.053836091383166876,-0.2806097483876185,0.2539643960896214,-1,0.2680491497811008,1,0.19185205317778348,-1
2026-02-11 10:00:00+00:00,0.2529,-0.00011713071071959893,0.058263746503054555,-0.2691436035758142,0.25287037937803514,-1,0.26807261630720425,1,0.19322407969222472,-1
2026-02-11 11:00:00+00:00,0.2554,-0.000660281903170948,0.07014445761343606,-0.27226910108198676,0.25523141966332763,-1,0.27395816197624523,1,0.1945252242900723,-1
2026-02-11 12:00:00+00:00,0.2545,-0.0005809004676966507,0.06658274496189613,-0.2714495017719645,0.254352203762579,-1,0.27202217289025704,1,0.19399867598464338,-1
2026-02-11 13:00:00+00:00,0.2565,0.00028667845303814797,-0.013391266705190386,-0.2708831372769132,0.2565735435643782,1,0.2530880363354993,-1,0.1956339923131448,-1
2026-02-11 14:00:00+00:00,0.2539,-0.0006584853616868392,0.06195404154147129,-0.26980717258842085,0.25373286560048464,-1,0.27012762439194127,1,0.19385943142064924,-1
2026-02-11 15:00:00+00:00,0.2531,-0.0006584853616868392,0.05522071535056004,-0.2714495017719645,0.25293339221537087,-1,0.2674694576750389,1,0.19293149269828383,-1
2026-02-11 16:00:00+00:00,0.2517,0.00012789944375980674,0.053836091383166876,-0.2691436035758142,0.2517321943487701,1,0.2656219330704845,1,0.19230723945643716,-1
2026-02-11 17:00:00+00:00,0.2553,-0.00017294928708391213,0.062151613714591075,-0.27109804161621964,0.25525584986498473,-1,0.2716707725017799,1,0.1946769041582257,-1
2026-02-11 18:00:00+00:00,0.2581,5.0306785388504926e-05,0.074072856335535,-0.2784713193428245,0.2581129845079105,1,0.27794408574849355,1,0.1953662080571363,-1
2026-02-11 19:00:00+00:00,0.2572,0.0004915431047618495,0.06132065724374043,-0.2715860420426605,0.25732645596327697,1,0.2734652752928875,1,0.19603004735663335,-1
2026-02-11 20:00:00+00:00,0.2577,0.0002022229680050035,0.0637145612598793,-0.2714495017719645,0.2577521181284186,1,0.2746536031925715,1,0.19643795206775086,-1
2026-02-11 21:00:00+00:00,0.2584,0.0005152333921254106,0.010500478312847212,-0.2806097483876185,0.25853317061255243,1,0.26112761918685995,1,0.19517547457141438,-1
2026-02-11 22:00:00+00:00,0.2566,-0.00014027710386323622,0.06658274496189613,-0.27109804161621964,0.25656400741967517,-1,0.27426675663512756,1,0.19566820840971683,-1
2026-02-11 23:00:00+00:00,0.2559,-0.00012292272876234973,0.06132065724374043,-0.2714495017719645,0.2558685460069547,-1,0.27208306355929207,1,0.19506585927100292,-1
2026-02-12 00:00:00+00:00,0.2576,-0.0005738425923721743,0.136860941352415,-0.2805619443271061,0.25745222055333056,-1,0.29538185280180557,1,0.19458051765272222,-1
2026-02-12 01:00:00+00:00,0.2576,0.0002178002645873171,0.10191775903815409,-0.27979929299928646,0.2576561114584811,1,0.28523852306198083,1,0.19472897134488515,-1
2026-02-12 02:00:00+00:00,0.2582,-0.00041109693655935487,0.08609350781657703,-0.276387188058938,0.25809387658598015,-1,0.2814143071755373,1,0.19584965339315613,-1
2026-02-12 03:00:00+00:00,0.2592,-0.0028025890520182784,-0.009881144729818887,-0.27710623753913877,0.25847458591132244,-1,0.2566514194688567,-1,0.19646685238738132,-1
2026-02-12 04:00:00+00:00,0.2581,-0.0009202142242615538,0.08609350781657703,-0.27979929299928646,0.25786260195399974,-1,0.28130531635168926,1,0.19510693906876886,-1
2026-02-12 05:00:00+00:00,0.2594,-0.0037439669394873152,-0.00716852806837015,-0.27979929299928646,0.2584306307514335,-1,0.25754713291846126,-1,0.19608965515086652,-1
2026-02-12 06:00:00+00:00,0.2613,-0.0008513378897424732,-0.010621315822419907,-0.27569601365742236,0.2610776400745552,-1,0.2585393370650811,-1,0.1983381017189927,-1
2026-02-12 07:00:00+00:00,0.2627,-0.0008538453058000878,-0.00499686408846577,-0.276387188058938,0.26247579057187187,-1,0.2613905979804235,-1,0.19926298972262632,-1
2026-02-12 08:00:00+00:00,0.2624,-0.003500663431041473,0.010259245492947567,-0.2805619443271061,0.26148303185055516,-1,0.26510588244018407,1,0.19820624158413944,-1
2026-02-12 09:00:00+00:00,0.2655,-0.0023552880317498884,-0.06929937623061858,-0.27021846886805634,0.2648754068646766,-1,0.24772405976313522,-1,0.20263298191219414,-1
2026-02-12 10:00:00+00:00,0.2694,-0.0009443030885939343,0.0611658752229562,-0.26808003982326234,0.26914572482324506,-1,0.2863924689569038,1,0.20604966339043734,-1
2026-02-12 11:00:00+00:00,0.2676,-0.003561617276132782,0.07531786467184692,-0.27710623753913877,0.2666486064724303,-1,0.28853349880777057,1,0.20283383371475017,-1
2026-02-12 12:00:00+00:00,0.2649,-0.001807292137438494,-0.04747324459822303,-0.2805619443271061,0.2644216806743655,-1,0.2526181731431336,-1,0.20009463946508588,-1
2026-02-12 13:00:00+00:00,0.2671,-0.00272301509491296,0.07594138219101616,-0.276387188058938,0.2663736720179769,-1,0.28817401093318407,1,0.20260047413366383,-1
2026-02-12 14:00:00+00:00,0.2657,-0.0008431477307117881,-0.027335100281638033,-0.2703208165055036,0.2654760700642244,-1,0.2585354320595421,-1,0.20276487089225964,-1
2026-02-12 15:00:00+00:00,0.2626,-3.862703382156782e-05,-0.03067170090244758,-0.2703208165055036,0.26258985673682184,-1,0.25466787900202825,-1,0.20039915354274512,-1
2026-02-12 16:00:00+00:00,0.2588,-0.000752242756979586,-0.0022846165627676647,-0.27021846886805634,0.25860539277960654,-1,0.2582094161192915,-1,0.19751945656827058,-1
2026-02-12 17:00:00+00:00,0.2592,-0.0008597363128199163,0.08555354745755257,-0.27569601365742236,0.25897725211366057,-1,0.2823517155120925,1,0.19674411008634865,-1
2026-02-12 18:00:00+00:00,0.26,-0.0009472609899553187,-0.021570583013496243,-0.2649713328938722,0.2597538287552276,-1,0.254451703540104,-1,0.1994792654050286,-1
2026-02-12 19:00:00+00:00,0.2617,-0.0024024493320802844,-0.0215728433142065,-0.2703208165055036,0.2610720336405144,-1,0.25611484731987144,-1,0.19971233237675703,-1
2026-02-12 20:00:00+00:00,0.2589,-0.0007944596571485155,0.08555354745755257,-0.27021846886805634,0.2586943960775893,-1,0.28202491954506465,1,0.1975957778420605,-1
2026-02-12 21:00:00+00:00,0.2596,-0.0015568900177754127,0.07472968531081896,-0.2681955821913737,0.25919614581123845,-1,0.27974309668008135,1,0.19853122700447498,-1
2026-02-12 22:00:00+00:00,0.2623,-0.0008404749904280556,-0.0358599963500441,-0.27021846886805634,0.2620796360281863,-1,0.25306057590490255,-1,0.20019070115091722,-1
2026-02-12 23:00:00+00:00,0.2643,8.34211380262232e-05,0.016720993930475204,-0.27021846886805634,0.26432204912644913,1,0.2687565135304959,1,0.2017171266267153,-1
2026-02-13 00:00:00+00:00,0.2622,0.0006154757170833488,-0.03247955018826059,-0.21871352367308344,0.26236142740524737,1,0.2538206768777533,-1,0.21069130392598914,-1
2026-02-13 01:00:00+00:00,0.2626,-0.0014052457879736126,-0.055287803948663436,-0.22469933122410315,0.2622312416148446,-1,0.2484754773373237,-1,0.20975341586891802,-1
2026-02-13 02:00:00+00:00,0.2638,-0.0014052457879736126,-0.14478862865895836,-0.21729715675204908,0.2634295565041737,-1,0.22824111945581244,-1,0.21227743685578612,-1
2026-02-13 03:00:00+00:00,0.2629,0.000830827046773195,-0.053636353380241655,-0.21658077005864682,0.26311851519219304,1,0.24917049433431626,-1,0.21170482332959545,-1
2026-02-13 04:00:00+00:00,0.2617,-0.0008972983682803313,-0.11722094470872052,-0.22501994955026888,0.26146528233865673,-1,0.23275301382250224,-1,0.20896752559958923,-1
2026-02-13 05:00:00+00:00,0.2595,-0.0005904976580552056,-0.016793820211335752,-0.23004580588710424,0.2593468110910319,-1,0.2551783933665176,-1,0.2061720257407838,-1
2026-02-13 06:00:00+00:00,0.2615,-0.001568605568141121,-0.03539154313370703,-0.22501994955026888,0.2610901311892215,-1,0.25240696878554586,-1,0.20880782554181349,-1
2026-02-13 07:00:00+00:00,0.262,-0.001049093296734819,-0.12748316911928206,-0.21658077005864682,0.26172528168402354,-1,0.23064075680296478,-1,0.21098008258788134,-1
2026-02-13 08:00:00+00:00,0.2639,-0.0013666793396612238,-0.160853803961218,-0.21871352367308344,0.263539579667874,-1,0.22468882378012067,-1,0.21205734212840785,-1
2026-02-13 09:00:00+00:00,0.2634,-0.0011308342473214327,-0.11653802762163268,-0.21871352367308344,0.26310230661191863,-1,0.2344250127484677,-1,0.21165556618652,-1
2026-02-13 10:00:00+00:00,0.2639,-0.00052257028300977,-0.1150295176918399,-0.2284635552492624,0.2637621297289045,-1,0.23522458198781263,-1,0.20999982308400947,-1
2026-02-13 11:00:00+00:00,0.2639,-0.0008760961343257088,-0.15288826496302926,-0.21871352367308344,0.2636688994780701,-1,0.22648573856464602,-1,0.21205734212840785,-1
2026-02-13 12:00:00+00:00,0.263,0.00031839186601957426,-0.10538624244653422,-0.21729715675204908,0.26308375039277754,1,0.2366939105474442,-1,0.21163368420421438,-1
2026-02-13 13:00:00+00:00,0.2655,-0.0014052457879736126,0.009441995120069895,-0.22469933122410315,0.26512716926405655,-1,0.26801872187194675,1,0.21206980926579488,-1
2026-02-13 14:00:00+00:00,0.2656,-0.001680535134330906,-0.0053622886294150615,-0.22469933122410315,0.26515402471185234,-1,0.26417958787348395,-1,0.21214968490016994,-1
2026-02-13 15:00:00+00:00,0.2691,-0.0006472767007854227,0.006070125152240076,-0.2166906369964007,0.26892587419968483,-1,0.2707384384106921,1,0.21667367519157543,-1
2026-02-13 16:00:00+00:00,0.2732,-0.00017067787083762021,0.03132432058594168,-0.2111975609000546,0.2731533747847466,-1,0.28189324862165904,1,0.2211865729367609,-1
2026-02-13 17:00:00+00:00,0.2719,-0.0010696031877274388,0.027970411894195017,-0.2284635552492624,0.2716093303715492,-1,0.2796125132671631,1,0.21636586546624542,-1
2026-02-13 18:00:00+00:00,0.2724,-0.0005260866832606975,0.02444929908805095,-0.22922620657708198,0.2722567316765626,-1,0.2791420727011667,1,0.21659849098151457,-1
2026-02-13 19:00:00+00:00,0.2725,-0.0009299461519631665,0.02774206380471974,-0.2284635552492624,0.2722467074660526,-1,0.28016554984820213,1,0.21684331864491313,-1
2026-02-13 20:00:00+00:00,0.2735,-0.0005684945429503529,0.021494680234638377,-0.2110588073536899,0.27334456092982096,-1,0.27944243158515175,1,0.22146018342174847,-1
2026-02-13 21:00:00+00:00,0.2739,0.00022343630556536894,0.025813874835010978,-0.21871352367308344,0.27396120604166563,1,0.28106246811995855,1,0.22009286096616484,-1
2026-02-13 22:00:00+00:00,0.2728,0.0009630338524082501,0.024941254761243283,-0.2284635552492624,0.2730628421775803,1,0.2796895339679993,1,0.21708204523424696,-1
2026-02-13 23:00:00+00:00,0.2728,-0.0007961744154298458,0.028946091724398812,-0.2284635552492624,0.2725828900596294,-1,0.28081189087996866,1,0.21708204523424696,-1
2026-02-14 00:00:00+00:00,0.2744,0.00045988112869010933,0.046549304362452526,-0.243321055262717,0.27452622040267866,1,0.287475086322849,1,0.21513502205902102,-1
2026-02-14 01:00:00+00:00,0.2757,0.0006470708773214805,0.031832305091548434,-0.2333166355358586,0.275878455171223,1,0.2846173433311188,1,0.21832759899864543,-1
2026-02-14 02:00:00+00:00,0.276,-0.0002892398985475217,0.021021034123585997,-0.24989607568583302,0.2759201813319291,-1,0.2818632149353027,1,0.21497135571758288,-1
2026-02-14 03:00:00+00:00,0.2773,0.0012347707624772689,0.013289491234678902,-0.21900645811330868,0.27764261341341706,1,0.281009771810773,1,0.22275967383214104,-1
2026-02-14 04:00:00+00:00,0.2758,5.998728665259596e-05,0.020855403996035096,-0.2333166355358586,0.2758165449898983,1,0.28161231888153515,1,0.2184067892775713,-1
2026-02-14 05:00:00+00:00,0.2752,-0.0004812334805860662,0.021021034123585997,-0.252457196224148,0.27506759640721884,-1,0.2810462201094032,1,0.2137999810239885,-1
2026-02-14 06:00:00+00:00,0.2745,-0.0001649959393215275,0.009806795449515305,-0.2528086563798929,0.2744547123508981,-1,0.2772052083828356,1,0.21318122052480298,-1
2026-02-14 07:00:00+00:00,0.2757,-0.0026401941211495338,0.011982090786683783,-0.252457196224148,0.27497305853635806,-1,0.2790233329072412,1,0.2141884257569536,-1
2026-02-14 08:00:00+00:00,0.2788,-5.991397991597403e-05,0.10114779547151459,-0.23190026861482424,0.2787832964827915,-1,0.30847551563900033,1,0.22109542823170736,-1
2026-02-14 09:00:00+00:00,0.2784,0.0005516852816216996,0.02180739104956334,-0.2333166355358586,0.2785536315566412,1,0.28453785977977714,1,0.22046573652964413,-1
2026-02-14 10:00:00+00:00,0.2787,-0.0007613395224526056,0.04275506252177964,-0.25228013530652943,0.27848789542713487,-1,0.2908742365667613,1,0.21655743461843585,-1
2026-02-14 11:00:00+00:00,0.2831,0.00011932216118000987,0.02404022501517667,-0.25228013530652943,0.28313378211926776,1,0.28998825354212987,1,0.21997635357186648,-1
2026-02-14 12:00:00+00:00,0.2818,-0.0002130951650162162,0.04409500368273991,-0.2349393863405874,0.2817399561802495,-1,0.294504005243633,1,0.22279636951936768,-1
2026-02-14 13:00:00+00:00,0.2813,1.1753562067234351e-06,0.012514275901164676,-0.2258316405084225,0.2813003306278952,1,0.2848423847710875,1,0.22443588472936904,-1
2026-02-14 14:00:00+00:00,0.2867,0.0002525541735011011,-0.03663068825573636,-0.252457196224148,0.2867724164256931,1,0.2763880024937475,-1,0.2227342098821857,-1
2026-02-14 15:00:00+00:00,0.2863,0.0008032555484832852,-0.043901536752287584,-0.25228013530652943,0.28653006445143414,1,0.27400289591136034,-1,0.2224628400834524,-1
2026-02-14 16:00:00+00:00,0.2896,-3.2005434580917255e-05,-0.04556537817031779,-0.2433875034539827,0.28959073137446933,-1,0.27670038614850156,-1,0.2270370357047044,-1
2026-02-14 17:00:00+00:00,0.2894,8.118637240743187e-05,-0.0052320891697212385,-0.2433875034539827,0.28942349628995107,1,0.2878897876223351,-1,0.22688024217175914,-1
2026-02-14 18:00:00+00:00,0.2935,-0.0009272759489959393,-0.031416950525741456,-0.243321055262717,0.2932279706515976,-1,0.28442246587459646,-1,0.23010979946910595,-1
2026-02-14 19:00:00+00:00,0.2985,-0.0017786028262333114,-0.0155646580871165,-0.252457196224148,0.2979695589182073,-1,0.2938899197910144,-1,0.23190150558016195,-1
2026-02-14 20:00:00+00:00,0.2972,-0.0026401941211495338,0.0005464619783737357,-0.2433875034539827,0.2964163692310687,-1,0.297362452883092,1,0.23299518995662344,-1
2026-02-14 21:00:00+00:00,0.296,0.0002172359601632378,-0.05931533592947912,-0.25228013530652943,0.2960643088290505,1,0.27895322582519594,-1,0.23000000232169718,-1
2026-02-14 22:00:00+00:00,0.297,0.00039389407133297744,-0.11695240108883699,-0.252457196224148,0.29711700958236337,1,0.2642193786249535,-1,0.23073617138126667,-1
2026-02-14 23:00:00+00:00,0.295,0.000135801771418125,0.009807672593810848,-0.2528086563798929,0.29504006424290435,1,0.297907498003327,1,0.22910185812319445,-1
2026-02-15 00:00:00+00:00,0.2967,-0.0026401941211495338,0.05878341203623867,-0.18725314812358204,0.2959176875870056,-1,0.314663854143139,1,0.24603366574065652,-1
2026-02-15 01:00:00+00:00,0.2966,-0.0026401941211495338,0.026776919680538493,-0.17687160020555165,0.295817951258193,-1,0.3046493214507236,1,0.248517391623017,-1
2026-02-15 02:00:00+00:00,0.2953,0.00020631221167141428,0.0324162628358974,-0.18933555514887304,0.29536093028122096,1,0.3050293652819489,1,0.24436334428972242,-1
2026-02-15 03:00:00+00:00,0.2974,-0.0018689947740184536,0.03133672244574691,-0.18933555514887304,0.2968446800608899,-1,0.30686710050180094,1,0.2461011127387858,-1
2026-02-15 04:00:00+00:00,0.2975,-0.0027514484819595847,0.08117127336136876,-0.1865927655508432,0.2966825691517448,-1,0.3226555993054582,1,0.24686002101249171,-1
2026-02-15 05:00:00+00:00,0.2983,-0.002536452994392906,0.0554322250419638,-0.18725314812358204,0.29754433483149917,-1,0.31530231746719045,1,0.24736043980599204,-1
2026-02-15 06:00:00+00:00,0.297,-0.0004812334805860662,0.05878341203623867,-0.1865927655508432,0.2968571080412209,-1,0.31498201779747986,1,0.24644513022087408,-1
2026-02-15 07:00:00+00:00,0.3008,-0.002718341672287974,-0.012436068623200222,-0.18878782370610225,0.29998343318160803,-1,0.2970823946679659,-1,0.24905101833024668,-1
2026-02-15 08:00:00+00:00,0.2962,-0.002558129580696297,0.0322187384628379,-0.1865927655508432,0.2954432503626964,-1,0.3058985895410794,1,0.24578130495428588,-1
2026-02-15 09:00:00+00:00,0.2955,-0.0013910775951013195,0.07356483638151876,-0.178287967126586,0.29508922234868246,-1,0.3180579736461638,1,0.24724527737644333,-1
2026-02-15 10:00:00+00:00,0.2928,7.439827630728405e-05,0.12357352927394911,-0.17614953808179212,0.29282178462566205,1,0.3313129216328896,1,0.24551062958734046,-1
2026-02-15 11:00:00+00:00,0.2905,-5.1847605484949505e-05,0.11829375628660244,-0.178287967126586,0.2904849386610572,-1,0.3269794525153814,1,0.24306177014503144,-1
2026-02-15 12:00:00+00:00,0.2836,4.040581467852399e-05,0.09067448904573806,-0.17687160020555165,0.28361145932055287,1,0.310517196689712,1,0.23762485591465823,-1
2026-02-15 13:00:00+00:00,0.2822,4.040581467852399e-05,0.08489761111495309,-0.17618187089802437,0.2822114027512695,1,0.3072045002856808,1,0.23661495760939938,-1
2026-02-15 14:00:00+00:00,0.2848,1.735382475622057e-05,0.0996943329668409,-0.1752476949480679,0.28480494241217535,1,0.3146564826533847,1,0.23901814859434664,-1
2026-02-15 15:00:00+00:00,0.2842,0.00014805547417034382,0.09616602412746932,-0.17687160020555165,0.2842420804808051,1,0.31288766857727934,1,0.2381275883319671,-1
2026-02-15 16:00:00+00:00,0.2836,7.563254560466399e-06,0.09213006163469754,-0.18725314812358204,0.2836021449471048,1,0.3109695061143555,1,0.2351707030807219,-1
2026-02-15 17:00:00+00:00,0.2806,0.00014490871656057332,0.1013168029162348,-0.178287967126586,0.2806406643321039,1,0.3105195836075896,1,0.2347784258268359,-1
2026-02-15 18:00:00+00:00,0.2791,7.439827630728405e-05,0.12284328926349537,-0.17687160020555165,0.27912076533136027,1,0.31558038317691606,1,0.2338543627848417,-1
2026-02-15 19:00:00+00:00,0.2791,0.0004309951913037259,0.0566270726297254,-0.1865927655508432,0.27922031668398656,1,0.29536066806299105,1,0.23159203988096283,-1
2026-02-15 20:00:00+00:00,0.2794,-7.302355721969532e-05,0.1013168029162348,-0.18725314812358204,0.2793795979630365,-1,0.3091916310048486,1,0.2316879211592161,-1
2026-02-15 21:00:00+00:00,0.2804,-0.00021657152517291878,0.09426912042709186,-0.17614953808179212,0.28033927991969904,-1,0.30811906273204853,1,0.23511332150372358,-1
2026-02-15 22:00:00+00:00,0.2824,5.073644549870893e-06,0.09952415871022043,-0.17448490205199674,0.2824014328008556,1,0.3119517923988845,1,0.2371848046111434,-1
2026-02-15 23:00:00+00:00,0.2818,-0.00043085531515031015,0.07642329294764885,-0.17687160020555165,0.28167861112458953,-1,0.3041803835614899,1,0.2361166586627316,-1
2026-02-16 00:00:00+00:00,0.282,-0.0013798067707053872,0.030277600281807864,-0.24958851067025017,0.28161116281244425,-1,0.29066885713283125,1,0.2197122114581012,-1
2026-02-16 01:00:00+00:00,0.2811,0.0006935372450360821,0.01890057111022198,-0.2325197738825948,0.28129502093890496,1,0.2864634772647962,1,0.22278132924597577,-1
2026-02-16 02:00:00+00:00,0.28,0.000664717652327092,0.03426985930636752,-0.23859131961798546,0.2801861828152981,1,0.289761874272409,1,0.22056628976296871,-1
2026-02-16 03:00:00+00:00,0.2802,-5.0534220842202606e-05,0.019988330577285114,-0.23416291030985806,0.2801858406690884,-1,0.28585707966893487,1,0.22170346009242325,-1
2026-02-16 04:00:00+00:00,0.2823,0.0007083022059890587,0.022510231079638808,-0.24689545521010234,0.2825000245433008,1,0.2887267001153746,1,0.22053907278977522,-1
2026-02-16 05:00:00+00:00,0.2781,-1.183641268538371e-05,0.023998548697429598,-0.24617640572990165,0.2780967083131131,-1,0.28485472399468875,1,0.21741421425556512,-1
2026-02-16 06:00:00+00:00,0.2802,0.000526618910035218,0.019473887002252565,-0.24617640572990165,0.28034759747899257,1,0.28571006015078726,1,0.21905596128877863,-1
2026-02-16 07:00:00+00:00,0.2801,0.0007020047368244082,0.02442988430227108,-0.24617640572990165,0.2802967005610693,1,0.2870270799595886,1,0.21897778285862562,-1
2026-02-16 08:00:00+00:00,0.2818,0.0005946895889041178,0.022690683805269802,-0.24617640572990165,0.2819676333661216,1,0.28826733129879567,1,0.22030681617122705,-1
2026-02-16 09:00:00+00:00,0.2851,-0.0005503319765845472,0.02225766533314281,-0.23859131961798546,0.28494314351900324,-1,0.2915168070514507,1,0.22458374718365134,-1
2026-02-16 10:00:00+00:00,0.2829,-0.000502429450816934,0.02645729096542337,-0.23416291030985806,0.2827578984093652,-1,0.2904846599660087,1,0.2238397889369969,-1
2026-02-16 11:00:00+00:00,0.2829,0.0006718493543578984,0.022185415210483634,-0.24163043734374867,0.2830901300445699,1,0.2892463923357388,1,0.2221744848521415,-1
2026-02-16 12:00:00+00:00,0.2871,-5.0534220842202606e-05,0.04142699558158371,-0.24689545521010234,0.2870854919917748,-1,0.2992434878733108,1,0.22428894012732722,-1
2026-02-16 13:00:00+00:00,0.2811,0.0002467976084554253,0.032738344123663325,-0.24617640572990165,0.2811693833692095,1,0.2904550473670807,1,0.21975956716015588,-1
2026-02-16 14:00:00+00:00,0.2842,0.0012011890218471247,0.02225766533314281,-0.23509708625981451,0.28454158303183164,1,0.2905965505577773,1,0.22465842315962584,-1
2026-02-16 15:00:00+00:00,0.279,-0.0005870235260154237,0.018634721709829438,-0.22993061014461444,0.2788362684980653,-1,0.28424783143675336,1,0.2216902576196452,-1
2026-02-16 16:00:00+00:00,0.2814,-0.00041975619595816834,0.03057895649703517,-0.24689545521010234,0.28128190539366266,-1,0.29013783442243585,1,0.21983597266398422,-1
2026-02-16 17:00:00+00:00,0.2821,2.7294101414622515e-05,0.030408782240414708,-0.24617640572990165,0.28210769977108774,1,0.2908100777291003,1,0.22054135146168616,-1
2026-02-16 18:00:00+00:00,0.2816,-0.0006584853616868392,0.026007101571138412,-0.2222736374948814,0.28141463156004914,-1,0.2890196635765347,1,0.22547605945026689,-1
2026-02-16 19:00:00+00:00,0.2823,0.0011543421802196277,0.031111141611516072,-0.2325197738825948,0.28262605895307114,1,0.2912207226890127,1,0.223732370139235,-1
2026-02-16 20:00:00+00:00,0.2855,-0.000755449286252495,0.042750718464021925,-0.24000768653901983,0.28528440067620614,-1,0.29796998130634644,1,0.22458052808087436,-1
2026-02-16 21:00:00+00:00,0.2874,-0.0004986068015810189,0.012796095696112078,-0.24548523132838584,0.2872567361243651,-1,0.2911012280339818,1,0.22484015832848603,-1
2026-02-16 22:00:00+00:00,0.2849,-0.0004855341962412127,0.039988604657833916,-0.22973864417941153,0.2847617048837118,-1,0.2965236105601563,1,0.226421792274111,-1
2026-02-16 23:00:00+00:00,0.2858,-0.0005870235260154237,0.005465963118061477,-0.2325197738825948,0.28563227790948764,-1,0.2873664494365319,1,0.2265062394112411,-1
2026-02-17 00:00:00+00:00,0.2848,-7.697391811033327e-05,0.0031561363250928428,-0.2564903032208447,0.28477807867181826,-1,0.28570028759324617,1,0.22036755929573296,-1
2026-02-17 01:00:00+00:00,0.2845,0.0006472917817525522,0.008661861601652361,-0.26309787234607807,0.2846842141256214,1,0.2869750032188486,1,0.21868566545846427,-1
2026-02-17 02:00:00+00:00,0.2883,0.0003908205163222217,0.012165357426066227,-0.26168150542504376,0.2884126955752927,1,0.29182869293207825,1,0.22192069741860332,-1
2026-02-17 03:00:00+00:00,0.2865,-0.00047621381203782074,0.01130254540165728,-0.2609594433012842,0.2863635972238719,-1,0.28975654823176966,1,0.22069443392588345,-1
2026-02-17 04:00:00+00:00,0.2866,-0.0004539297967188243,-0.0008960328317501225,-0.26309787234607807,0.28646993324308206,-1,0.28634331200802865,-1,0.22029986544954613,-1
2026-02-17 05:00:00+00:00,0.2857,0.0007220954646927648,0.01112784355120464,-0.2610749856693954,0.28590637717730716,1,0.2888969796575064,1,0.2200527573120414,-1
2026-02-17 06:00:00+00:00,0.2874,-0.0013194950650459601,-0.0003196884071439582,-0.26159535994724287,0.28702102719966044,-1,0.28730813623645934,-1,0.2212469754910563,-1
2026-02-17 07:00:00+00:00,0.2865,-0.00028128365117093657,0.012305402365599072,-0.2449555643230379,0.28641942356688743,-1,0.2900472783600123,1,0.2242548148994117,-1
2026-02-17 08:00:00+00:00,0.2836,0.0005579068083112501,0.013283853321573603,-0.26168150542504376,0.28375826651571523,1,0.2873924341033593,1,0.21830284352381513,-1
2026-02-17 09:00:00+00:00,0.2823,0.0006472917817525522,0.008004985926978656,-0.2731022920729367,0.2824827896227168,1,0.28456887657395824,1,0.21483451695555353,-1
2026-02-17 10:00:00+00:00,0.2802,-5.392192818802985e-05,0.01769472009223319,-0.2449555643230379,0.2801848914830656,-1,0.2852021861961448,1,0.21932355718958174,-1
2026-02-17 11:00:00+00:00,0.2804,-2.9262283259923508e-05,0.007538253055730792,-0.25725309611691627,0.28039179497582334,-1,0.28252171311478036,1,0.2167975695724596,-1
2026-02-17 12:00:00+00:00,0.2819,0.00010486185833610075,0.003963792080205794,-0.2564903032208447,0.2819295621078066,1,0.28301961047306295,1,0.21812364805290418,-1
2026-02-17 13:00:00+00:00,0.2834,-0.0004931981173821921,0.020859883889367704,-0.26309787234607807,0.2832602621155972,-1,0.2893737806647083,1,0.21784013212980238,-1
2026-02-17 14:00:00+00:00,0.2783,0.0007269594246268968,0.015607117191501707,-0.2611766983741199,0.27850238636229746,1,0.28267753218630015,1,0.21433130458967564,-1
2026-02-17 15:00:00+00:00,0.2813,-6.796009141674236e-05,0.011371799659344007,-0.2449555643230379,0.28128088347587216,-1,0.28451714493859037,1,0.22018457044050443,-1
2026-02-17 16:00:00+00:00,0.283,-0.0004931981173821921,0.004264665864179888,-0.24666787291670642,0.28286045934620324,-1,0.2842094776154115,1,0.2211362494116644,-1
2026-02-17 17:00:00+00:00,0.2812,-7.697391811033327e-05,0.012312557357707615,-0.26309787234607807,0.2811783557672588,-1,0.28468369370800334,1,0.2161490654724786,-1
2026-02-17 18:00:00+00:00,0.2847,0.0006001233812167239,-0.0010233632883432544,-0.2731022920729367,0.2848709064039676,1,0.2844087975001966,-1,0.21666095280639777,-1
2026-02-17 19:00:00+00:00,0.2832,1.6495393616402083e-05,0.004264665864179888,-0.2537091735176616,0.2832046715340015,1,0.2844103323699101,1,0.21973981520514713,-1
2026-02-17 20:00:00+00:00,0.2827,0.0007039074347045934,0.020859883889367704,-0.2564903032208447,0.2828990646851275,1,0.28865902538430854,1,0.21874265805092594,-1
2026-02-17 21:00:00+00:00,0.2825,0.00047611521248053457,0.01729239206264458,-0.26309787234607807,0.28263453457196247,1,0.28742758281533803,1,0.21714833213362447,-1
2026-02-17 22:00:00+00:00,0.2812,0.0006001233812167239,0.007592695340534683,-0.26309787234607807,0.28136880534174813,1,0.28334319193540247,1,0.2161490654724786,-1
2026-02-17 23:00:00+00:00,0.2811,-0.00045495765106924336,0.006468437713324118,-0.26168150542504376,0.2809721404918206,-1,0.2829241712498926,1,0.21637845315424695,-1
2026-02-18 00:00:00+00:00,0.2801,0.0002918714478047033,0.028339217176208693,-0.2141755921800662,0.2801817651244023,1,0.2881513605206096,1,0.22609857801682018,-1
2026-02-18 01:00:00+00:00,0.2802,0.0002918714478047033,0.03930337069853467,-0.21788193936443406,0.2802817943158069,1,0.29143208806546367,1,0.22534255126940714,-1
2026-02-18 02:00:00+00:00,0.2825,0.0012177776888004056,0.05603788790401375,-0.21341279928399504,0.28284423175341983,1,0.29878266569010375,1,0.22820988444023182,-1
2026-02-18 03:00:00+00:00,0.2832,0.0006976880422608909,0.03678435460249248,-0.21373626815502816,0.2833976541960352,1,0.29381129761526437,1,0.2287013705199142,-1
2026-02-18 04:00:00+00:00,0.2821,0.00025824991965782537,0.05200439444011671,-0.21341279928399504,0.2821728617101959,1,0.2971586028058362,1,0.22788675540031647,-1
2026-02-18 05:00:00+00:00,0.2824,0.0007020047368244082,0.03836121728308319,-0.17562270047412287,0.2825983157388289,1,0.29344367795131887,1,0.2369150895844679,-1
2026-02-18 06:00:00+00:00,0.2823,-0.0005470298742892641,0.05149690928880669,-0.18531447922323124,0.28214561569675095,-1,0.2972184066725933,1,0.23454696758404506,-1
2026-02-18 07:00:00+00:00,0.2845,-0.0011786833656304357,0.04217131328000534,-0.17068817198408437,0.28416486213199366,-1,0.2967543128049147,1,0.23985752028706317,-1
2026-02-18 08:00:00+00:00,0.2851,-0.00027691361521810275,0.04869014036940303,-0.17439451916845222,0.2850210628581904,-1,0.29932505887277994,1,0.2394741497410243,-1
2026-02-18 09:00:00+00:00,0.2854,-0.0005582643333623845,0.06327766340648901,-0.1742063335530885,0.28524071582473215,-1,0.30404306983178886,1,0.23977125663210083,-1
2026-02-18 10:00:00+00:00,0.2835,2.900246484578713e-05,0.04874118144526413,-0.17438293752930056,0.2835082223180169,1,0.29766041942468435,1,0.2381329629754036,-1
2026-02-18 11:00:00+00:00,0.2807,0.00010486194418634018,0.05270805857257124,-0.18531447922323124,0.2807294362910795,1,0.295892005639877,1,0.23321761884818085,-1
2026-02-18 12:00:00+00:00,0.2825,-0.0013607158178119653,0.0420439828234122,-0.1698495056645699,0.28211585919397486,-1,0.29463064864990635,1,0.23837118150177936,-1
2026-02-18 13:00:00+00:00,0.2809,-3.649605761349008e-05,0.04308495785055629,-0.1698495056645699,0.28088974844448816,-1,0.29326706894500665,1,0.23702111463309672,-1
2026-02-18 14:00:00+00:00,0.2813,6.535506680932958e-05,0.042353354618110794,-0.14814020953688112,0.28131838498106276,1,0.29346989749705427,1,0.24256785992149796,-1
2026-02-18 15:00:00+00:00,0.284,0.00039041731833627016,0.09718946213730816,-0.16826927073462286,0.2841109001656715,1,0.3129876397984222,1,0.2400158511037321,-1
2026-02-18 16:00:00+00:00,0.2804,-0.0005870235260154237,0.04323545616870462,-0.14995819301980312,0.28023544690629926,-1,0.2927891166043259,1,0.24135260660231292,-1
2026-02-18 17:00:00+00:00,0.2799,-0.0013701262987116805,0.052561052177505965,-0.14995819301980312,0.279516764249633,-1,0.29500533729421463,1,0.24092223462192364,-1
2026-02-18 18:00:00+00:00,0.2757,-9.568461669521185e-05,0.029823148793628105,-0.16691951407209002,0.2756736210132289,-1,0.28404607667743503,1,0.23331601074559544,-1
2026-02-18 19:00:00+00:00,0.2736,-1.183641268538371e-05,0.08782049622401636,-0.23395606026186613,0.27359676157665497,-1,0.2987143250248169,1,0.21652610672043973,-1
2026-02-18 20:00:00+00:00,0.274,-3.649605761349008e-05,0.09671008357234834,-0.23429137409623044,0.2739900002626905,-1,0.3018222264649377,1,0.2167699671994516,-1
2026-02-18 21:00:00+00:00,0.2738,0.0003763269328378477,0.09571295811258003,-0.21788193936443406,0.2739030577046897,1,0.30130133320443137,1,0.22019554081928505,-1
2026-02-18 22:00:00+00:00,0.2734,0.0002918714478047033,0.09804898760591926,-0.2186040014881936,0.27347980930029125,1,0.30156479802431124,1,0.21971514738956704,-1
2026-02-18 23:00:00+00:00,0.2735,0.0006850763123785656,0.08718909500438583,-0.2136236131277217,0.2736874325669108,1,0.2984166656687582,1,0.2208929088501104,-1
2026-02-19 00:00:00+00:00,0.2726,-0.0007169307795132758,0.03606798286732828,-0.27522130427765534,0.27240463470956766,-1,0.28261159584699774,1,0.20701354273890724,-1
2026-02-19 01:00:00+00:00,0.2751,-0.0003363811800187324,0.04893196389125977,-0.2747649721584567,0.27500747709973045,-1,0.28889596246281285,1,0.20900740788699868,-1
2026-02-19 02:00:00+00:00,0.2749,0.0008683573341201583,0.035289225513575814,-0.2784713193428245,0.27513881510456695,1,0.28477421000642655,1,0.20808279967030904,-1
2026-02-19 03:00:00+00:00,0.2752,-0.00044860434432803073,0.027098151916946138,-0.2740021792623851,0.27507657177173056,-1,0.2827593713328642,1,0.20924293111604875,-1
2026-02-19 04:00:00+00:00,0.2747,0.0011873034205701668,0.04569803816537718,-0.2624674403645788,0.2750263459471231,1,0.28754450011447047,1,0.2112858915716515,-1
2026-02-19 05:00:00+00:00,0.2748,-9.389091411925544e-05,0.023497671204133562,-0.2791933814665842,0.27477419998801234,-1,0.2813336218758351,1,0.20785696583180194,-1
2026-02-19 06:00:00+00:00,0.2763,-0.0013054770864930527,0.020014975418969967,-0.2714495017719645,0.2759395320235384,-1,0.2818858515765135,1,0.21061624430081322,-1
2026-02-19 07:00:00+00:00,0.2764,0.0005284870075575176,0.049295518093653345,-0.36885076646325893,0.2765461124147446,1,0.2903667008806983,1,0.1911385055953793,-1
2026-02-19 08:00:00+00:00,0.2741,-0.0004270373443901677,0.04569803816537718,-0.27858686171093583,0.2739829740529059,-1,0.2869164451451633,1,0.20745327666106356,-1
2026-02-19 09:00:00+00:00,0.2734,0.0004927018719299059,0.04669199115878843,-0.2740021792623851,0.2735347378818632,1,0.2864683089205632,1,0.20787433636310945,-1
2026-02-19 10:00:00+00:00,0.2737,-0.0007731630753724102,0.0350698693051582,-0.2691436035758142,0.2734884670515406,-1,0.2834689193829963,1,0.20911597711254212,-1
2026-02-19 11:00:00+00:00,0.2722,-5.9548047535793505e-05,0.009871609139988373,-0.2624674403645788,0.2721837915040577,-1,0.2749003585210075,1,0.2093630130535258,-1
2026-02-19 12:00:00+00:00,0.2722,0.0007213333052791332,0.09377069906222023,-0.26980717258842085,0.27239641775851575,1,0.29895940330703624,1,0.20783197019574917,-1
2026-02-19 13:00:00+00:00,0.2699,-3.649605761349008e-05,0.062362769337273,-0.2786885744156602,0.26989014989379617,-1,0.28726762982963633,1,0.20425371980794932,-1
2026-02-19 14:00:00+00:00,0.2724,0.000664717652327092,0.09489344088380187,-0.2703112359448063,0.27258112928174,1,0.2995151543656787,1,0.20787986450184576,-1
2026-02-19 15:00:00+00:00,0.2702,-1.9100418223814836e-05,0.06259274604047492,-0.2624674403645788,0.2701948391162836,-1,0.287653080246696,1,0.20782471023902527,-1
2026-02-19 16:00:00+00:00,0.2695,-0.00010635279720651585,0.06001150568862048,-0.2703112359448063,0.269471339445245,-1,0.28616824183771655,1,0.2056667528753577,-1
2026-02-19 17:00:00+00:00,0.2694,-5.0534220842202606e-05,0.05522071535056004,-0.271221049559202,0.2693863864248837,-1,0.284694871187892,1,0.2054034747652939,-1
2026-02-19 18:00:00+00:00,0.2731,0.0004082463868967614,0.01598667411618686,-0.2691436035758142,0.2732115148494799,1,0.27750104601306796,1,0.20865755699464836,-1
2026-02-19 19:00:00+00:00,0.2729,-0.000618172761405276,0.06978517641114004,-0.2806097483876185,0.2727313527853402,-1,0.2926246132419945,1,0.20612765870951616,-1
2026-02-19 20:00:00+00:00,0.2728,2.4907437497350953e-05,0.009871609139988373,-0.2624674403645788,0.27280679483356984,1,0.275506310817527,1,0.20982450389787596,-1
2026-02-19 21:00:00+00:00,0.2722,0.0002918714478047033,0.06804517712274565,-0.2624674403645788,0.2722794590034356,1,0.29136659977523327,1,0.2093630130535258,-1
2026-02-19 22:00:00+00:00,0.2723,0.00047695707424567804,0.07031736152562094,-0.2791933814665842,0.27242990638873993,1,0.2921366759865,1,0.2059659817903918,-1
2026-02-19 23:00:00+00:00,0.2729,-0.00051550205615674,0.06398650976053263,-0.2731992416253672,0.2727593557431912,-1,0.29093269084387335,1,0.20766084293801065,-1
2026-02-20 00:00:00+00:00,0.2741,-0.00031336684240462846,0.04271152809571226,-0.23604192702356064,0.27401411960523375,-1,0.28606084455841113,1,0.21646980660003365,-1
2026-02-20 01:00:00+00:00,0.274,0.0007829535947392575,0.042881702352332726,-0.22627943797059097,0.2742146132901186,1,0.286005147451599,1,0.21851369030205164,-1
2026-02-20 02:00:00+00:00,0.2738,-3.267326854710054e-05,0.029121123385635026,-0.22997038128816996,0.27379105420521677,-1,0.2818905954428822,1,0.21754974381315975,-1
2026-02-20 03:00:00+00:00,0.2738,6.598732372356117e-05,0.027219551994029922,-0.23827207817174742,0.27381806792535596,1,0.2813550696826287,1,0.21575118764640683,-1
2026-02-20 04:00:00+00:00,0.2725,8.293187053525126e-05,0.011216189738738277,-0.22254103947427845,0.2725225998718327,1,0.275573616614949,1,0.2181313871582896,-1
2026-02-20 05:00:00+00:00,0.2749,-0.0014702986196707224,0.03399880139823312,-0.237458293944595,0.27449611190026996,-1,0.28440696749866157,1,0.2167943267783592,-1
2026-02-20 06:00:00+00:00,0.2746,0.0004862556352493152,0.03399880139823312,-0.237458293944595,0.2747335582665378,1,0.28409659248865937,1,0.21655773784407945,-1
2026-02-20 07:00:00+00:00,0.2737,2.3770423554631775e-05,0.04341388746681362,-0.24362701313547683,0.2737065060422523,1,0.28584408462512817,1,0.21452056393015187,-1
2026-02-20 08:00:00+00:00,0.2747,0.00023452703926152765,0.042881702352332726,-0.22254103947427845,0.2747644321329285,1,0.2867358175363293,1,0.2198924478986501,-1
2026-02-20 09:00:00+00:00,0.2773,-0.001431596293017564,0.053183232038833274,-0.22082873088060995,0.27690330237112526,-1,0.29244692132823913,1,0.22235411457688467,-1
2026-02-20 10:00:00+00:00,0.2786,-0.0005560052275795765,0.047430764368183095,-0.2505136422660413,0.27844513999907083,-1,0.29213260494671667,1,0.2168624798160047,-1
2026-02-20 11:00:00+00:00,0.2768,-0.0008499435004936192,0.05063952975856637,-0.22082873088060995,0.2765648355914506,-1,0.2911779969380021,1,0.2219531875762051,-1
2026-02-20 12:00:00+00:00,0.277,-0.0009102132279667848,0.025789528753317737,-0.22997038128816996,0.2767479856466515,-1,0.28423661279687623,1,0.22009232664808348,-1
2026-02-20 13:00:00+00:00,0.2718,-0.0005704917815278999,0.07195071510577136,-0.22082873088060995,0.2716449845555035,-1,0.29207692718134837,1,0.2179439175694095,-1
2026-02-20 14:00:00+00:00,0.2772,0.0001091306180673252,0.031136872262139965,-0.2565851880014324,0.2772302526580439,1,0.28596691993804096,1,0.21446661373147427,-1
2026-02-20 15:00:00+00:00,0.2888,-0.000553497811521962,0.05078676459695256,-0.2243912161565936,0.2886401940622307,-1,0.3038460539360835,1,0.23075191926628774,-1
2026-02-20 16:00:00+00:00,0.2883,-0.00019734473170990392,0.06336117101136352,-0.23751961987066122,0.2882431111273923,-1,0.30715815434050286,1,0.22734802308727844,-1
2026-02-20 17:00:00+00:00,0.2857,-6.738198587113e-05,0.05580301632390124,-0.27272146458781915,0.2856807496152085,-1,0.30209614437305793,1,0.2175047837737441,-1
2026-02-20 18:00:00+00:00,0.2834,-0.00030366357778535306,0.04837733289257273,-0.2685052688745767,0.28331395480711236,-1,0.29744717915083335,1,0.2166653632386805,-1
2026-02-20 19:00:00+00:00,0.283,0.0001023933967587503,0.056981354754419546,-0.36048748679255316,0.28302897881487704,1,0.29959400828599103,1,0.19734617317230344,-1
2026-02-20 20:00:00+00:00,0.2842,0.0004963044664289422,0.05697740816811522,-0.29381881352041767,0.2843410847369557,1,0.3008631841871442,1,0.21184595901462341,-1
2026-02-20 21:00:00+00:00,0.2846,0.00041604912530162106,0.05854596902140972,-0.2717075848995445,0.2847184322161625,1,0.30175959420310206,1,0.21688713450765634,-1
2026-02-20 22:00:00+00:00,0.2856,-0.0011354957005894814,0.052975131524836544,-0.2555767137964556,0.28527588647749197,-1,0.30113761771960235,1,0.22118855253722236,-1
2026-02-20 23:00:00+00:00,0.2849,0.0002513146012630154,0.05190564173194431,-0.3035410101008022,0.2849716085276572,1,0.3000784328249418,1,0.21031307027657972,-1
2026-02-21 00:00:00+00:00,0.283,-0.000639123415991447,0.07795664466393443,-0.23279481935462976,0.2828191858607045,-1,0.3059444477917383,1,0.22422546331312987,-1
2026-02-21 01:00:00+00:00,0.2835,-0.0012852074185312247,0.081506404424652,-0.21755046598212344,0.28313587773328575,-1,0.30757486701881676,1,0.22807206582354086,-1
2026-02-21 02:00:00+00:00,0.284,-8.123441278827336e-05,0.07925832277189183,-0.22148065929097077,0.283976930363805,-1,0.30742543220129864,1,0.22757812336971497,-1
2026-02-21 03:00:00+00:00,0.2831,0.0001549849931965998,0.07881343874609628,-0.2326371016567353,0.2831438796518299,1,0.30631489175681864,1,0.22434007453564062,-1
2026-02-21 04:00:00+00:00,0.2834,0.000930693276124372,0.08497755925922665,-0.2692627025080648,0.28366388125165937,1,0.3085354928596238,1,0.21650131574074072,-1
2026-02-21 05:00:00+00:00,0.2834,0.00019748675643521777,0.09166334823456164,-0.22679232542757352,0.2834559732735819,1,0.31060520718324647,1,0.2258942573234,-1
2026-02-21 06:00:00+00:00,0.2816,0.00020028365038477427,0.11389755923748883,-0.2062490644497023,0.281656405524312,1,0.3155714693295552,1,0.2291183219454485,-1
2026-02-21 07:00:00+00:00,0.2814,0.00020642757626148663,0.11340479111250817,-0.23241704194161525,0.28145809471592936,1,0.3151919870272738,1,0.22304200183012274,-1
2026-02-21 08:00:00+00:00,0.2839,-0.0010710369653737976,0.06665052123108857,-0.22384558468445248,0.283596095381122,-1,0.3034669124766044,1,0.22696061013599844,-1
2026-02-21 09:00:00+00:00,0.2842,0.000628024289713903,0.09442346551908316,-0.16331556993707655,0.284378540561173,1,0.3123429182444781,1,0.2413776322032346,-1
2026-02-21 10:00:00+00:00,0.2838,-3.870720671622355e-05,0.09389462881248078,-0.22647220763670467,0.28378901510733257,-1,0.3117384059145772,1,0.22628551827036558,-1
2026-02-21 11:00:00+00:00,0.2835,-0.0008780693040279967,0.09389462881248078,-0.21537221953589908,0.2832511766103853,-1,0.311408872715936,1,0.22856940445681337,-1
2026-02-21 12:00:00+00:00,0.2828,0.0006587422886904596,0.08311737423914743,-0.20548627155363114,0.28298635369203157,1,0.3073100916288505,1,0.23027025997480602,-1
2026-02-21 13:00:00+00:00,0.2834,-0.0002023517812190836,0.058489523261792624,-0.20179532823605215,0.28334265930689384,-1,0.30047028098088574,1,0.2316121021854898,-1
2026-02-21 14:00:00+00:00,0.2829,0.00028473913541791874,0.08550373393218902,-0.19566384124949326,0.28298056417075157,1,0.3081532463254136,1,0.23262544712792177,-1
2026-02-21 15:00:00+00:00,0.2825,0.0009873089290764134,0.11313586532806388,-0.19566384124949326,0.28277905250531127,1,0.31633899764008944,1,0.2322965316848282,-1
2026-02-21 16:00:00+00:00,0.2806,0.0009028534440432691,0.10827483560135867,-0.20995541163407017,0.28085345507557563,1,0.3126877232656135,1,0.22746008126646658,-1
2026-02-21 17:00:00+00:00,0.281,0.00012197209122834213,0.11052263064473788,-0.2062490644497023,0.28103427624796556,1,0.31383811636219694,1,0.22863014370266702,-1
2026-02-21 18:00:00+00:00,0.2818,0.00012197209122834213,0.10797074027994898,-0.19395153265582477,0.2818343738315896,1,0.3139294690271433,1,0.23211804729554458,-1
2026-02-21 19:00:00+00:00,0.2803,0.00020028365038477427,0.11296569107144341,-0.19566384124949326,0.2803561451294909,1,0.3138220637220224,1,0.23048749674781363,-1
2026-02-21 20:00:00+00:00,0.2793,0.0009221277166247577,0.10822200162696183,-0.21007095400218134,0.27955766905488344,1,0.3112226195456342,1,0.22638011675430977,-1
2026-02-21 21:00:00+00:00,0.281,0.00019748675643521777,0.1058383341613511,-0.19395153265582477,0.2810554992585622,1,0.31237144342469847,1,0.23145908903494689,-1
2026-02-21 22:00:00+00:00,0.2802,0.00011303127140207327,0.11429296174052488,-0.20179532823605215,0.2802316731522415,1,0.3141267590357156,1,0.2289968632052726,-1
2026-02-21 23:00:00+00:00,0.28,0.00020642757626148663,0.10812537419209271,-0.19566384124949326,0.28005780568749195,1,0.3119724795539936,1,0.23024081016549347,-1
2026-02-22 00:00:00+00:00,0.2787,-0.0003859043381809211,0.0615719185907533,-0.2784713193428245,0.2785924692105825,-1,0.29639939524286996,1,0.21095917158281244,-1
2026-02-22 01:00:00+00:00,0.2793,0.000717092500238117,0.054263105132893466,-0.2740021792623851,0.2795003557635386,1,0.2948744221505964,1,0.21236028583107708,-1
2026-02-22 02:00:00+00:00,0.277,-1.1755543278889732e-05,0.052290227664726775,-0.26417974895824725,0.2769967437336514,-1,0.2918697770687924,1,0.21269043616439123,-1
2026-02-22 03:00:00+00:00,0.2772,0.00041510561040116064,0.05591789230105248,-0.26417974895824725,0.2773150911610439,1,0.29314200772790827,1,0.21284400326631495,-1
2026-02-22 04:00:00+00:00,0.2765,0.0009759075976203843,0.05442263378332467,-0.2926417364392764,0.2767699701622818,1,0.29196486063792026,1,0.20634903600201693,-1
2026-02-22 05:00:00+00:00,0.2758,0.000703496329890405,0.052290227664726775,-0.271221049559202,0.2759940925514777,1,0.29060535926199615,1,0.21028314157486286,-1
2026-02-22 06:00:00+00:00,0.2766,-0.0008467779352437058,0.05688071773461671,-0.26417974895824725,0.27636588036077325,-1,0.292789270504906,1,0.21238330196054372,-1
2026-02-22 07:00:00+00:00,0.2758,6.368611506066385e-05,0.05505933641168475,-0.26417974895824725,0.2758175651898571,1,0.29141119230898616,1,0.2117690335528487,-1
2026-02-22 08:00:00+00:00,0.2754,0.0007760989544239092,0.05442263378332467,-0.2624674403645788,0.27561382061429335,1,0.2908033367800478,1,0.2118242975567267,-1
2026-02-22 09:00:00+00:00,0.2764,0.0005995552376348857,0.05207551070538955,-0.2624674403645788,0.27656576675587996,1,0.29117504123334964,1,0.21259344896397697,-1
2026-02-22 10:00:00+00:00,0.2762,0.0005865697395523337,0.054461870398431124,-0.2740021792623851,0.27636205808660264,1,0.29165952491197245,1,0.21000326153434834,-1
2026-02-22 11:00:00+00:00,0.2759,0.0008445674678755907,0.055103879114401504,-0.2926417364392764,0.2761331145910302,1,0.2915298378774733,1,0.2059012623253398,-1
2026-02-22 12:00:00+00:00,0.2733,-0.0002959475050707974,0.05780700726114,-0.2624674403645788,0.27321912951416366,-1,0.2895642191429634,1,0.21020907960150112,-1
2026-02-22 13:00:00+00:00,0.2728,0.0006916434693907648,0.0544754677577215,-0.2806097483876185,0.27298874560325753,1,0.2880731363990017,1,0.20605212640511547,-1
2026-02-22 14:00:00+00:00,0.272,0.000717092500238117,0.0544754677577215,-0.2731992416253672,0.27219511911092914,1,0.2872283471426996,1,0.20697599589277724,-1
2026-02-22 15:00:00+00:00,0.2718,0.000717092500238117,0.04761903524692162,-0.2624674403645788,0.27199497564099456,1,0.2850559671527474,1,0.2090553524906257,-1
2026-02-22 16:00:00+00:00,0.2712,-0.0005160676506033257,0.057407301266168394,-0.271221049559202,0.271060078560726,-1,0.28722441882750677,1,0.20677588105548517,-1
2026-02-22 17:00:00+00:00,0.2704,0.0008387664594891326,0.0544754677577215,-0.2784713193428245,0.2706268975943894,1,0.2855387686300955,1,0.20467656977392348,-1
2026-02-22 18:00:00+00:00,0.27,0.0008387664594891326,0.0544754677577215,-0.2791933814665842,0.27022656194706046,1,0.2851163740019445,1,0.20422627647229452,-1
2026-02-22 19:00:00+00:00,0.2699,0.000717092500238117,0.052290227664726775,-0.2740021792623851,0.27009361267661675,1,0.28438863837858147,1,0.20521317989906085,-1
2026-02-22 20:00:00+00:00,0.2693,0.0006672789432062152,0.0544754677577215,-0.2624674403645788,0.269479758187162,1,0.28437718340268014,1,0.2071324739725,-1
2026-02-22 21:00:00+00:00,0.2704,0.000717092500238117,0.05442263378332467,-0.2624674403645788,0.270593971351453,1,0.28552368288062796,1,0.2079785405204753,-1
2026-02-22 22:00:00+00:00,0.2716,0.0004845251376736926,0.05207551070538955,-0.26417974895824725,0.2717316289135758,1,0.28611845585737256,1,0.20854412441245002,-1
2026-02-22 23:00:00+00:00,0.2717,0.0005112537013265372,0.05426075079838425,-0.2784713193428245,0.27183894314522267,1,0.2868499530090418,1,0.20566059174399043,-1
2026-02-23 00:00:00+00:00,0.2684,9.339216468453873e-05,0.05187222021410656,-0.27238190068756846,0.26842506762754315,1,0.2826899249245733,1,0.20440360689065923,-1
2026-02-23 01:00:00+00:00,0.2585,0.000352720091113714,0.05547842134545391,-0.2675233250009975,0.2585911942256252,1,0.27324644455897074,1,0.19782293619200267,-1
2026-02-23 02:00:00+00:00,0.2602,0.0006256236510407727,0.04948586052106499,-0.26084716178976214,0.2603628382064061,1,0.27340013733148477,1,0.20045773054342944,-1
2026-02-23 03:00:00+00:00,0.2611,0.00032051035143207407,0.05214688184203549,-0.2625594703834306,0.2611836986651867,1,0.2750768071912349,1,0.20080695131513687,-1
2026-02-23 04:00:00+00:00,0.2609,-0.0002817113821315444,0.05294546745533592,-0.2697927369495882,0.26082651185211175,-1,0.27508569287977447,1,0.1992069940432651,-1
2026-02-23 05:00:00+00:00,0.2618,-0.00019725589709840006,0.05294546745533592,-0.26084716178976214,0.2617483634991092,-1,0.2760346278111343,1,0.20169036839458043,-1
2026-02-23 06:00:00+00:00,0.266,-0.00043645824046546755,0.053589306385366464,-0.26084716178976214,0.2658839274402914,-1,0.280643621958511,1,0.2049260427538518,-1
2026-02-23 07:00:00+00:00,0.2667,-0.00019725589709840006,0.05170862506752778,-0.2625594703834306,0.2666473970405364,-1,0.28085346494563473,1,0.20511380281787436,-1
2026-02-23 08:00:00+00:00,0.2651,0.000552012747752512,0.05486399839114504,-0.26084716178976214,0.2652463789772429,1,0.280050826997352,1,0.20423268396257935,-1
2026-02-23 09:00:00+00:00,0.2712,-0.00020061526444150568,0.007442157594741584,-0.26084716178976214,0.2711455985973418,-1,0.27322584210759066,1,0.2089321157700925,-1
2026-02-23 10:00:00+00:00,0.2704,0.000329826586367538,0.0979236998141171,-0.26006487480266866,0.27048919981838093,1,0.2982183821072582,1,0.20847882334003345,-1
2026-02-23 11:00:00+00:00,0.2714,-0.0004328337259099221,0.07292609817730081,-0.2625594703834306,0.27128255434584164,-1,0.2919316926372518,1,0.20872848175767192,-1
2026-02-23 12:00:00+00:00,0.2736,-0.0012878573196557156,0.04050731132867367,-0.2625594703834306,0.2732478690332334,-1,0.28491032940005456,1,0.2104204591337474,-1
2026-02-23 13:00:00+00:00,0.2721,-0.0010780198876279795,0.02950735766358951,-0.27238190068756846,0.2718068288391392,-1,0.28024858235910655,1,0.20722139133736353,-1
2026-02-23 14:00:00+00:00,0.2704,0.0005916532410092986,0.06129000811839953,-0.26084716178976214,0.270560030372945,1,0.28749122909811026,1,0.20831579684451698,-1
2026-02-23 15:00:00+00:00,0.267,0.0004049658364652185,0.05433030416539863,-0.26084716178976214,0.2671081477749353,1,0.2819074886166744,1,0.20569644141082116,-1
2026-02-23 16:00:00+00:00,0.2661,0.00032051035143207407,0.05193216488269828,-0.26084716178976214,0.26618530147378855,1,0.28028427132149036,1,0.20500308261954872,-1
2026-02-23 17:00:00+00:00,0.2633,-0.00032858913866958884,0.05156822628434829,-0.27238190068756846,0.26321349669259025,-1,0.2772341047583574,1,0.20051963373439108,-1
2026-02-23 18:00:00+00:00,0.2634,2.283035667090788e-05,0.05657453696192313,-0.2625594703834306,0.26340601358459304,1,0.2787313253503012,1,0.20257583675376123,-1
2026-02-23 19:00:00+00:00,0.262,0.001037973146879147,0.04948586052106499,-0.26084716178976214,0.2622720901511887,1,0.27529145265506927,1,0.20184444812597432,-1
2026-02-23 20:00:00+00:00,0.2632,0.00032051035143207407,0.05214688184203549,-0.26084716178976214,0.26328437184479947,1,0.27728922119009203,1,0.20276892651433753,-1
2026-02-23 21:00:00+00:00,0.2635,-0.00020061526444150568,0.05234800144208236,-0.26960077098438534,0.2634471431799394,-1,0.27766111781055475,1,0.2012308179047712,-1
2026-02-23 22:00:00+00:00,0.2633,0.0007041559648371995,0.05214688184203549,-0.2625594703834306,0.2634854695576257,1,0.2773945742376566,1,0.2024989286912123,-1
2026-02-23 23:00:00+00:00,0.2623,0.0006388153217124541,0.05214688184203549,-0.2625594703834306,0.26246761479063324,1,0.27634104376201035,1,0.20172984806572344,-1
2026-02-24 00:00:00+00:00,0.2643,0.00020631221167141428,0.08488020398435961,-0.2265164616797772,0.26435453394286046,1,0.28771345173863977,1,0.2107280332073673,-1
2026-02-24 01:00:00+00:00,0.261,-0.0006534796644955476,0.085984401284228,-0.23398146836430733,0.26082949752358475,-1,0.2844350148320821,1,0.20654926160894962,-1
2026-02-24 02:00:00+00:00,0.2604,0.0004079432013814224,0.08463575251349273,-0.2367625980674906,0.26050625008016515,1,0.28339867810966496,1,0.20550211220780032,-1
2026-02-24 03:00:00+00:00,0.2587,5.6612120006017e-05,0.08462537925736585,-0.2265164616797772,0.25871464597001137,1,0.2815456125697879,1,0.2062631183910175,-1
2026-02-24 04:00:00+00:00,0.2581,0.00016336959533368872,0.08377719662412496,-0.2265164616797772,0.25814216913703925,1,0.2806544797599628,1,0.2057847346606943,-1
2026-02-24 05:00:00+00:00,0.2572,7.439827630728405e-05,0.08342081518044159,-0.2265164616797772,0.2572191359484982,1,0.27957617830756853,1,0.2050671590652095,-1
2026-02-24 06:00:00+00:00,0.2565,-5.1847605484949505e-05,0.08410356739901183,-0.2367625980674906,0.2564867014339455,-1,0.279005705660924,1,0.20242431559639315,-1
2026-02-24 07:00:00+00:00,0.2576,1.735382475622057e-05,0.08437142568292214,-0.2265164616797772,0.2576044703840462,1,0.2802772858967567,1,0.20538608155209165,-1
2026-02-24 08:00:00+00:00,0.258,-0.0008290801034092175,0.08509492094369685,-0.2265164616797772,0.2577861859800428,-1,0.2809156667228884,1,0.20570500403897377,-1
2026-02-24 09:00:00+00:00,0.2572,-2.4863075412708856e-05,0.08498037575632364,-0.2265164616797772,0.25719360529650015,-1,0.280012534466701,1,0.2050671590652095,-1
2026-02-24 10:00:00+00:00,0.2574,1.735382475622057e-05,0.08509492094369685,-0.2367625980674906,0.2574044669132512,1,0.28026237447469565,1,0.20313457635287174,-1
2026-02-24 11:00:00+00:00,0.2574,0.0007923317999914616,0.08509492094369685,-0.2265164616797772,0.25760402702319324,1,0.28026237447469565,1,0.20522662030865058,-1
2026-02-24 12:00:00+00:00,0.2565,0.00012185672663826988,0.08462537925736585,-0.2265164616797772,0.2565312581548523,1,0.27915133213819326,1,0.20450904471316578,-1
2026-02-24 13:00:00+00:00,0.2562,0.00017110746409264725,0.08359098943706206,-0.2265164616797772,0.256243841482996,1,0.2785365748912077,1,0.20426985284800417,-1
2026-02-24 14:00:00+00:00,0.2578,-0.0010757757538101109,0.08463575251349273,-0.23417343432951024,0.2575228141323177,-1,0.28056904461087406,1,0.2039776963349351,-1
2026-02-24 15:00:00+00:00,0.2597,-0.00020343584109681456,0.08437142568292214,-0.2282287702734457,0.25964717308569324,-1,0.28256215507526283,1,0.2067061766412312,-1
2026-02-24 16:00:00+00:00,0.2617,0.0005769288774630701,0.09383827058644478,-0.2330716547499116,0.2618510258486297,1,0.28744659317809407,1,0.20729173622162286,-1
2026-02-24 17:00:00+00:00,0.2614,-0.0004812334805860662,0.08979151177409085,-0.23398146836430733,0.26127423583156617,-1,0.28595753276651154,1,0.20686581220145375,-1
2026-02-24 18:00:00+00:00,0.2613,-0.0016901730684440585,0.09007262282771722,-0.2367625980674906,0.26085873079292765,-1,0.2859285045147083,1,0.20621237296427886,-1
2026-02-24 19:00:00+00:00,0.2605,0.0005284809509346164,0.0838888504396746,-0.22688721077828,0.2606377056719257,1,0.28329583687947296,1,0.20762127990858686,-1
2026-02-24 20:00:00+00:00,0.2607,0.00020631221167141428,0.08508132358440648,-0.2265164616797772,0.26075379114227665,1,0.2838516221810234,1,0.20785773082542813,-1
2026-02-24 21:00:00+00:00,0.2594,0.00020631221167141428,0.08342081518044159,-0.2265164616797772,0.2594535229087326,1,0.28196757641128806,1,0.20682123274306125,-1
2026-02-24 22:00:00+00:00,0.2594,0.000707876314958317,0.08377719662412496,-0.2265164616797772,0.2595836881226656,1,0.28206808233140007,1,0.20682123274306125,-1
2026-02-24 23:00:00+00:00,0.2587,0.00020631221167141428,0.08906136137150958,-0.23398146836430733,0.2587533784752857,1,0.282797318090533,1,0.2047290957020508,-1
2026-02-25 00:00:00+00:00,0.2591,-9.75552531469535e-05,0.07331682944909033,-0.24108928098797514,0.2590747246668004,-1,0.27881010337392564,1,0.20359338756697787,-1
2026-02-25 01:00:00+00:00,0.2673,-0.0005649061326470392,0.07410515179289284,-0.2513354173756886,0.26714904323295957,-1,0.28786072658927603,1,0.20789563641298875,-1
2026-02-25 02:00:00+00:00,0.2688,-0.00018480763212965452,0.03436478293798569,-0.24108928098797514,0.26875032829847967,-1,0.27819780559421736,1,0.21121537081437147,-1
2026-02-25 03:00:00+00:00,0.266,0.0007951425937969349,0.06626950752694835,-0.25668490098732033,0.2662115920417242,1,0.28422489719398214,1,0.20578077596629998,-1
2026-02-25 04:00:00+00:00,0.2659,0.0004636011412897591,0.06699569323116615,-0.24108928098797514,0.2660233001222993,1,0.284324443124339,1,0.20893663355484146,-1
2026-02-25 05:00:00+00:00,0.264,0.0003528435418959261,0.06370329278775783,-0.2545596666731903,0.26409316713080416,1,0.28136489789233265,1,0.20466805778951877,-1
2026-02-25 06:00:00+00:00,0.2644,0.0003346027240380221,0.06351152287461784,-0.2513354173756886,0.26448848376286416,1,0.28173717444934027,1,0.20564012819900573,-1
2026-02-25 07:00:00+00:00,0.2661,0.0005295234882094617,0.06351152287461784,-0.2551661864288387,0.26624094351336963,1,0.2835486464484472,1,0.20617101443565858,-1
2026-02-25 08:00:00+00:00,0.2687,0.0002231524151160285,0.07321074764421678,-0.2513354173756886,0.2687599677446664,1,0.2891097180410873,1,0.2089845024473254,-1
2026-02-25 09:00:00+00:00,0.2701,-0.00043351318604900157,0.010646950279612053,-0.25668490098732033,0.2699829334652248,-1,0.27299110468377347,1,0.208952584919164,-1
2026-02-25 10:00:00+00:00,0.2697,-0.001281160479499808,0.06736692412551816,-0.2513354173756886,0.2693546922632232,-1,0.288494826757582,1,0.209762263900423,-1
2026-02-25 11:00:00+00:00,0.271,-0.000650756054895428,0.07452364932997843,-0.2551661864288387,0.2708237024786847,-1,0.29196749284846574,1,0.2099674743031322,-1
2026-02-25 12:00:00+00:00,0.2767,0.0002134166128815645,0.04770860584543329,-0.2513354173756886,0.2767590586786117,1,0.29022093932042303,1,0.2152065940721062,-1
2026-02-25 13:00:00+00:00,0.2786,0.0014865173159771066,0.026539286685619303,-0.17541292886975202,0.27901445169272115,1,0.28609283270549996,1,0.23377617312199833,-1
2026-02-25 14:00:00+00:00,0.2872,-0.0013632250199530442,0.03928624528673255,-0.32358397173490816,0.28680874851676624,-1,0.29870757430324224,1,0.20780390392831527,-1
2026-02-25 15:00:00+00:00,0.2905,-0.0002547962218497181,-0.010207085550215302,-0.2899747009365709,0.2904259911265437,-1,0.28754992310396077,-1,0.2173760657228835,-1
2026-02-25 16:00:00+00:00,0.2951,-0.0007333318928841103,0.017452153055703027,-0.22411287803322433,0.2948836730878165,-1,0.30029533337885794,1,0.23585127222205757,-1
2026-02-25 17:00:00+00:00,0.2962,-0.0013497920693201417,0.018366995321975613,-0.23126384497001193,0.2958004612968151,-1,0.3016905723211853,1,0.235043606584406,-1
2026-02-25 18:00:00+00:00,0.2991,-0.0005649061326470392,-0.06517980258754727,-0.24313402140568402,0.29893108429097726,-1,0.28022648831849395,-1,0.2345441737227107,-1
2026-02-25 19:00:00+00:00,0.3028,-0.0013249021073495637,-0.10864571219302159,-0.2304931458541257,0.30239908528691467,-1,0.27162618721942744,-1,0.24046616070317067,-1
2026-02-25 20:00:00+00:00,0.3073,-0.0011459957802914457,-0.10898695179320912,-0.2367112717707503,0.3069480372091726,-1,0.2755688529531277,-1,0.24252703710174112,-1
2026-02-25 21:00:00+00:00,0.3094,-0.0013249021073495637,-0.10898695179320912,-0.2367112717707503,0.30899034672315523,-1,0.27745201140155457,-1,0.24418439726416757,-1
2026-02-25 22:00:00+00:00,0.3006,-0.0007333318928841103,-0.003948590506805305,-0.2367112717707503,0.30037964124092725,-1,0.2994153939948027,-1,0.23723926896447564,-1
2026-02-25 23:00:00+00:00,0.2971,0.0003959847686302429,0.057659809337112844,-0.2340153460876534,0.29721767037105973,1,0.31473423736257194,1,0.23510998745641762,-1
2026-02-26 00:00:00+00:00,0.2957,0.00046707745582377563,0.046278651560101414,-0.198270332164759,0.2958381470638652,1,0.30970619141066213,1,0.24251779634964116,-1
2026-02-26 01:00:00+00:00,0.2964,-0.0006619679871698155,-0.07218832671631034,-0.19542752462949403,0.296203857615755,-1,0.27575742013856386,-1,0.2437839467240419,-1
2026-02-26 02:00:00+00:00,0.2968,-0.0009612285057632137,-0.09732873664566151,-0.198270332164759,0.2965148444512665,-1,0.2692740878084444,-1,0.24341995927146937,-1
2026-02-26 03:00:00+00:00,0.2953,0.00010165370836154764,0.03483662354935423,-0.19542752462949403,0.2953300198658687,1,0.30576854054866626,1,0.24287921547776511,-1
2026-02-26 04:00:00+00:00,0.2974,-0.0026401941211495338,0.023228717376076628,-0.198270332164759,0.29661584188869383,-1,0.3043890799720813,1,0.24391204813792114,-1
2026-02-26 05:00:00+00:00,0.2952,-6.9581398646064e-05,0.01085752221970265,-0.19852168629198083,0.295179460285719,-1,0.2984226036464021,1,0.24204687516644244,-1
2026-02-26 06:00:00+00:00,0.2943,0.000707876314958317,0.08220367407329959,-0.27432436760704737,0.2945084017521221,1,0.31951471506954865,1,0.22369315916538923,-1
2026-02-26 07:00:00+00:00,0.2933,0.00045859341526883324,0.09236128999048483,-0.2711407234557064,0.29343453629507005,1,0.32168000108884554,1,0.22364394423240092,-1
2026-02-26 08:00:00+00:00,0.292,5.6612120006017e-05,0.09911592843310825,-0.3441726688397485,0.2920165312069707,1,0.3224247354990612,1,0.20697150637503386,-1
2026-02-26 09:00:00+00:00,0.2948,-0.0010131490988768877,0.042534518280071175,-0.2715107688269312,0.2945014748964066,-1,0.3076096713924919,1,0.22470454174902788,-1
2026-02-26 10:00:00+00:00,0.292,0.00014805547417034382,0.09855805063640614,-0.4111202469991833,0.29204323539899746,1,0.3222449120624339,1,0.19356890654776934,-1
2026-02-26 11:00:00+00:00,0.2894,0.00017110746409264725,0.08832101267813565,-0.37762764481548206,0.2894495227368425,1,0.3161228256634966,1,0.19837956079987315,-1
2026-02-26 12:00:00+00:00,0.2928,-0.002536452994392906,0.04331680814374229,-0.29368712005467584,0.29205826764553455,-1,0.3057618681194839,1,0.2182852430862385,-1
2026-02-26 13:00:00+00:00,0.2922,-0.0009612285057632137,0.04460150794291509,-0.34746052862805216,0.29191926397796525,-1,0.3055275660955296,1,0.20643342651997065,-1
2026-02-26 14:00:00+00:00,0.2921,-0.0006402017039246698,0.041888891281466355,-0.302611638256363,0.29191305692930486,-1,0.30459563213253216,1,0.2158285993469365,-1
2026-02-26 15:00:00+00:00,0.2916,1.1753562067234351e-06,0.08882560687892396,-0.4111202469991833,0.2916003427340713,1,0.31868673776352846,1,0.1933037436620875,-1
2026-02-26 16:00:00+00:00,0.2841,-0.00017405319416682514,0.042930605966648806,-0.2819180763771266,0.2840505557906233,-1,0.2965621755674882,1,0.2143067098387887,-1
2026-02-26 17:00:00+00:00,0.2836,9.555889625891482e-06,0.03768015997994125,-0.27688988151903793,0.28360271006324644,1,0.29448997290108175,1,0.2150079304236794,-1
2026-02-26 18:00:00+00:00,0.2864,0.0002172359601632378,0.07666867386120625,-0.2974331424969092,0.2864622231372975,1,0.309221580511953,1,0.21271564899619128,-1
2026-02-26 19:00:00+00:00,0.2883,4.9063538160772436e-05,0.0846022812385332,-0.29780381302206144,0.2883141453650598,1,0.31375232032690603,1,0.21404746545566408,-1
2026-02-26 20:00:00+00:00,0.2852,7.563254560466399e-06,0.07786766862426307,-0.2812576938043878,0.28520215704835783,1,0.3082953824011305,1,0.21527859816947,-1
2026-02-26 21:00:00+00:00,0.2856,0.000286117836530839,0.08017096387490184,-0.2774376129618087,0.28568172694532407,1,0.3094396850135726,1,0.2164056417365133,-1
2026-02-26 22:00:00+00:00,0.2874,0.0004079432013814224,0.08902688880881138,-0.29932805287109987,0.28751726679354633,1,0.3141598278981668,1,0.2130542697411693,-1
2026-02-26 23:00:00+00:00,0.287,1.6030746348792577e-05,0.08485695496408849,-0.29932805287109987,0.2870046008610796,1,0.31241710522993,1,0.21275774326971325,-1
2026-02-27 00:00:00+00:00,0.2863,0.001020814585209594,0.13157692312966088,-0.30850327944510403,0.28659240843775224,1,0.3265611221183201,1,0.21030038904491033,-1
2026-02-27 01:00:00+00:00,0.2877,-0.00045635632722642385,0.06021593884239393,-0.26920565225743975,0.28756873623845913,-1,0.30555634880187643,1,0.21979880788068587,-1
2026-02-27 02:00:00+00:00,0.287,0.00043949804110887474,0.06427594487849915,-0.3076836884770761,0.2871261636601081,1,0.3060529605403448,1,0.2109874234679903,-1
2026-02-27 03:00:00+00:00,0.2901,-0.0004373108030238597,0.00017023682286528602,-0.4724691452469664,0.28997316387146876,-1,0.2901493899061843,1,0.18086602175582428,-1
2026-02-27 04:00:00+00:00,0.2934,0.0008379091207859376,-0.02271653623721411,-0.3596811404070204,0.2936459455616635,1,0.28681010148790065,-1,0.20476351447192767,-1
2026-02-27 05:00:00+00:00,0.2949,0.000271865483801115,-0.025239448400687835,-0.3524622778849386,0.2949801840303142,1,0.28755003141793883,-1,0.2073014549390276,-1
2026-02-27 06:00:00+00:00,0.2923,-1.183641268538371e-05,-0.008303498674029963,-0.44789164265153575,0.2922965402370477,-1,0.28988293626797274,-1,0.1867720761730351,-1
2026-02-27 07:00:00+00:00,0.2903,-2.7482230919899185e-05,-0.030454585114600686,-0.2332605896045282,0.2902920220179908,-1,0.2815923016208293,-1,0.22990226444727793,-1
2026-02-27 08:00:00+00:00,0.2923,-0.00027691361521810275,-0.019329390405076623,-0.4196304763600735,0.29221906935618747,-1,0.2867042743913596,-1,0.19212576732925604,-1
2026-02-27 09:00:00+00:00,0.2906,0.0004927018719299059,-0.030914287228652124,-0.24067007190393477,0.2907432144420975,1,0.2817537503957296,-1,0.2284409332788116,-1
2026-02-27 10:00:00+00:00,0.2861,0.000860961110708241,0.0666972489137074,-0.30692103714925645,0.2863464270406008,1,0.3058328310664628,1,0.21048625685826156,-1
2026-02-27 11:00:00+00:00,0.2818,0.0004312983768190648,0.12076672626598567,-0.2869827014593159,0.2819215660963332,1,0.3179723170632385,1,0.2114978637590425,-1
2026-02-27 12:00:00+00:00,0.2836,-3.649605761349008e-05,0.1206595784626944,-0.3083455617472096,0.28358964990693075,-1,0.3199690822383087,1,0.20834997396506494,-1
2026-02-27 13:00:00+00:00,0.2839,0.0006877696422493955,0.09268169752632617,-0.30752596243718733,0.2840953249630251,1,0.31147022911799893,1,0.20874138659133135,-1
2026-02-27 14:00:00+00:00,0.2817,0.0005496708999575215,0.1166581863117033,-0.2878023007693382,0.2818548848564676,1,0.31655622159938296,1,0.21124960028912093,-1
2026-02-27 15:00:00+00:00,0.2807,-1.9100418223814836e-05,0.13319315657736444,-0.2869827014593159,0.2806946385638076,-1,0.32069151222434417,1,0.21067228657616477,-1
2026-02-27 16:00:00+00:00,0.2775,1.1215577236919715e-05,0.1292082509453008,-0.2862200501314964,0.2775031123401366,1,0.31577476300203117,1,0.2084295059384082,-1
2026-02-27 17:00:00+00:00,0.2779,-2.7482230919899185e-05,0.14351168869689823,-0.2862200501314964,0.2778923627929716,-1,0.3207856122671726,1,0.20872994486588695,-1
2026-02-27 18:00:00+00:00,0.2769,-5.9548047535793505e-05,0.1396796468438816,-0.2869827014593159,0.2768835116365671,-1,0.31840879530077737,1,0.207820292671678,-1
2026-02-27 19:00:00+00:00,0.2756,0.0002918714478047033,0.1396796468438816,-0.2862200501314964,0.2756804515111934,1,0.31691391832753435,1,0.20700242103288394,-1
2026-02-27 20:00:00+00:00,0.2774,0.0006528647918274518,0.1273981490986019,-0.28010366601948866,0.2775811638245594,1,0.3150901086041495,1,0.20963267696817944,-1
2026-02-27 21:00:00+00:00,0.2761,0.0004082463868967614,0.13465930464114176,-0.2862200501314964,0.2762127398386723,1,0.3158989625131975,1,0.20737796969223243,-1
2026-02-27 22:00:00+00:00,0.2766,-1.183641268538371e-05,0.1388687334119366,-0.2808227154996893,0.2765967260676271,-1,0.31780600601275755,1,0.20887786511946904,-1
2026-02-27 23:00:00+00:00,0.2776,0.0005414258446530044,0.11725128152565252,-0.30752596243718733,0.27775034050992187,1,0.31213397733050496,1,0.2041092247895512,-1
2026-02-28 00:00:00+00:00,0.2779,0.0006536238335689341,0.027567464185911498,-0.35922786410418617,0.27808170143907546,1,0.2856675725184453,1,0.19403401381615792,-1
2026-02-28 01:00:00+00:00,0.2775,-0.0006030705998565607,0.0038502922291188506,-0.37088388854637666,0.2773326983609603,-1,0.2785705156701532,1,0.19150942892983697,-1
2026-02-28 02:00:00+00:00,0.2792,0.00045337242187868217,0.03510924419487326,-0.29329407700124194,0.2793266102788242,1,0.28917661183749466,1,0.2082281375715921,-1
2026-02-28 03:00:00+00:00,0.2768,0.0008379091207859376,-0.0059402605486966135,-0.34652730969419865,0.2770320304412695,1,0.27516060990299807,-1,0.19573621560953222,-1
2026-02-28 04:00:00+00:00,0.2767,-0.001297742230252151,0.09769962231360622,-0.3720709080688151,0.2763411476241935,-1,0.3050981441994605,1,0.19073079407467677,-1
2026-02-28 05:00:00+00:00,0.2757,0.0006090817600029375,0.03614317686994508,-0.25013999354766736,0.2758679749912915,1,0.28584694061805227,1,0.21468531922949494,-1
2026-02-28 06:00:00+00:00,0.2629,0.0006759167817497552,0.05393430168363446,-0.22995364777808752,0.2630777585901615,1,0.2774686720831427,1,0.20889256650832286,-1
2026-02-28 07:00:00+00:00,0.265,0.0005496708999575215,0.059163507941591066,-0.22887768308959508,0.26514570282912286,1,0.28115140552567003,1,0.21078784271974318,-1
2026-02-28 08:00:00+00:00,0.261,0.0006759167817497552,0.10450107501240583,-0.23334679726556087,0.26117647391415805,1,0.28975086928469423,1,0.20668039406434824,-1
2026-02-28 09:00:00+00:00,0.2611,0.0006759167817497552,0.08148557354821959,-0.2325841459377413,0.2612765415286845,1,0.2832667545475296,1,0.20691732756931688,-1
2026-02-28 10:00:00+00:00,0.2633,-5.0534220842202606e-05,0.09151162705782076,-0.2325841459377413,0.26328669467584215,-1,0.2885319120608677,1,0.20866079030640036,-1
2026-02-28 11:00:00+00:00,0.2627,0.0004312983768190648,0.08784404331469638,-0.23334679726556087,0.2628133265206058,1,0.28682054458712075,1,0.2080265882019321,-1
2026-02-28 12:00:00+00:00,0.2634,-0.0005323389459119351,0.0812825514590487,-0.2334833375362569,0.2632598192367971,-1,0.2857040088366752,1,0.20855242568626187,-1
2026-02-28 13:00:00+00:00,0.2699,-0.000623529366792407,0.02556338620441114,-0.25389005824343286,0.26973176188005765,-1,0.27688850225736505,1,0.209382235957784,-1
2026-02-28 14:00:00+00:00,0.2664,-3.649605761349008e-05,0.14900720334920595,-0.2295967325697958,0.266390277627667,-1,0.30920551163255505,1,0.21174912601728882,-1
2026-02-28 15:00:00+00:00,0.2679,-2.189731217337136e-05,0.06423002549740307,-0.2325841459377413,0.26789413377429633,-1,0.2856718578822941,1,0.2123062123930295,-1
2026-02-28 16:00:00+00:00,0.2691,-0.0005185677768591156,0.06618907624754945,-0.2531096364576084,0.2689604895871759,-1,0.28751416655013035,1,0.208924599990019,-1
2026-02-28 17:00:00+00:00,0.2689,-0.0015247835788766183,0.05100943244521549,-0.25327056554895766,0.2684902981283616,-1,0.2829722951119365,1,0.20873572908426294,-1
2026-02-28 18:00:00+00:00,0.274,-1.183641268538371e-05,0.06481435011805489,-0.24903720874558635,0.27399675684211794,-1,0.2923472934024467,1,0.21359696488442018,-1
2026-02-28 19:00:00+00:00,0.2754,-1.9100418223814836e-05,0.06669542863084132,-0.2531274069156132,0.27539473979505735,-1,0.29439429695924624,1,0.21381201178988635,-1
2026-02-28 20:00:00+00:00,0.2807,-0.0013607158178119653,0.08651951902075608,-0.38232939420354617,0.28031830681680975,-1,0.3060676029999721,1,0.19151326768368834,-1
2026-02-28 21:00:00+00:00,0.2782,0.0005662589853594054,0.06932889003769822,-0.36587931410029817,0.27835757786045606,1,0.29817160293015504,1,0.1929557649314953,-1
2026-02-28 22:00:00+00:00,0.2805,0.0009750502589171893,0.09218865781694141,-0.29329407700124194,0.28077363497987606,1,0.30758835606797846,1,0.20919768119209023,-1
2026-02-28 23:00:00+00:00,0.281,-0.001063198127520161,0.07870519963765385,-0.29458742770916635,0.2807014000897275,-1,0.30400977909709814,1,0.20929970952793206,-1
2026-03-01 00:00:00+00:00,0.2796,0.00026561389023315883,0.03168753741922209,0.09388936288275543,0.2796742755075758,1,0.2886017031603518,1,0.3071233238395018,1
2026-03-01 01:00:00+00:00,0.2863,-0.00019600127700621558,0.05961948280052971,0.006610161058787816,0.2862438903333559,-1,0.30388814660615715,1,0.2881987577446582,1
2026-03-01 02:00:00+00:00,0.2899,-0.0013741487684448678,0.09982453385509323,0.04661869576503252,0.2895019078535868,-1,0.320332836650645,1,0.3037347330089426,1
2026-03-01 03:00:00+00:00,0.2868,0.0007370900505737787,0.08142387812030279,0.033754082964691796,0.2870114753551201,1,0.31112942614489497,1,0.29664590595730106,1
2026-03-01 04:00:00+00:00,0.2859,0.00029571249779552014,0.0751870536472745,0.0351835033547207,0.2859845567047407,1,0.30822472790553945,1,0.29613801207879514,1
2026-03-01 05:00:00+00:00,0.2859,-0.0005859029157070064,0.07763945892792275,0.06280919200664321,0.2857325394190112,-1,0.30898154749074386,1,0.3044330795290088,1
2026-03-01 06:00:00+00:00,0.2826,0.00046697774691705944,-0.046147553926347076,0.06488738338463103,0.2827319987291146,1,0.26985503740697386,-1,0.30154517938124464,1
2026-03-01 07:00:00+00:00,0.2827,0.00044892089452526577,-0.07886074654599173,0.06488738338463103,0.2828269384274067,1,0.2612624658083714,-1,0.301651883266376,1
2026-03-01 08:00:00+00:00,0.2791,0.00017873952608864346,-0.0038350242123366854,0.21150723725806841,0.27914989066031504,1,0.27803169454032245,-1,0.3448389090861163,1
2026-03-01 09:00:00+00:00,0.2787,0.0002612023760563628,-0.05870916312978443,0.20857494723394943,0.27877280661042275,1,0.2628087999390168,-1,0.3433364539612715,1
2026-03-01 10:00:00+00:00,0.2786,0.00015568753616634003,0.05225633023475181,0.20857494723394943,0.2786433779241894,1,0.2935457168638231,1,0.34321326183570233,1
2026-03-01 11:00:00+00:00,0.2781,0.0007951425937969349,0.052285677802338906,0.20857494723394943,0.2783212170932462,1,0.293027493487218,1,0.3425973012078565,1
2026-03-01 12:00:00+00:00,0.2762,0.00030718646628758524,0.08219029370547425,0.20857494723394943,0.27628485793492596,1,0.29985995070719074,1,0.34025665082204226,1
2026-03-01 13:00:00+00:00,0.2806,0.00030498540788087704,-0.010235699628190452,0.06378942781744876,0.2806855919569369,1,0.27774251182774246,-1,0.29908254199762524,1
2026-03-01 14:00:00+00:00,0.2792,0.00043492745180980815,0.0005055288106882354,0.08618949916917504,0.27932145815537374,1,0.27934117932604596,1,0.30433159198270765,1
2026-03-01 15:00:00+00:00,0.2802,0.0006041188850483107,0.045083724191809234,0.22220304222750872,0.2803693252527322,1,0.29312154668369617,1,0.34992074155193476,1
2026-03-01 16:00:00+00:00,0.2771,0.0002036456914835944,-0.027055069768559904,0.2082502931693021,0.2771564359673859,1,0.26970354710550515,-1,0.34125457228208694,1
2026-03-01 17:00:00+00:00,0.2749,0.000514595094684153,0.03587971220430318,0.20747699166676714,0.27504149859564775,1,0.2849424150438283,1,0.33828352892963903,1
2026-03-01 18:00:00+00:00,0.2761,0.0004900297368393629,-0.0023344259100815377,0.20747699166676714,0.276235330365585,1,0.27545621673075904,-1,0.3397602122134352,1
2026-03-01 19:00:00+00:00,0.2736,0.0006271708749706141,0.07527443643550691,0.23745382633291579,0.2737716477720073,1,0.29499004859185646,1,0.34692929975411857,1
2026-03-01 20:00:00+00:00,0.2699,0.0002612023760563628,0.06470428887348503,0.020102216589954168,0.26997050772928993,1,0.2879410607151054,1,0.2753804886891446,1
2026-03-01 21:00:00+00:00,0.2729,0.000511761682250372,0.07420289645886063,0.018250567431994193,0.27303969550544066,1,0.29392020653951934,1,0.2779263068138174,1
2026-03-01 22:00:00+00:00,0.2717,0.00034164989701936506,-0.011482067207201681,-0.2061730589338961,0.2717928421358701,1,0.26859816416179355,-1,0.2210801836143879,-1
2026-03-01 23:00:00+00:00,0.2735,0.00015095143368211016,0.06473172074335422,-0.21155412721524353,0.2735412883333002,1,0.2917897015433098,1,0.22135051695658767,-1
2026-03-02 00:00:00+00:00,0.2765,-0.002014181397334075,0.008753273215223708,0.15338452333590258,0.2759436393373784,-1,0.2789309037048956,1,0.32233627867184816,1
2026-03-02 01:00:00+00:00,0.2767,-0.0005821546062615318,0.017978435453817776,0.15338452333590258,0.2765389646987166,-1,0.28171962034578807,1,0.32256943330379884,1
2026-03-02 02:00:00+00:00,0.2758,-0.00025110761766478394,-0.045446255727032675,0.04527850444890522,0.2757307532136097,-1,0.2635464701221617,-1,0.2885748419495735,1
2026-03-02 03:00:00+00:00,0.2771,-0.0007039352619280983,-0.07151200709471314,0.15338452333590258,0.2769050081777814,-1,0.25797597096102287,-1,0.32303574256770023,1
2026-03-02 04:00:00+00:00,0.276,0.00018718073200125958,-0.03087131584116636,0.15338452333590258,0.27605166671738846,1,0.26760969308157173,-1,0.3217533920919714,1
2026-03-02 05:00:00+00:00,0.2749,3.895488666762832e-05,0.03221409109201934,0.17648973192505282,0.27491070890692565,1,0.28389983612850833,1,0.3279617963626194,1
2026-03-02 06:00:00+00:00,0.272,-0.00039744197591796624,0.0590965487240666,0.04643876936798356,0.2718919172622815,-1,0.28855872411307537,1,0.28492923057563524,1
2026-03-02 07:00:00+00:00,0.2707,0.00010166660705841906,0.11230481870526397,-0.28850819420129364,0.2707275225495691,1,0.3028737388883173,1,0.20285734589269241,-1
2026-03-02 08:00:00+00:00,0.2721,-0.00033803111587255035,0.006905976531159982,0.04527850444890522,0.27200803727737766,-1,0.2739856197428181,1,0.284703460821171,1
2026-03-02 09:00:00+00:00,0.2718,-0.00011951131127885843,0.012188925862791777,-0.04789187948573819,0.27176751876657046,-1,0.27513322298548176,1,0.2590897747330188,-1
2026-03-02 10:00:00+00:00,0.2717,6.912580219116675e-05,0.013359452874856305,-0.013244850949882534,0.27171878212961276,1,0.2753541175041788,1,0.268125100761431,-1
2026-03-02 11:00:00+00:00,0.272,-0.0014118669292556823,0.11730087433857893,-0.2103399549894772,0.2716162431657814,-1,0.3058524942004049,1,0.22040397473555862,-1
2026-03-02 12:00:00+00:00,0.2709,-0.0005209705141231238,0.01646857855939013,-0.07356379589571353,0.27075890584386275,-1,0.2753982763748045,1,0.25168692478993293,-1
2026-03-02 13:00:00+00:00,0.2701,-0.00019109940754554505,0.014881338363306585,-0.06455335487231975,0.27004838898159655,-1,0.27414950579348063,1,0.2532149938480881,-1
2026-03-02 14:00:00+00:00,0.2771,-0.0006577150215374475,-0.021132814014445837,0.01980388735285823,0.2769178070896069,-1,0.2713055395113919,-1,0.2826423561451641,1
2026-03-02 15:00:00+00:00,0.2842,-0.0006393801993471378,0.10801290338080484,0.0037907521369131077,0.284018346226447,-1,0.3166164546351596,1,0.2852793762887624,1
2026-03-02 16:00:00+00:00,0.2845,-3.4223485573166115e-05,0.08849013792274801,0.0009642692910303374,0.2844902635849624,-1,0.31082292949282353,1,0.2847744669220433,1
2026-03-02 17:00:00+00:00,0.282,-0.00033603848080712527,0.11295883785185454,0.033684968359551176,0.28190525306861136,-1,0.3157232089785282,1,0.2916609621914987,1
2026-03-02 18:00:00+00:00,0.2805,-0.00011389112844751097,0.12303301933702077,-0.07161948809020788,0.2804680553576107,-1,0.3172235544142961,1,0.2611132540772172,-1
2026-03-02 19:00:00+00:00,0.2804,0.00019267959931524545,0.11831499112520569,0.14172975528084744,0.28045403256496726,1,0.3156178499930427,1,0.32309516568822566,1
2026-03-02 20:00:00+00:00,0.2794,0.0006833199541103245,-0.030908015925618648,0.019667482537374183,0.279590984839623,1,0.270896392125323,-1,0.2849494879678858,1
2026-03-02 21:00:00+00:00,0.2796,-0.00046780292736601115,-0.03451383068070166,0.033347699684653086,0.2794692328905115,-1,0.2701145638822222,-1,0.28908122675102693,1
2026-03-02 22:00:00+00:00,0.2805,-8.05517882492521e-05,0.12699247871626979,0.019667482537374183,0.2804774061333965,-1,0.3184820780846265,1,0.28607133634571213,1
2026-03-02 23:00:00+00:00,0.2771,-0.0002711960941257328,-0.03414535105307693,0.14660635058685925,0.2770248617513781,-1,0.26779803637944133,-1,0.3208535544791747,1
2026-03-03 00:00:00+00:00,0.2761,0.0001789873576603509,0.02652125530844793,0.15330012463329287,0.27614942283234917,1,0.28352048392024237,1,0.3218428051464501,1
2026-03-03 01:00:00+00:00,0.2744,0.00020312846185481257,0.0034813862552884683,0.07845869526350799,0.27445574411134904,1,0.2753569571907259,1,0.2967961653159458,1
2026-03-03 02:00:00+00:00,0.2738,0.0001091306180673252,-0.04333907030197178,0.16536877533876515,0.2738298815936956,1,0.26218722362590324,-1,0.3230369419978526,1
2026-03-03 03:00:00+00:00,0.2734,-7.280752612675155e-05,0.005092411000059991,0.11025646824020753,0.27338009514697725,-1,0.27479581618583276,1,0.3052687061525001,1
2026-03-03 04:00:00+00:00,0.2714,0.00023379531126600732,0.06589052240125325,0.07935788686202361,0.27146345946545125,1,0.28988499338861246,1,0.2938153868625674,1
2026-03-03 05:00:00+00:00,0.2708,0.00010598386045755469,0.08387588769311821,0.0329710446777234,0.27082870195035674,1,0.29449335192589954,1,0.2798773819694254,1
2026-03-03 06:00:00+00:00,0.2693,0.00046288654295604295,0.07363323925400095,0.13072533072304135,0.26942468420111115,1,0.2898777374462875,1,0.30690901345234106,1
2026-03-03 07:00:00+00:00,0.2688,-7.280752612675155e-05,0.14402496465330913,0.12982613912452573,0.2687804300494056,-1,0.3104405983166691,1,0.30606385228229294,1
2026-03-03 08:00:00+00:00,0.2659,0.0004108091772577133,0.130023881483635,0.15330012463329287,0.2660092566005034,1,0.30282169887111016,1,0.3099529224499858,1
2026-03-03 09:00:00+00:00,0.2649,5.343835566548202e-05,0.1229655869638821,0.07845869526350799,0.26491415619865444,1,0.2995609741289871,1,0.28652078787242735,1
2026-03-03 10:00:00+00:00,0.2651,0.00046288654295604295,0.1350241670395527,0.11025646824020753,0.26522273962760706,1,0.3034240343035657,1,0.2960012216570146,1
2026-03-03 11:00:00+00:00,0.2647,0.00035167492281536016,0.1292082509453008,0.09818781753473534,0.2647931047224077,1,0.30120929645635186,1,0.2920090884952934,1
2026-03-03 12:00:00+00:00,0.2653,-0.0003328623109385596,0.1229655869638821,0.13072533072304135,0.2652117063245416,-1,0.30001331233076733,1,0.3023503946116082,1
2026-03-03 13:00:00+00:00,0.2637,-0.00014697676037017836,0.130023881483635,-0.2191688258606922,0.2636612450763967,-1,0.3003162165938764,1,0.21180017671143092,-1
2026-03-03 14:00:00+00:00,0.263,0.0001789873576603509,0.130023881483635,-0.030653944732575475,0.2630470778881124,1,0.2995190176874839,1,0.2550603254175994,-1
2026-03-03 15:00:00+00:00,0.2651,8.901740831972909e-06,0.1396796468438816,0.14198376542139254,0.265102359861998,1,0.3048399120051863,1,0.30554310912327204,1
2026-03-03 16:00:00+00:00,0.2682,7.105881895180884e-05,0.1283859418115538,0.12982613912452573,0.2682190586523775,1,0.3049411821678767,1,0.30538067404059144,1
2026-03-03 17:00:00+00:00,0.2677,-0.00032000148637918794,0.1283430164605204,-0.010744450448479905,0.2676143493070017,-1,0.3043596212785455,1,0.26483910749631356,-1
2026-03-03 18:00:00+00:00,0.267,0.0005242900380668838,0.1292082509453008,-0.011643642046995537,0.26714002214306376,1,0.30382652872627863,1,0.26390917671307446,-1
2026-03-03 19:00:00+00:00,0.2636,0.00015593536773804746,0.1292082509453008,0.15220216906611062,0.2636411077679299,1,0.29995757667508255,1,0.3069346847499323,1
2026-03-03 20:00:00+00:00,0.2617,0.00023379531126600732,0.13476529679510438,-0.02297291341961332,0.26176119138580917,1,0.299454985171524,1,0.25575651947916966,-1
2026-03-03 21:00:00+00:00,0.262,4.6822413476935206e-05,0.130023881483635,-0.05067335720227833,0.2620122677595318,1,0.2983801621069231,1,0.24905435020418648,-1
2026-03-03 22:00:00+00:00,0.263,0.00022618045177711605,0.13141545560540388,0.03387023627623904,0.26305949218654856,1,0.29993611074211834,1,0.2720604457023118,1
2026-03-03 23:00:00+00:00,0.2625,0.0003877571873354099,0.1350241670395527,0.03387023627623904,0.26260180599840377,1,0.30044816674721236,1,0.2715432205203682,1
2026-03-04 00:00:00+00:00,0.2624,-0.00014928845030009606,0.0661527479608489,0.08618949916917504,0.2623608296345556,-1,0.2803455095189331,1,0.2860193758462124,1
2026-03-04 01:00:00+00:00,0.264,-0.001509575878458641,0.06453411461686456,0.08128697129157413,0.26360177262093376,-1,0.281598759126503,1,0.28635608087805947,1
2026-03-04 02:00:00+00:00,0.2641,0.00036693611500486094,0.07615617716186393,0.08128697129157413,0.2641969256096386,1,0.2849985226197747,1,0.2864645490905133,1
2026-03-04 03:00:00+00:00,0.2627,0.0002409327747452579,0.06740440454563726,0.08096231722692702,0.26276330066522186,1,0.28101754391249556,1,0.28485350025603146,1
2026-03-04 04:00:00+00:00,0.2609,6.598732372356117e-05,0.06740440454563726,0.08128697129157413,0.2609172166607939,1,0.27909203352405826,1,0.28299356629199135,1
2026-03-04 05:00:00+00:00,0.2608,0.0002139860804159152,0.07255962802357253,0.09095707285863631,0.26085581354121995,1,0.28042700463783593,1,0.2856338948616466,1
2026-03-04 06:00:00+00:00,0.2612,0.000436563644111894,0.06605600010531486,0.08128697129157413,0.2613140553182332,1,0.2790364441564943,1,0.28331897092935276,1
2026-03-04 07:00:00+00:00,0.265,1.114958787262055e-05,0.06854712586159913,0.035508157419367845,0.2650029546572578,1,0.2838020397125191,1,0.27457871659854227,1
2026-03-04 08:00:00+00:00,0.2718,9.655323840967812e-06,-0.004812694048455248,0.07142930481490312,0.2718026243296893,1,0.2704950524330922,-1,0.29192467496217717,1
2026-03-04 09:00:00+00:00,0.2725,-0.001509575878458641,-0.07628794205773642,0.08128697129157413,0.27208895090607743,-1,0.25248470485413155,-1,0.29557587893663334,1
2026-03-04 10:00:00+00:00,0.27,-5.429471086140224e-05,-0.040722169848820246,0.20857494723394943,0.2699853408260288,-1,0.2592258758463384,-1,0.3326187390367539,1
2026-03-04 11:00:00+00:00,0.2687,-0.0017199062104905948,-0.02488022992879148,0.24117615468814388,0.26823825839119375,-1,0.26209716287807466,-1,0.34198663943144736,1
2026-03-04 12:00:00+00:00,0.2691,-0.0015380175325955267,-0.01879766059230949,0.23745382633291579,0.2686864375966156,-1,0.26408879654451334,-1,0.3412232257450048,1
2026-03-04 13:00:00+00:00,0.2721,-0.0014013257991673563,0.012272556710579334,0.20857494723394943,0.2717189662885851,-1,0.27545993802442525,1,0.3352057736737064,1
2026-03-04 14:00:00+00:00,0.2728,-0.0017199062104905948,0.04418294181847612,0.08618949916917504,0.27233121283631434,-1,0.28512334262543576,1,0.29735550964499513,1
2026-03-04 15:00:00+00:00,0.2808,-0.0015270937841037032,-0.058843421483865364,0.033754082964691796,0.28037151931378856,-1,0.26475351224611327,-1,0.29043992466112317,1
2026-03-04 16:00:00+00:00,0.2805,0.0003877571873354099,-0.018668583399976697,0.154019034615235,0.28060878698115144,1,0.27531203897095946,-1,0.3272069219399378,1
2026-03-04 17:00:00+00:00,0.2808,8.293187053525126e-05,0.04136580913659117,0.033754082964691796,0.2808232882349014,1,0.29265910903426634,1,0.29043992466112317,1
2026-03-04 18:00:00+00:00,0.2817,-0.001509575878458641,-0.044363470192760435,0.014602013613751444,0.2812750732852918,-1,0.26947596553654934,-1,0.28584356581362064,1
2026-03-04 19:00:00+00:00,0.2821,-0.0015270937841037032,-0.020496137324036504,0.03348384501410251,0.281669535606908,-1,0.2763768908277728,-1,0.29170571333543266,1
2026-03-04 20:00:00+00:00,0.281,-0.00037750381113820994,0.061565631148590275,0.0030636117734448324,0.2808939414490833,-1,0.2988435823285373,1,0.2818621949492771,1
2026-03-04 21:00:00+00:00,0.28,-0.00026691373864118866,0.10512152959631356,0.2082502931693021,0.2799252741263053,-1,0.3110367687757187,1,0.3448259842619428,1
2026-03-04 22:00:00+00:00,0.276,3.0386365743178585e-05,0.09911074759110311,0.06602506621238895,0.2760083867643661,1,0.3047560478075683,1,0.2948379643162233,1
2026-03-04 23:00:00+00:00,0.2763,0.0002955394070974559,0.10653602116457127,0.046072158297000475,0.27638166960588,1,0.3073610923820323,1,0.2893275363764819,1
2026-03-05 00:00:00+00:00,0.2743,0.0010951912494407633,-0.13038216280226692,-0.03378079610905991,0.2746005755235196,1,0.24076954595288375,-1,0.26518868774351617,-1
2026-03-05 01:00:00+00:00,0.2733,0.0006039895819565889,-0.15732307433931517,-0.03254901189369894,0.2734651202131733,1,0.23351516432931554,-1,0.26454756924380507,-1
2026-03-05 02:00:00+00:00,0.2739,0.000571779842274949,-0.01249163785539178,-0.03254901189369894,0.274056655280697,1,0.27049982150444063,-1,0.2651283542476334,-1
2026-03-05 03:00:00+00:00,0.2741,0.0003700384736174944,0.01735964785327154,-0.057757411722058616,0.2742014463139806,1,0.2788998205358755,1,0.25871720474158033,-1
2026-03-05 04:00:00+00:00,0.2754,0.0006687378946086146,-0.00328341023808909,-0.1569809911308971,0.2755842320107728,1,0.27449723171079754,-1,0.23538997225303385,-1
2026-03-05 05:00:00+00:00,0.2733,0.0006884450669897335,-0.02341062279068558,-0.15045612034642536,0.27348821681784424,1,0.2669761877973045,-1,0.23512422055401733,-1
2026-03-05 06:00:00+00:00,0.2742,0.00029616594697918017,-0.0007307629390279713,-0.17594731622371296,0.2742812207294751,1,0.27399969799767215,-1,0.22996116593451424,-1
2026-03-05 07:00:00+00:00,0.2722,0.0005802473340632752,-0.14633395479233133,-0.1583652080994795,0.27235798915629267,1,0.2351451858313201,-1,0.2323330452460966,-1
2026-03-05 08:00:00+00:00,0.2718,-7.256448305588654e-05,-0.06986018575452847,-0.14876273476488322,0.2717802776890837,-1,0.25346007510238805,-1,0.23423005348580395,-1
2026-03-05 09:00:00+00:00,0.2733,0.00046863831354517144,-0.01565985311256672,-0.10370451925834591,0.27342810886710894,1,0.26905349871828393,-1,0.24637766288535337,-1
2026-03-05 10:00:00+00:00,0.2767,0.0006182790107146626,0.021225163398420767,-0.4313686518358191,0.2768711307000732,1,0.28263577375536314,1,0.17974968334475286,-1
2026-03-05 11:00:00+00:00,0.2742,-0.0012343967455413056,-0.007019307714339746,-0.15670188671738972,0.27386173723055535,-1,0.27228204505759523,-1,0.23442972912787183,-1
2026-03-05 12:00:00+00:00,0.2775,-0.0008013035802751022,0.01449841847874689,0.01796539428217079,0.2772777273223131,-1,0.28155261841721113,1,0.28253044861001014,1
2026-03-05 13:00:00+00:00,0.2746,-0.0012443899475509175,-0.14204691597811264,0.04189270070534568,0.27425850304216076,-1,0.23823761961788684,-1,0.28634809726765553,1
2026-03-05 14:00:00+00:00,0.2757,-0.0012343967455413056,-0.019892256319480245,0.052871527250117414,0.27535988677776846,-1,0.270269892534943,-1,0.29066890772664156,1
2026-03-05 15:00:00+00:00,0.2712,0.0013706704432225316,-0.060346423845028044,-0.16845400982901154,0.2715719806974378,1,0.2553180779157273,-1,0.22915589731577649,-1
2026-03-05 16:00:00+00:00,0.2688,0.0006039895819565889,0.03327502218134397,-0.17120347697463922,0.2689624014390815,1,0.2778948016739744,1,0.226504345840853,-1
2026-03-05 17:00:00+00:00,0.2667,0.000508662186997434,0.04350221198381189,-0.3296738413518134,0.26683569471373136,1,0.27855809664833636,1,0.19179950657342626,-1
2026-03-05 18:00:00+00:00,0.2687,0.0007450607199417748,0.02870698266713129,-0.15797655215155632,0.2689002724137382,1,0.2765253499426805,1,0.22943481610465544,-1
2026-03-05 19:00:00+00:00,0.2694,0.000216963021448564,0.02752219738606765,-0.15597147463367048,0.26945845617916353,1,0.2769174538853052,1,0.23049422072426007,-1
2026-03-05 20:00:00+00:00,0.2711,-0.00125782289818382,-0.04134883984267589,-0.1911661939600995,0.27075921857856966,-1,0.2601189214565335,-1,0.2239273261860192,-1
2026-03-05 21:00:00+00:00,0.269,0.0006765922064900933,0.041463822238654635,-0.4058774559585315,0.26918206488844276,1,0.28038823653584843,1,0.1792594008628294,-1
2026-03-05 22:00:00+00:00,0.2691,0.0003255086495707389,0.03355712278397531,-0.10018957301996073,0.2691876086355103,1,0.27828344497784036,1,0.24344559410226485,-1
2026-03-05 23:00:00+00:00,0.2692,0.0006765922064900933,0.02870698266713129,-0.035761102105172554,0.26938220025267207,1,0.2770399114423878,1,0.2597432117006591,-1
2026-03-06 00:00:00+00:00,0.2683,2.4907437497350953e-05,0.10517430979234406,0.07866975478320108,0.2683066827487052,1,0.2980556062414833,1,0.2902595469545816,1
2026-03-06 01:00:00+00:00,0.2708,-0.0011459957802914457,-0.024694430467546796,0.07697636920165891,0.27048984209646576,-1,0.264194641677374,-1,0.2924684829417147,1
2026-03-06 02:00:00+00:00,0.2701,0.0006632313539532507,0.024774691396134384,-0.04703013755597832,0.2702791982070688,1,0.276875224655166,1,0.25769123978796693,-1
2026-03-06 03:00:00+00:00,0.2707,-0.0015560374463399358,-0.02117654233374094,0.06356093380133344,0.2702791082098927,-1,0.2650277809556672,-1,0.2884645295112769,1
2026-03-06 04:00:00+00:00,0.2688,-0.0005816218164372342,0.10639333909435471,-0.016470149737599842,0.26864370551228955,-1,0.2989752959520542,1,0.26440908254290946,-1
2026-03-06 05:00:00+00:00,0.2685,-0.0013741487684448678,0.09823390519340902,0.06351361666053004,0.2681312944418353,-1,0.29621478587584876,1,0.286106617727859,1
2026-03-06 06:00:00+00:00,0.2686,-0.0013470195007179483,0.09248298650531671,0.08227506738267389,0.26823843413491333,-1,0.2946258571650019,1,0.29163363839003836,1
2026-03-06 07:00:00+00:00,0.2715,-0.0013741487684448678,-0.05155938738165236,0.06351361666053004,0.2711271748266603,-1,0.25785637709493836,-1,0.28930333971364514,1
2026-03-06 08:00:00+00:00,0.2691,-0.0005870235260154237,-0.0034438307827427167,0.09967276473636089,0.2689420783255533,-1,0.26817485906512406,-1,0.2973041897194164,1
2026-03-06 09:00:00+00:00,0.2671,-0.0005764208212336027,0.10097274177031185,0.07866975478320108,0.2669460823635754,-1,0.29547843668614243,1,0.28896133056864987,1
2026-03-06 10:00:00+00:00,0.2678,-0.0013701262987116805,0.09194006228043733,0.06916756293023814,0.26743333142569387,-1,0.2935889017766073,1,0.2869786997732034,1
2026-03-06 11:00:00+00:00,0.2663,-0.0005948841786332458,0.10361529420024629,0.07517440269611327,0.26614162945396647,-1,0.2953729475978009,1,0.28709061439189276,1
2026-03-06 12:00:00+00:00,0.2664,0.0006258135394647526,0.10117218066935293,0.05040611220809429,0.26656676890458986,1,0.294762845460762,1,0.2801723783969254,1
2026-03-06 13:00:00+00:00,0.2641,0.00041805688184249414,0.0922165573877002,0.07517440269611327,0.26421043190429505,1,0.2896126604822356,1,0.2847188556548963,1
2026-03-06 14:00:00+00:00,0.2585,-0.0010292455707528866,0.0970305806604238,-0.1325433069599285,0.2582340768935255,-1,0.28483961703144856,1,0.22641110307756593,-1
2026-03-06 15:00:00+00:00,0.2568,-0.0004855341962412127,0.08990326246044171,-0.14216984086627857,0.2566753450829666,-1,0.28095677567363664,1,0.2227673004611481,-1
2026-03-06 16:00:00+00:00,0.2572,0.0005515250754301691,0.10365064677976192,-0.1516427559423968,0.25734189137412933,1,0.2852895527688373,1,0.22101072647393463,-1
2026-03-06 17:00:00+00:00,0.2572,0.0010595057439503344,0.0922165573877002,-0.1492963396173912,0.25747264928858243,1,0.28204610479375614,1,0.22152991853268733,-1
2026-03-06 18:00:00+00:00,0.2588,0.0001875418999063724,0.09283509596888859,-0.4053960481967667,0.2588485403952325,1,0.28397626439529716,1,0.17254524888148506,-1
2026-03-06 19:00:00+00:00,0.2586,-0.00014269503886804995,0.08990326246044171,-0.13249598981912508,0.2585631016956138,-1,0.2829260988676108,1,0.22650940710173517,-1
2026-03-06 20:00:00+00:00,0.2583,-0.0011459957802914457,0.10383001115958351,-0.04219444017518196,0.25800415883868943,-1,0.28656108117829837,1,0.24762791082617638,-1
2026-03-06 21:00:00+00:00,0.2595,-0.0004600936668719831,0.08985042848604487,0.07697636920165891,0.259380633155517,-1,0.28389576072699985,1,0.2802642958765693,1
2026-03-06 22:00:00+00:00,0.2598,-0.0005035698671493088,0.08985042848604487,0.06351361666053004,0.2596692054833672,-1,0.2842239639185917,1,0.2768361239690792,1
2026-03-06 23:00:00+00:00,0.259,0.0004082463868967614,0.08990326246044171,0.07758288895730732,0.2591057574002757,1,0.2833637262440495,1,0.279893997366875,1
2026-03-07 00:00:00+00:00,0.2594,-0.0003420724126054036,0.016782175555066958,-0.22262715042491402,0.25931128159109534,-1,0.2637900304356673,1,0.20762719118697673,-1
2026-03-07 01:00:00+00:00,0.2592,-0.00029006556635057163,0.014427841597199077,-0.23029533672872562,0.2591248259084367,-1,0.2629668046301619,1,0.2058822961852059,-1
2026-03-07 02:00:00+00:00,0.2595,-0.0005685006213002173,0.014427841597199077,-0.14049754464059158,0.2593525160151133,-1,0.2632711643577431,1,0.2254862446991482,-1
2026-03-07 03:00:00+00:00,0.2587,-0.0002435288349424355,0.016782175555066958,-0.22831639105186224,0.25863700676104673,-1,0.26307818378453013,1,0.20589219326550368,-1
2026-03-07 04:00:00+00:00,0.2586,-0.0005786879136616109,0.017081111906135902,-0.22622809302026903,0.2584503945971213,-1,0.2630551163899014,1,0.20624285317000773,-1
2026-03-07 05:00:00+00:00,0.2591,-0.0007944596571485155,0.010576173713677701,-0.22138069483077735,0.25889423724875776,-1,0.2618548287041747,1,0.2076457271594199,-1
2026-03-07 06:00:00+00:00,0.2579,-0.0007944596571485155,0.014427841597199077,-0.2848274237985788,0.257695190221747,-1,0.26164791247731006,1,0.19397794927820233,-1
2026-03-07 07:00:00+00:00,0.2584,-0.0008597363128199163,0.016782175555066958,-0.22715839323330586,0.258177939607137,-1,0.26277310664832854,1,0.20589171570632556,-1
2026-03-07 08:00:00+00:00,0.2581,-0.000752242756979586,0.017618212491366702,-0.23029533672872562,0.2579059191515319,-1,0.26268755423199747,1,0.2050085673047903,-1
2026-03-07 09:00:00+00:00,0.2584,-0.000752242756979586,0.016782175555066958,-0.2855223820495978,0.2582056935635639,-1,0.26277310664832854,1,0.19421900029253764,-1
2026-03-07 10:00:00+00:00,0.2578,-0.0007944596571485155,0.017618212491366702,-0.23029533672872562,0.2575952696361627,-1,0.2623822219333938,1,0.20477027761013147,-1
2026-03-07 11:00:00+00:00,0.2589,-0.0006769760793981368,0.017618212491366702,-0.22922212544527995,0.258724790206155,-1,0.2635017736949405,1,0.20586482442964316,-1
2026-03-07 12:00:00+00:00,0.2574,-0.0008597363128199163,0.017618212491366702,-0.22831360640928383,0.25717879897398244,-1,0.2619751122019223,1,0.20485812958436705,-1
2026-03-07 13:00:00+00:00,0.258,-0.0008597363128199163,0.017618212491366702,-0.22245008669818336,0.25777828335387515,-1,0.2625857767991296,1,0.20654318073639716,-1
2026-03-07 14:00:00+00:00,0.2557,-0.0007944596571485155,0.014427841597199077,-0.20325652376494435,0.2554969373388937,-1,0.2594159411417145,1,0.20866881095726078,-1
2026-03-07 15:00:00+00:00,0.2549,-0.0007714076672262121,0.016782175555066958,-0.2021843242664303,0.25470344400777084,-1,0.25921387339264296,1,0.20823911007354517,-1
2026-03-07 16:00:00+00:00,0.2556,-0.0008597363128199163,0.016782175555066958,-0.20278652413746967,0.2553803458343042,-1,0.25992572004378006,1,0.20868526302014828,-1
2026-03-07 17:00:00+00:00,0.257,-0.0037271790547054786,0.017618212491366702,-0.20325652376494435,0.2560438978716906,-1,0.2615680024704508,1,0.20972970049282763,-1
2026-03-07 18:00:00+00:00,0.2556,-0.0014213401545848173,0.014427841597199077,-0.20240905720596603,0.2552369635167711,-1,0.25931448789918743,1,0.20876404967477344,-1
2026-03-07 19:00:00+00:00,0.2543,-0.0008597363128199163,0.014427841597199077,-0.20218331248149868,0.2540814630112033,-1,0.25799559574633557,1,0.20774915367206284,-1
2026-03-07 20:00:00+00:00,0.2551,-0.0008597363128199163,0.014427841597199077,-0.19541127373440215,0.2548807755177269,-1,0.2588072216865521,1,0.20981881055687668,-1
2026-03-07 21:00:00+00:00,0.2555,-0.0016291761297880045,0.017081111906135902,-0.21945196980983248,0.2550840843907246,-1,0.2599017101222731,1,0.2051559537334079,-1
2026-03-07 22:00:00+00:00,0.2538,-0.0011452106128958864,0.017618212491366702,-0.21796750306823703,0.2535095119132151,-1,0.25831112461867867,1,0.20409366940525533,-1
2026-03-07 23:00:00+00:00,0.2544,-0.0008597363128199163,0.014427841597199077,-0.2186611568590764,0.25418137707451877,-1,0.25809704898886265,1,0.20443430452543693,-1
2026-03-08 00:00:00+00:00,0.2539,0.000621781423094821,0.087718022367447,-0.22836539420932347,0.25405791939390876,1,0.2771776152747836,1,0.2020621037589898,-1
2026-03-08 01:00:00+00:00,0.2543,0.000621781423094821,0.08985042848604487,-0.23524543395416617,0.25445816818381645,1,0.27820690540607346,1,0.2009928305412478,-1
2026-03-08 02:00:00+00:00,0.252,-0.0003765471589658191,0.09010438206048858,-0.2319125458399313,0.2519051279789566,-1,0.2757607024617989,1,0.19983989913962327,-1
2026-03-08 03:00:00+00:00,0.2521,0.000621781423094821,0.087718022367447,-0.2285964094536603,0.2522567998393241,1,0.275212590826203,1,0.2005832604704763,-1
2026-03-08 04:00:00+00:00,0.2505,0.000621781423094821,0.09010438206048858,-0.23028979503520244,0.25065580467969334,1,0.2741192697090501,1,0.19897299768441792,-1
2026-03-08 05:00:00+00:00,0.2522,0.0006870580787662216,0.10383001115958351,-0.22832781868614246,0.2523733355864538,1,0.27979366888566337,1,0.20071672884996364,-1
2026-03-08 06:00:00+00:00,0.2518,0.000621781423094821,0.09593446504395459,-0.23028979503520244,0.2519566132468934,1,0.2771529685108992,1,0.2000055920835786,-1
2026-03-08 07:00:00+00:00,0.2524,0.0008507537724809479,0.08990326246044171,-0.22968327527955407,0.25261482161936877,1,0.27614287453281117,1,0.2006038073959814,-1
2026-03-08 08:00:00+00:00,0.2524,-0.0002786153961753623,0.08988966510115134,-0.2408641370579727,0.2523296872695648,-1,0.2761391197444583,1,0.19837337626015872,-1
2026-03-08 09:00:00+00:00,0.2541,0.0006982065156078727,0.10135154504917453,-0.23983548951028366,0.2542774762259348,1,0.2812037330781649,1,0.199915024910589,-1
2026-03-08 10:00:00+00:00,0.2562,0.0005820667825729197,0.1094363702700847,-0.23983548951028366,0.2563491689186199,1,0.2858292943541463,1,0.20156721519910625,-1
2026-03-08 11:00:00+00:00,0.2548,-0.0002751970368115667,0.1034359298204247,-0.2574259597895932,0.25472988944257174,-1,0.28256676346616305,1,0.19697030156736986,-1
2026-03-08 12:00:00+00:00,0.2542,-0.00034470022000002826,0.08968854550110447,-0.23028979503520244,0.25411239230413946,-1,0.278052488731831,1,0.20191192020510593,-1
2026-03-08 13:00:00+00:00,0.2519,0.0006675012103675931,0.11191483638049371,-0.24089584272870185,0.2520681996853932,1,0.2817293954797481,1,0.1979741250580306,-1
2026-03-08 14:00:00+00:00,0.2514,0.0006675012103675931,0.12747893841354302,-0.2578737795317038,0.25156786582337376,1,0.2855805810323894,1,0.1942549587562131,-1
2026-03-08 15:00:00+00:00,0.2496,-0.00017918956824801327,0.10365064677976192,-0.2319442932611285,0.24955527829071683,-1,0.276859534879867,1,0.19793037812613015,-1
2026-03-08 16:00:00+00:00,0.2497,0.0010543067969773457,0.08985042848604487,-0.24919640600271956,0.24996339923460817,1,0.2731744564683309,1,0.19462289049613393,-1
2026-03-08 17:00:00+00:00,0.2505,-0.00031104029172444885,0.11053876704289438,-0.22133824556762896,0.2504220965231112,-1,0.27977835140667107,1,0.20076211003292954,-1
2026-03-08 18:00:00+00:00,0.2504,0.00040326645160469515,0.10348047252314145,-0.2199218786465946,0.25050099828272265,1,0.27769964383229756,1,0.2009664061642156,-1
2026-03-08 19:00:00+00:00,0.2533,0.0007130739380819016,0.10397701755464879,-0.2319442932611285,0.25348068604211377,1,0.2810553358169947,1,0.20086444222495503,-1
2026-03-08 20:00:00+00:00,0.2531,0.000490100760356529,0.08990326246044171,-0.2199218786465946,0.2532240749045652,1,0.2769087224415788,1,0.2031333761987339,-1
2026-03-08 21:00:00+00:00,0.2522,0.000402460597220456,0.10365064677976192,-0.22133824556762896,0.25230152099034786,1,0.2797434883681989,1,0.20212456746628674,-1
2026-03-08 22:00:00+00:00,0.2506,-0.0013077271967319394,0.12747893841354302,-0.2319442932611285,0.25027249775296984,-1,0.2846718122781097,1,0.19872336842310984,-1
2026-03-08 23:00:00+00:00,0.2493,0.0006675012103675931,0.11053876704289438,-0.22133824556762896,0.2494664636028921,1,0.27843809583107026,1,0.19980037537408915,-1
2026-03-09 00:00:00+00:00,0.2514,-2.1081763855826177e-05,0.10725336835528415,-0.2229609963723578,0.25139470010043247,-1,0.27986257091319683,1,0.20115671880140262,-1
2026-03-09 01:00:00+00:00,0.2499,7.958002650481139e-05,0.10708319409866368,-0.21931535889094625,0.24991988783995048,1,0.27814540928847525,1,0.2006867990199012,-1
2026-03-09 02:00:00+00:00,0.2516,-0.0010600521792772611,0.11551755795601594,-0.2134847473395486,0.2513334321845528,-1,0.28240948235008606,1,0.20323354332246985,-1
2026-03-09 03:00:00+00:00,0.2536,-2.1081763855826177e-05,0.12933987851140277,-0.215949801457666,0.25359465372104084,-1,0.2886162932963478,1,0.20434473010524015,-1
2026-03-09 04:00:00+00:00,0.2532,-0.00011305158962925318,0.11414148861841661,-0.2199218786465946,0.25317137695547665,-1,0.28381459171442336,1,0.2032136343481605,-1
2026-03-09 05:00:00+00:00,0.2577,-4.024667410245212e-05,0.11414148861841661,-0.2199218786465946,0.25768962864079153,-1,0.2888586899084001,1,0.20682525107235766,-1
2026-03-09 06:00:00+00:00,0.2554,-4.8754585283331055e-06,0.10708319409866368,-0.2134847473395486,0.25539875481092733,-1,0.2842670569518871,1,0.20630304834880286,-1
2026-03-09 07:00:00+00:00,0.255,-0.00014762558284790758,0.12202118587427357,-0.21549346933846722,0.25496235825488445,-1,0.28809339939986633,1,0.20556660139733246,-1
2026-03-09 08:00:00+00:00,0.2562,-2.1379701055674002e-05,0.12933987851140277,-0.21549346933846722,0.25619452257914255,-1,0.2915752931487552,1,0.20653397363920223,-1
2026-03-09 09:00:00+00:00,0.2562,-2.1081763855826177e-05,0.10708319409866368,-0.22133824556762896,0.25619459890903257,-1,0.2851574784302015,1,0.20533034966242134,-1
2026-03-09 10:00:00+00:00,0.2552,-2.8990915706765655e-05,0.1310816599890652,-0.21549346933846722,0.25519260162555496,-1,0.2909435352666976,1,0.20572783010431073,-1
2026-03-09 11:00:00+00:00,0.2549,0.0004977708830992089,0.12933987851140277,-0.22133824556762896,0.2550269133823747,1,0.2900957932225515,1,0.20428847044867762,-1
2026-03-09 12:00:00+00:00,0.2557,-0.0009213346080444191,0.1310816599890652,-0.22133824556762896,0.25546452323382723,-1,0.29151356570413234,1,0.2049296268879045,-1
2026-03-09 13:00:00+00:00,0.2586,-9.834956852802068e-05,0.11566515163099872,-0.22133824556762896,0.2585745680522097,-1,0.2903095065918062,1,0.20725381898010212,-1
2026-03-09 14:00:00+00:00,0.2579,-9.749933035010501e-05,0.12354484888685568,-0.21136320199585015,0.257874856148477,-1,0.29181404341294176,1,0.20876489425107603,-1
2026-03-09 15:00:00+00:00,0.2559,-0.002756777260900021,0.13086694302972796,-0.21931535889094625,0.2551955122030703,-1,0.29167894273924583,1,0.2055052095605951,-1
2026-03-09 16:00:00+00:00,0.2569,-0.00011232976914271783,0.11392677165907936,-0.21931535889094625,0.2568711441030257,-1,0.2879001376613719,1,0.20630827798404408,-1
2026-03-09 17:00:00+00:00,0.2565,-0.0005997241884925913,0.10895639574768788,-0.2319442932611285,0.25634621686399417,-1,0.2860266706115484,1,0.20340201117529003,-1
2026-03-09 18:00:00+00:00,0.2561,-0.00045236482155257404,0.12559712163291703,-0.2199218786465946,0.25598417556862463,-1,0.2903726548677441,1,0.20554112068153202,-1
2026-03-09 19:00:00+00:00,0.2595,-4.8754585283331055e-06,0.12781508213188092,-0.20398059447728828,0.2594987348215961,-1,0.29488097039751054,1,0.21161659181383666,-1
2026-03-09 20:00:00+00:00,0.2586,-0.0014295131837133664,0.10568397009447643,-0.2199218786465946,0.258230591990409,-1,0.28742628760722316,1,0.2075475744171971,-1
2026-03-09 21:00:00+00:00,0.2585,-6.329866402475555e-05,0.10475482772565567,-0.23297294080881728,0.2584836378132074,-1,0.2870483078626022,1,0.2047772397875482,-1
2026-03-09 22:00:00+00:00,0.2553,0.00012203725522751937,0.1116630225080076,-0.2199218786465946,0.2553311580124401,1,0.2854601234768412,1,0.2048990554861192,-1
2026-03-09 23:00:00+00:00,0.2552,-0.00011359748129362812,0.11954271976386456,-0.21931535889094625,0.2551710115693114,-1,0.28760565006897465,1,0.20494306166418078,-1
2026-03-10 00:00:00+00:00,0.2576,0.00031921670439488816,0.09176008342575716,-0.24000768653901983,0.25768224334907913,1,0.2823558281981543,1,0.20263377945230557,-1
2026-03-10 01:00:00+00:00,0.2582,0.00023675385442716883,0.08910207976270708,-0.24689545521010234,0.25826113708214743,1,0.28226223725508315,1,0.20171161386581637,-1
2026-03-10 02:00:00+00:00,0.262,-8.27925099511589e-05,0.07076845425757002,-0.2325197738825948,0.2619783092603206,-1,0.28121315992862983,1,0.20764392836159962,-1
2026-03-10 03:00:00+00:00,0.2588,-0.0004076326007437751,0.07551890451252408,-0.2222736374948814,0.25869452618167144,-1,0.27910120755583306,1,0.20722018531864014,-1
2026-03-10 04:00:00+00:00,0.2606,0.0010237090081940535,0.08115945070359207,-0.23416291030985806,0.26086691516595517,1,0.2826321179426584,1,0.20619529514662918,-1
2026-03-10 05:00:00+00:00,0.2598,0.00021497556344368535,0.09273137938962316,-0.24000768653901983,0.2598558566550755,1,0.2850439798499114,1,0.20436434744452245,-1
2026-03-10 06:00:00+00:00,0.2595,0.0005013070200303896,0.08695445818235464,-0.24000768653901983,0.2596301217844548,1,0.2830747963525765,1,0.20412836090012926,-1
2026-03-10 07:00:00+00:00,0.2604,0.0006223923007933198,0.08910207976270708,-0.2288288305650158,0.2605621214014492,1,0.2846672601906416,1,0.2071390029565186,-1
2026-03-10 08:00:00+00:00,0.2617,-0.0013537234291754892,0.07942123745455296,-0.2378692574942259,0.26134597026182566,-1,0.2833321960850292,1,0.20629961462467097,-1
2026-03-10 09:00:00+00:00,0.2671,-0.0007112520622091085,0.015727045449497986,-0.23859131961798546,0.266910092118376,-1,0.2713338999405982,1,0.21040448569888906,-1
2026-03-10 10:00:00+00:00,0.2671,-0.0006900060961983086,0.028050011721359906,-0.2378692574942259,0.266915762941362,-1,0.27469822509652614,1,0.21055646567156905,-1
2026-03-10 11:00:00+00:00,0.2642,-0.001028408960607361,0.008392981459166386,-0.23859131961798546,0.2639284340169873,-1,0.26642675719599573,1,0.20812004912634402,-1
2026-03-10 12:00:00+00:00,0.2641,-0.001382745283834941,0.07973426682407604,-0.24617640572990165,0.26373506933176455,-1,0.2860200994441297,1,0.20646923403414147,-1
2026-03-10 13:00:00+00:00,0.2639,0.0006223923007933198,0.07474227593757693,-0.24000768653901983,0.2640643004525439,1,0.2843803263201592,1,0.20758949688456305,-1
2026-03-10 14:00:00+00:00,0.2721,0.0003154189081054604,-0.06369768632746632,-0.22993061014461444,0.2721858390218091,1,0.25530833190616586,-1,0.21620759533442813,-1
2026-03-10 15:00:00+00:00,0.2714,0.0006454442907156232,-0.07748865008066014,-0.23859131961798546,0.27157523012505874,1,0.2511637450933177,-1,0.21379175372024892,-1
2026-03-10 16:00:00+00:00,0.2722,-0.0004884272410746632,-0.07432430951970391,-0.2288288305650158,0.2720670825678692,-1,0.2527024679569492,-1,0.2165254861934115,-1
2026-03-10 17:00:00+00:00,0.269,-0.00021375825306233938,-0.08366554213264372,-0.24617640572990165,0.26894250517514184,-1,0.24740974218798417,-1,0.21029997711163975,-1
2026-03-10 18:00:00+00:00,0.2637,0.00045750872530260007,0.07120694153905478,-0.24000768653901983,0.2638206726531533,1,0.28316196117077325,1,0.20743217252163423,-1
2026-03-10 19:00:00+00:00,0.2624,0.00031921670439488816,0.08115945070359207,-0.23416291030985806,0.26248377583384463,1,0.28458429680795694,1,0.207619514376345,-1
2026-03-10 20:00:00+00:00,0.2634,0.00029236691818315696,0.09176008342575716,-0.2378692574942259,0.26347702070485385,1,0.2887132187398829,1,0.2076397343986945,-1
2026-03-10 21:00:00+00:00,0.2615,0.00010245482401172085,0.0837851830886251,-0.24617640572990165,0.2615267933090075,1,0.28435386515054895,1,0.2044365948501628,-1
2026-03-10 22:00:00+00:00,0.2612,0.00029236691818315696,0.07841470686868975,-0.24725237041839407,0.2612763774035984,1,0.2825063714877128,1,0.20398246351428087,-1
2026-03-10 23:00:00+00:00,0.2621,0.0005013070200303896,0.07587528595620745,-0.23461924242905685,0.2622314255094628,1,0.28276082424174204,1,0.20728753096048128,-1
2026-03-11 00:00:00+00:00,0.262,0.0002918714478047033,0.09273137938962316,-0.23808651256706148,0.2620764814801621,1,0.28745774719275136,1,0.20649124020654558,-1
2026-03-11 01:00:00+00:00,0.2609,2.4907437497350953e-05,0.07568907876914455,-0.24617640572990165,0.26090649843137237,1,0.28141382446112406,1,0.20396752426924467,-1
2026-03-11 02:00:00+00:00,0.2602,0.0006321337499252408,0.07734143401998474,-0.2379847998623371,0.2603645331997459,1,0.2811229168205594,1,0.20509345764769638,-1
2026-03-11 03:00:00+00:00,0.2597,-5.0534220842202606e-05,0.07819998990935251,-0.23164234798039168,0.2596868765944406,-1,0.28082371074954426,1,0.20600177199875963,-1
2026-03-11 04:00:00+00:00,0.2621,0.0007373202768605964,0.07385309502952309,-0.2288288305650158,0.26229332290625634,1,0.2821896056197508,1,0.20849129291437604,-1
2026-03-11 05:00:00+00:00,0.2584,0.0002918714478047033,0.0828403157267066,-0.24548523132838584,0.258475430589595,1,0.2807175735679202,1,0.2021527380378594,-1
2026-03-11 06:00:00+00:00,0.2587,0.000526618910035218,0.08138819283233867,-0.2378692574942259,0.258836272190633,1,0.2806356705553546,1,0.20393469737639427,-1
2026-03-11 07:00:00+00:00,0.2575,-3.649605761349008e-05,0.08261480579252205,-0.23416291030985806,0.25749060243665256,-1,0.27967676508017103,1,0.20374247313989646,-1
2026-03-11 08:00:00+00:00,0.2583,-5.9548047535793505e-05,0.09263003501692671,-0.2325197738825948,0.2582846191972744,-1,0.2833695100284009,1,0.20471155227405027,-1
2026-03-11 09:00:00+00:00,0.2575,0.0006110743950683625,0.08262559876736936,-0.24000768653901983,0.25765739974330865,1,0.27967978364075147,1,0.20255511727084116,-1
2026-03-11 10:00:00+00:00,0.2594,0.0007584520617038515,0.07587528595620745,-0.2325197738825948,0.25959681709353627,1,0.27984798858568444,1,0.20558333975953794,-1
2026-03-11 11:00:00+00:00,0.2588,0.0007491731373602366,0.08270591715191056,-0.2239859460885499,0.2589939586531834,1,0.28111433699018384,1,0.20686566402608678,-1
2026-03-11 12:00:00+00:00,0.2613,0.0004312983768190648,0.09395221987955114,-0.23859131961798546,0.26141272257264675,1,0.2870399464772885,1,0.20583561255379898,-1
2026-03-11 13:00:00+00:00,0.2629,-0.001380513985780884,-0.033117229770419164,-0.24617640572990165,0.26253731327778573,-1,0.2543360698091679,-1,0.20553109287230517,-1
2026-03-11 14:00:00+00:00,0.2638,0.0004312983768190648,0.0017929113085982868,-0.2378692574942259,0.2639138010511451,1,0.26427339425335167,1,0.20795505669846467,-1
2026-03-11 15:00:00+00:00,0.2625,0.0001395809449021916,0.06982234328292239,-0.2222736374948814,0.2625366425552786,1,0.28148338572267284,1,0.2101827613838603,-1
2026-03-11 16:00:00+00:00,0.2636,-0.0004291056397679269,0.07207807901410336,-0.2222736374948814,0.26348691201843777,-1,0.28330126771537184,1,0.2110635272410879,-1
2026-03-11 17:00:00+00:00,0.265,-0.00034470022000002826,0.07207807901410336,-0.24000768653901983,0.26490867018330827,-1,0.284805902672889,1,0.2084547808806715,-1
2026-03-11 18:00:00+00:00,0.2663,-0.0007246182428001396,0.07154589389962246,-0.23416291030985806,0.2661071040583418,-1,0.28605079121681626,1,0.2107053227073958,-1
2026-03-11 19:00:00+00:00,0.2652,2.4907437497350953e-05,0.07235059654937849,-0.2325197738825948,0.26520660553468745,1,0.2850985342882629,1,0.2101800374102909,-1
2026-03-11 20:00:00+00:00,0.2641,0.0007213333052791332,0.07135968671255956,-0.2222736374948814,0.26429057285093316,1,0.2836348030763589,1,0.21146387535800953,-1
2026-03-11 21:00:00+00:00,0.2649,0.0011660739676658137,0.07172392824701687,-0.2378692574942259,0.26520907316009645,1,0.28459762043214765,1,0.20882219302283284,-1
2026-03-11 22:00:00+00:00,0.2638,0.0006528647918274518,0.06982234328292239,-0.23164234798039168,0.2639722819643791,1,0.28287739868053746,1,0.20925401406728067,-1
2026-03-11 23:00:00+00:00,0.2626,0.000860961110708241,0.07700194901781737,-0.2378692574942259,0.26282618574226413,1,0.2836196020398159,1,0.207009089799154,-1
2026-03-12 00:00:00+00:00,0.2621,0.0004927018719299059,0.09079639355344753,-0.22702371652187167,0.2622291689789186,1,0.2870115629242774,1,0.2088679833574082,-1
2026-03-12 01:00:00+00:00,0.2608,-0.0006124412489832935,0.07953656624886637,-0.2307300637062396,0.2606403242232722,-1,0.28239036769295167,1,0.20706313905511076,-1
2026-03-12 02:00:00+00:00,0.259,0.000860961110708241,0.08257645548367085,-0.23084560607435078,0.25922308494762536,1,0.2812951621562664,1,0.2056102642284863,-1
2026-03-12 03:00:00+00:00,0.259,0.0007967288470206406,0.07738807887661238,-0.2234797939226172,0.25920643499681684,1,0.279839476505441,1,0.20713034224314722,-1
2026-03-12 04:00:00+00:00,0.2588,0.0007491731373602366,0.08619789416704604,-0.21643849332166257,0.2589939586531834,1,0.28209769773088034,1,0.20843287965782129,-1
2026-03-12 05:00:00+00:00,0.2592,0.0005189902657868975,0.08425460348322523,-0.22626092362580044,0.25933455719080784,1,0.2819851945492197,1,0.20671458819459088,-1
2026-03-12 06:00:00+00:00,0.2594,0.0006536238335689341,0.08330973612130671,-0.23145212582999916,0.25956960544547025,1,0.28193625745766593,1,0.20580294762297177,-1
2026-03-12 07:00:00+00:00,0.2606,-0.0013798067707053872,0.08838809851670154,-0.23145212582999916,0.2602406703153297,-1,0.28468256804620157,1,0.20675500443541417,-1
2026-03-12 08:00:00+00:00,0.2609,-0.0013741487684448678,0.07953656624886637,-0.22626092362580044,0.2605417308002787,-1,0.28249864620817144,1,0.2080703551696326,-1
2026-03-12 09:00:00+00:00,0.2617,-0.0013741487684448678,0.09314419611297037,-0.21855831532848352,0.261340632236232,-1,0.28724715305643717,1,0.21032216920665595,-1
2026-03-12 10:00:00+00:00,0.2631,-0.0013741487684448678,0.08631003084657744,-0.2307300637062396,0.26273870974915037,-1,0.2868169532970498,1,0.2088892326894158,-1
2026-03-12 11:00:00+00:00,0.2621,-0.0013798067707053872,0.08446283810175567,-0.2307300637062396,0.26173860203241717,-1,0.28519950372133795,1,0.20809527893537014,-1
2026-03-12 12:00:00+00:00,0.2631,0.0007460979172308572,0.12653977134624686,-0.22702371652187167,0.2632963716091383,1,0.2985907657250078,1,0.2096648852397333,-1
2026-03-12 13:00:00+00:00,0.2617,0.0006090817600029375,0.08518123040329947,-0.22702371652187167,0.26185944524926,1,0.28496889670350634,1,0.20854922260447814,-1
2026-03-12 14:00:00+00:00,0.2599,0.0008723076754892005,0.09301578211322417,-0.2234797939226172,0.26012681167526014,1,0.285234806568665,1,0.2078501001891659,-1
2026-03-12 15:00:00+00:00,0.262,0.0003331468837797625,0.10193680645690986,-0.21472618472799407,0.26208729902444183,1,0.2901161355469152,1,0.2113717262101126,-1
2026-03-12 16:00:00+00:00,0.2631,-0.0009811335870669247,0.10251634165844137,-0.2234797939226172,0.26284199034490907,-1,0.2915030677371145,1,0.21040923955278776,-1
2026-03-12 17:00:00+00:00,0.2624,0.0004511428656239856,0.08790228891971376,-0.21472618472799407,0.26251840659507675,1,0.28650968668143717,1,0.21169443113562425,-1
2026-03-12 18:00:00+00:00,0.2609,2.4907437497350953e-05,0.08075150358191752,-0.22702371652187167,0.26090649843137237,1,0.28284207293872066,1,0.2079117010986181,-1
2026-03-12 19:00:00+00:00,0.263,0.0006175492517912636,0.09115918845174806,-0.23145212582999916,0.2631624656133168,1,0.28810160718157735,1,0.20865911806029905,-1
2026-03-12 20:00:00+00:00,0.2617,2.4907437497350953e-05,0.09148254415546055,-0.22256998030822145,0.26170651835757053,1,0.2867702445999391,1,0.20948011727041246,-1
2026-03-12 21:00:00+00:00,0.2633,0.0006258135394647526,0.10130185431294482,-0.2234797939226172,0.2634648282754448,1,0.29137057796900545,1,0.21056918576301412,-1
2026-03-12 22:00:00+00:00,0.2633,-0.000588649457602639,0.09593939720390554,-0.2234797939226172,0.26314505420666595,-1,0.28981229758183125,1,0.21056918576301412,-1
2026-03-12 23:00:00+00:00,0.2636,-0.0011459957802914457,0.08734918863420778,-0.23145212582999916,0.26329808853998665,-1,0.2876607951183126,1,0.20913514646652023,-1
2026-03-13 00:00:00+00:00,0.2693,-0.002469458306784557,0.03206943195045445,-0.22093516684536998,0.2686357953283938,-1,0.2780762708862722,1,0.21591630008324522,-1
2026-03-13 01:00:00+00:00,0.272,-0.00012581109831247698,0.0035296819376563404,-0.22093516684536998,0.27196578153383555,-1,0.27296176985936327,1,0.21808107546469627,-1
2026-03-13 02:00:00+00:00,0.27,-5.991232292841763e-05,0.02407634628704232,-0.2174909362349512,0.2699838241573803,-1,0.2765795008423925,1,0.21722442219055646,-1
2026-03-13 03:00:00+00:00,0.2717,1.6939026007097485e-05,0.025302165839089553,-0.22833734131742406,0.2717046023723459,1,0.27866230775629564,1,0.2162340044283589,-1
2026-03-13 04:00:00+00:00,0.2717,-0.0023873937663313203,0.02838027218956876,-0.22833734131742406,0.2710521187951872,-1,0.2795213814572552,1,0.2162340044283589,-1
2026-03-13 05:00:00+00:00,0.274,-2.443444856815695e-06,0.006664200793268005,-0.21257433843240103,0.2739993304969272,-1,0.2758320889411521,1,0.2215290579370573,-1
2026-03-13 06:00:00+00:00,0.2723,8.987027753907118e-05,0.02637953490232265,-0.22235153376640435,0.272324472776245,1,0.2795787300216531,1,0.218012601445278,-1
2026-03-13 07:00:00+00:00,0.2716,-0.002402600294598736,0.02557854492161785,-0.22093516684536998,0.27094823703645554,-1,0.2786367439847939,1,0.2177603680007776,-1
2026-03-13 08:00:00+00:00,0.2723,-0.0009419230540159423,0.026208388979150003,-0.22093516684536998,0.27204363510934615,-1,0.2795308853561307,1,0.21832160606263526,-1
2026-03-13 09:00:00+00:00,0.2744,-0.0023873937663313203,-0.037678300041444034,-0.20912688845625094,0.27374568052042464,-1,0.2642534276248188,-1,0.22261860313743592,-1
2026-03-13 10:00:00+00:00,0.2749,-0.00087119765266906,0.03354561173952993,-0.2174909362349512,0.274660612057529,-1,0.2842781064035913,1,0.22116664318586654,-1
2026-03-13 11:00:00+00:00,0.2743,-0.00017214247068217682,-0.023810357043617187,-0.22119728341931905,0.27425278538422876,-1,0.2678459604702313,-1,0.21986750491144927,-1
2026-03-13 12:00:00+00:00,0.2785,-0.0004403773202419889,0.08468948351869308,-0.17743022358125965,0.2783773819174056,-1,0.3031135667026439,1,0.23322131109513486,-1
2026-03-13 13:00:00+00:00,0.279,-6.650612223334313e-05,0.040249732104922664,-0.17714948685085538,0.2789814454089007,-1,0.29045873381402604,1,0.23370562135319178,-1
2026-03-13 14:00:00+00:00,0.2734,-1.7255384778965776e-05,-0.031462143174900994,-0.1776633133130675,0.27339528241850336,-1,0.26493215679493537,-1,0.22889711221999598,-1
2026-03-13 15:00:00+00:00,0.2715,9.720467186393675e-05,0.01990222581159111,-0.1800490078932471,0.2715263923511202,1,0.2769575831904725,1,0.22676474886323264,-1
2026-03-13 16:00:00+00:00,0.272,-5.717937299326165e-05,0.021705579400004758,-0.1902669264562679,0.27198444765518676,-1,0.2779684576870468,1,0.22487285190734593,-1
2026-03-13 17:00:00+00:00,0.2673,-1.3396341168747431e-05,0.05548374821712459,-0.17251979956675212,0.26729641918199054,-1,0.2825499562856038,1,0.22494407676003178,-1
2026-03-13 18:00:00+00:00,0.2665,2.060854506548774e-05,0.10331005545725884,-0.1902669264562679,0.2665054922338533,1,0.2955045691204493,1,0.2203257905636312,-1
2026-03-13 19:00:00+00:00,0.2673,0.0005425654560090074,0.010157578719689198,-0.17714948685085538,0.2674450670970303,1,0.27002895712656555,1,0.22390506303838048,-1
2026-03-13 20:00:00+00:00,0.2676,0.000519513466086704,0.08387358035618328,-0.19579258693698706,0.26773905792162866,1,0.2910126999358001,1,0.22001610348157913,-1
2026-03-13 21:00:00+00:00,0.267,-6.650612223334313e-05,0.08203174716220854,-0.17714948685085538,0.2669822434558297,-1,0.2898259022283663,1,0.22365376667133405,-1
2026-03-13 22:00:00+00:00,0.2651,0.0005425654560090074,0.1088676357697396,-0.17714948685085538,0.26524387312915354,1,0.29559041088877913,1,0.22206222301337325,-1
2026-03-13 23:00:00+00:00,0.2656,-3.644833109105087e-05,0.123206208200629,-0.18935711284187215,0.2655903194996823,-1,0.3004248458836802,1,0.2197815953320252,-1
2026-03-14 00:00:00+00:00,0.264,0.00020642757626148663,0.10499990318138498,-0.2082242498372583,0.26405450250534956,1,0.29322757274401734,1,0.2143745788368992,-1
2026-03-14 01:00:00+00:00,0.2649,0.00012197209122834213,0.10515022098692849,-0.20299035125097034,0.2649323123775305,1,0.29427144310968595,1,0.21623419253303397,-1
2026-03-14 02:00:00+00:00,0.2647,0.00020028365038477427,0.10435006551349374,-0.2082242498372583,0.2647530203916384,1,0.29381407659099884,1,0.2149429962807849,-1
2026-03-14 03:00:00+00:00,0.2654,0.0009873089290764134,0.10453036149505399,-0.2082242498372583,0.2656621611855208,1,0.29464418723432423,1,0.21551141372467064,-1
2026-03-14 04:00:00+00:00,0.2652,0.0005127456889293178,0.10427640792061027,-0.21184329337293833,0.2653360150242828,1,0.2943473893502085,1,0.214571059867223,-1
2026-03-14 05:00:00+00:00,0.2639,0.00028473913541791874,0.10453036149505399,-0.2082242498372583,0.26397515335688,1,0.2929789035837911,1,0.21429337634491552,-1
2026-03-14 06:00:00+00:00,0.2625,0.00012197209122834213,0.10499990318138498,-0.19610262747325735,0.2625320196266582,1,0.29156150698978994,1,0.21575606796667532,-1
2026-03-14 07:00:00+00:00,0.2617,0.00012197209122834213,0.10427640792061027,-0.20632054603627814,0.2617319220430341,1,0.2904627141513935,1,0.21291185707188923,-1
2026-03-14 08:00:00+00:00,0.2612,0.00020028365038477427,0.10427640792061027,-0.2136496068723327,0.26125231932865867,1,0.2899077605515628,1,0.21095330180671648,-1
2026-03-14 09:00:00+00:00,0.2603,0.00020028365038477427,0.1021440018020124,-0.1872970255106576,0.260352139055321,1,0.28829342947517617,1,0.2158400850475418,-1
2026-03-14 10:00:00+00:00,0.26,0.00020028365038477427,0.10427640792061027,-0.18657162210777306,0.26005207896420846,1,0.2885758719119691,1,0.21574777324370614,-1
2026-03-14 11:00:00+00:00,0.2611,-2.171397044948846e-05,0.09159609492201468,-0.190622555774051,0.26109433054386905,-1,0.28614525617937614,1,0.21578465006763917,-1
2026-03-14 12:00:00+00:00,0.2609,0.00016968372607875195,0.0980733906092136,-0.19131199298784915,0.2609442742403368,1,0.28778411051099234,1,0.21547075639555258,-1
2026-03-14 13:00:00+00:00,0.2612,0.00032229264559049454,0.10286806043277087,-0.190622555774051,0.2612841964062407,1,0.28949975705807,1,0.21586729451423728,-1
2026-03-14 14:00:00+00:00,0.2602,0.00020028365038477427,0.1021440018020124,-0.19131199298784915,0.26025211902495016,1,0.28818267518033364,1,0.2148926439790064,-1
2026-03-14 15:00:00+00:00,0.2607,0.0001688498477663865,0.10312201400721459,-0.190622555774051,0.2607440228718357,1,0.28901897255783227,1,0.21545407228124677,-1
2026-03-14 16:00:00+00:00,0.2613,0.001133743789033707,0.100735654314173,-0.20632054603627814,0.2615964152497983,1,0.2889936821615391,1,0.21258642817304033,-1
2026-03-14 17:00:00+00:00,0.2598,0.00012197209122834213,0.10192928484267516,-0.1872970255106576,0.2598316902819268,1,0.2876778820489263,1,0.21542548634403133,-1
2026-03-14 18:00:00+00:00,0.2591,0.00020028365038477427,0.10499990318138498,-0.1854790420277356,0.2591518986908708,1,0.2877850912802079,1,0.2152359881616178,-1
2026-03-14 19:00:00+00:00,0.2592,0.00020028365038477427,0.10478518622204774,-0.2054107324218824,0.25925191872124165,1,0.28783435277792635,1,0.21106987336726404,-1
2026-03-14 20:00:00+00:00,0.2598,0.000628024289713903,0.10810844977362696,-0.19131199298784915,0.2599632119556395,1,0.2894609945285697,1,0.21456229402669433,-1
2026-03-14 21:00:00+00:00,0.2602,0.0002737369038072328,0.10810844977362696,-0.19131199298784915,0.2602712360918994,1,0.2899066619566352,1,0.2148926439790064,-1
2026-03-14 22:00:00+00:00,0.2604,0.00010727335834619,0.10181064460101144,-0.21258515602857303,0.260427935480853,1,0.288308058181529,1,0.2105311776077701,-1
2026-03-14 23:00:00+00:00,0.2634,0.00021043149873526708,0.09031148858466931,-0.2082242498372583,0.2634554334890384,1,0.28829529303625384,1,0.21388736388499716,-1
2026-03-15 00:00:00+00:00,0.2623,-0.001294222536991732,0.05963178815155316,-0.19331445713754733,0.2619607450116276,-1,0.2784171907741802,1,0.21619362749734006,-1
2026-03-15 01:00:00+00:00,0.2618,-0.00015977145804870727,0.05767285016365297,-0.19251303934900343,0.2617581751735785,-1,0.2773426384349812,1,0.2159545165810339,-1
2026-03-15 02:00:00+00:00,0.2652,-0.0004303263098523076,0.05828489173968859,-0.19251303934900343,0.2650859020140705,-1,0.28111649322208915,1,0.2187591206924759,-1
2026-03-15 03:00:00+00:00,0.2649,-0.0004328337259099221,0.07244693522768711,-0.18969952193362755,0.2647853671562766,-1,0.28480346090148356,1,0.21912730764009541,-1
2026-03-15 04:00:00+00:00,0.2654,0.000679172064830618,0.059245337347770745,-0.19204317220560374,0.2655803134910179,1,0.2815988271277391,1,0.21902698681546645,-1
2026-03-15 05:00:00+00:00,0.2652,-0.0004303263098523076,0.060455819366284254,-0.19251303934900343,0.2650859020140705,-1,0.281727439703869,1,0.2187591206924759,-1
2026-03-15 06:00:00+00:00,0.264,0.0008151191466037862,0.07041674061995358,-0.17786072933702876,0.2642152791818753,1,0.2832601812807983,1,0.22098357418688325,-1
2026-03-15 07:00:00+00:00,0.2647,5.338648193573664e-06,0.05613395184990625,-0.17786072933702876,0.26470141314394896,1,0.27998360869563466,1,0.22156951548207574,-1
2026-03-15 08:00:00+00:00,0.2658,0.00011251632708513155,0.058399657469543266,-0.19060933554802328,0.2658299085223062,1,0.2817848407750161,1,0.2196718431499718,-1
2026-03-15 09:00:00+00:00,0.2648,0.0003412597207455312,0.05828489173968859,-0.19251303934900343,0.26489038099487283,1,0.2806924864449819,1,0.21842916726760037,-1
2026-03-15 10:00:00+00:00,0.2656,0.0004367372259205365,0.057140441486835024,-0.19251303934900343,0.26571602274108536,1,0.2812184752086084,1,0.21908907411735143,-1
2026-03-15 11:00:00+00:00,0.2656,-0.00017650652778494286,0.05803093816524488,-0.1908013015132262,0.2655531240033017,-1,0.2814690108607162,1,0.21946441832871955,-1
2026-03-15 12:00:00+00:00,0.2658,-0.0013152418400031202,0.05660825637235412,-0.17786072933702876,0.2654506385167094,-1,0.2812805029726,1,0.22249028037452107,-1
2026-03-15 13:00:00+00:00,0.2643,0.0006109682814724296,0.052315443840786215,-0.19060933554802328,0.26446152825608904,1,0.2784950444383975,1,0.218432160062218,-1
2026-03-15 14:00:00+00:00,0.2642,-0.001267755693094201,0.05470180353382781,-0.18969952193362755,0.26386527116790726,-1,0.2790548048324282,1,0.21854826228204305,-1
2026-03-15 15:00:00+00:00,0.2638,-0.0002233842843229872,0.060857846481282216,-0.17786072933702876,0.26374107780718653,-1,0.28035287758178434,1,0.2208161623882568,-1
2026-03-15 16:00:00+00:00,0.2628,-0.000642642401534204,0.06132350298206122,-0.17786072933702876,0.2626311678320422,-1,0.27942021330097594,1,0.21997910339512466,-1
2026-03-15 17:00:00+00:00,0.2647,0.0005274687090337873,0.07333743190609696,-0.19251303934900343,0.26483965779660207,1,0.28484197167649006,1,0.2183466789113815,-1
2026-03-15 18:00:00+00:00,0.2628,-0.0005647571571030937,0.06106954940761751,-0.1720277783769152,0.26265162372133966,-1,0.2793492625485162,1,0.22126598021351543,-1
2026-03-15 19:00:00+00:00,0.2637,-0.0005509883085503854,0.07244693522768711,-0.19251303934900343,0.2635547444037777,-1,0.2835132979981926,1,0.21752179534919266,-1
2026-03-15 20:00:00+00:00,0.2643,-0.0006290698409950514,0.07345267146666774,-0.19060933554802328,0.26413378912563035,-1,0.2844443115917174,1,0.218432160062218,-1
2026-03-15 21:00:00+00:00,0.2667,-0.0012607280519287961,0.05404060378508905,-0.19156872145984113,0.2663639756906944,-1,0.28150917350068694,1,0.22020429073559172,-1
2026-03-15 22:00:00+00:00,0.2707,-0.00028926660679577985,0.06795275196569052,-0.19251303934900343,0.27062170685388265,-1,0.2897341993104115,1,0.22329598028451444,-1
2026-03-15 23:00:00+00:00,0.2702,-0.00023232510414925606,0.0742362429938506,-0.19251303934900343,0.27013723304831044,-1,0.29102194261964204,1,0.22288353850342002,-1
2026-03-16 00:00:00+00:00,0.2706,0.000587008477378867,0.09202944421217284,-0.19217063025724804,0.2707588911246348,1,0.2966850563842117,1,0.2232899353440477,-1
2026-03-16 01:00:00+00:00,0.2715,-0.0013428949009815507,0.10540208641389877,0.0019624262360022683,0.2711356487318685,-1,0.30167920743874477,1,0.27203332185431717,1
2026-03-16 02:00:00+00:00,0.2711,-0.00014018270064190239,0.1001871492413893,0.0019624262360022683,0.27106199913345025,-1,0.29966791326536163,1,0.27163253611309535,1
2026-03-16 03:00:00+00:00,0.2774,0.00030498540788087704,0.10345739908983716,-0.04109760937437116,0.27748461585479073,1,0.3076361972183104,1,0.26623061277565857,-1
2026-03-16 04:00:00+00:00,0.2829,0.00030498540788087704,0.002448709970133687,-0.043782323788816725,0.28298629353035437,1,0.2835935889030082,1,0.27078121078240913,-1
2026-03-16 05:00:00+00:00,0.2884,0.00030498540788087704,-0.1486797478218726,-0.04287579543388683,0.28848797120591796,1,0.2485561206311001,-1,0.2762959599840708,-1
2026-03-16 06:00:00+00:00,0.29,-0.0006496288141429982,0.061441092306644775,-0.045567425675550256,0.28981166882320125,-1,0.30837667769952204,1,0.27708200167486874,-1
2026-03-16 07:00:00+00:00,0.2899,0.000696030298369427,0.0383526389230262,-0.043782323788816725,0.29010184942200506,1,0.3012343926555999,1,0.27748134678621567,-1
2026-03-16 08:00:00+00:00,0.2846,-0.0005822103172063172,-0.023305452911239404,-0.02701416632911472,0.2844343511696313,-1,0.2780439605723879,-1,0.2770146850288321,-1
2026-03-16 09:00:00+00:00,0.2883,-0.0006584853616868392,0.025989547452765396,-0.03966089903761926,0.288110221160377,-1,0.29589100261404827,1,0.27708954070814645,-1
2026-03-16 10:00:00+00:00,0.2869,-0.0010292455707528866,0.05062245215946764,-0.04030656684276745,0.2866048613568761,-1,0.3017974735863495,1,0.2755659977442845,-1
2026-03-16 11:00:00+00:00,0.2854,-0.0005870235260154237,-0.05097720840304089,-0.043782323788816725,0.2852325126499922,-1,0.2712157139387538,-1,0.2731741164980543,-1
2026-03-16 12:00:00+00:00,0.285,-0.001380513985780884,-0.013850214180914425,-0.043782323788816725,0.28460682496831086,-1,0.28107989874481,-1,0.27279125158355105,-1
2026-03-16 13:00:00+00:00,0.2853,-0.0013470195007179483,-0.09529543837655782,-0.04287579543388683,0.28491595405320463,-1,0.25936745978212844,-1,0.2733260658233544,-1
2026-03-16 14:00:00+00:00,0.2865,-0.0011459957802914457,-0.019045416718139137,-0.04045646218467525,0.28617186026823277,-1,0.2810951205747937,-1,0.2751405543903988,-1
2026-03-16 15:00:00+00:00,0.2835,-0.0011342397193261197,-0.07308946354797856,-0.0488300731015311,0.2831786253319817,-1,0.2635182589793113,-1,0.26998922480334797,-1
2026-03-16 16:00:00+00:00,0.2875,8.510450748192288e-05,-0.011720089320991963,-0.043782323788816725,0.28752446858707975,1,0.2841501429767242,-1,0.27518415729919626,-1
2026-03-16 17:00:00+00:00,0.2869,-0.0005845161099578091,-0.014616487716439993,-0.043782323788816725,0.28673235132950065,-1,0.28273702780523974,-1,0.2746098599274414,-1
2026-03-16 18:00:00+00:00,0.2867,-0.0006584853616868392,-0.01841208298530253,-0.02701416632911472,0.28651127439014945,-1,0.28146955526072964,-1,0.27905871467943133,-1
2026-03-16 19:00:00+00:00,0.2883,-0.0005870235260154237,-0.030751161057272134,-0.04287579543388683,0.2881308107813341,-1,0.2795693668086098,-1,0.27620015694662836,-1
2026-03-16 20:00:00+00:00,0.2878,-0.0005269592828235595,-0.05734667991332885,-0.04287579543388683,0.28764838107041313,-1,0.27175994311727086,-1,0.27572114175941603,-1
2026-03-16 21:00:00+00:00,0.2875,-0.0005845161099578091,-0.08027430450491486,-0.02701416632911472,0.28733200072231246,-1,0.26532316026527586,-1,0.2798373926415643,-1
2026-03-16 22:00:00+00:00,0.2915,-0.0013741487684448678,-0.11562549221846234,-0.03136938572396216,0.29109971072549345,-1,0.2596707581028325,-1,0.28249775963700885,-1
2026-03-16 23:00:00+00:00,0.2904,-0.0006584853616868392,-0.0618327005552593,-0.031494054229040815,0.29020883879630066,-1,0.2729876571874738,-1,0.28139664686920296,-1
2026-03-17 00:00:00+00:00,0.2903,-0.0016350610234476383,-0.12387299180929315,-0.003894627965340756,0.28982572962105924,-1,0.2564777405134978,-1,0.28917158829986744,-1
2026-03-17 01:00:00+00:00,0.2908,-0.002055794148265797,-0.14553835127920042,-0.003237378521040901,0.2902027891433087,-1,0.25141309783470184,-1,0.289860092565053,-1
2026-03-17 02:00:00+00:00,0.2916,-0.0018213689709471828,-0.14559621871677011,-0.004215710479628239,0.291069372189278,-1,0.2520901549873736,-1,0.29037328637566556,-1
2026-03-17 03:00:00+00:00,0.2857,-0.00016844179425954878,-0.12302285871749387,0.03734506401690908,0.28565188023218385,-1,0.2526283535674591,-1,0.2965712144538062,1
2026-03-17 04:00:00+00:00,0.2844,-0.00019109940754554505,-0.07198391547527218,0.03772869730828088,0.2843456565211627,-1,0.26464724345960494,-1,0.295335026572904,1
2026-03-17 05:00:00+00:00,0.2834,-0.00046780292736601115,-0.07021896010866456,0.03864894878074649,0.28326745565511785,-1,0.2641825567866201,-1,0.29456752862345165,1
2026-03-17 06:00:00+00:00,0.2841,-0.0004338033179645373,-0.07467998688613675,0.03864894878074649,0.2839767832052258,-1,0.26365628443564554,-1,0.2952951124979627,1
2026-03-17 07:00:00+00:00,0.2866,0.00031715516039783033,0.013442269016171331,0.03838594675258073,0.2866909110846678,1,0.29047856424926133,1,0.2978152900093559,1
2026-03-17 08:00:00+00:00,0.2861,-0.0017393044304939462,-0.011031350664951362,-0.003894627965340756,0.2856028175036339,-1,0.2829612745944613,-1,0.28498791392556694,-1
2026-03-17 09:00:00+00:00,0.2865,-0.00023635404048468495,-0.0918377197857528,-0.0032583265347604644,0.28643229256917874,-1,0.2613605355471113,-1,0.2855680086384381,-1
2026-03-17 10:00:00+00:00,0.2866,-0.001435910141135655,-0.01854301025792557,-0.003237378521040901,0.2861887634735585,-1,0.28133454284653464,-1,0.28567366756927165,-1
2026-03-17 11:00:00+00:00,0.287,-0.002055794148265797,-0.20344465354423374,-0.02129446314533522,0.2864105931366217,-1,0.23416770863468697,-1,0.2809531003161113,-1
2026-03-17 12:00:00+00:00,0.2844,-0.00011951131127885843,-0.035837144667447925,0.03734506401690908,0.28436601301402736,-1,0.27438838143926036,-1,0.2952217479547164,1
2026-03-17 13:00:00+00:00,0.2852,9.730036579027754e-05,-0.08495616939571962,0.03799442139597124,0.2852277514144129,1,0.2619711856150296,-1,0.29624449498160466,1
2026-03-17 14:00:00+00:00,0.2871,-0.002014181397334075,-0.012699638377746753,0.03772869730828088,0.28652231050184934,-1,0.2834769879863513,-1,0.2981388401163177,1
2026-03-17 15:00:00+00:00,0.2866,-0.0019321168568808378,-0.08633825148667938,0.03864894878074649,0.286046789914182,-1,0.26289356748659737,-1,0.297893626335502,1
2026-03-17 16:00:00+00:00,0.2867,-0.0002451081390510798,-0.12088384488032436,0.03836499873886117,0.28662973610801173,-1,0.25405544434202604,-1,0.2979129624796849,1
2026-03-17 17:00:00+00:00,0.2895,-0.0013746204546462562,-0.11481052848299686,-0.00514919725903523,0.2891023207700025,-1,0.2580993965127012,-1,0.28801313874969386,-1
2026-03-17 18:00:00+00:00,0.2903,-0.00031548686976676514,-0.11905979572924186,-0.0036289038776503957,0.29020842860725227,-1,0.2577151938324989,-1,0.2892484383663591,-1
2026-03-17 19:00:00+00:00,0.2885,9.730036579027754e-05,0.013442269016171331,-0.0032583265347604644,0.28852807252124163,1,0.2924042769920164,1,0.2875615025905389,-1
2026-03-17 20:00:00+00:00,0.2894,-5.851199184786489e-05,-0.0887632096949492,-0.0032583265347604644,0.28938306712495215,-1,0.26481900814259934,-1,0.2884585748689843,-1
2026-03-17 21:00:00+00:00,0.2908,0.0009061260418106036,-0.12852483686654825,-0.0032583265347604644,0.2910636208717896,1,0.2557271124122358,-1,0.28985402063545485,-1
2026-03-17 22:00:00+00:00,0.2915,0.0013868136800372311,-0.1256469639927657,-0.003894627965340756,0.29190453663136257,1,0.25708147083464794,-1,0.2903669238353818,-1
2026-03-17 23:00:00+00:00,0.2891,0.00019965558827566903,-0.013497206830019343,-0.006111998930501671,0.2891577261930573,1,0.28522417276594103,-1,0.28733841001116,-1
2026-03-18 00:00:00+00:00,0.2885,0.00015568753616634003,-0.04263138888012031,-0.05777830750681048,0.2885449193507848,1,0.27645932323554606,-1,0.27230337075765465,-1
2026-03-18 01:00:00+00:00,0.2887,-0.0008404492089301087,-0.04034203812177049,-0.05924849615345301,0.2884574642471491,-1,0.2772850528029707,-1,0.27209182208290417,-1
2026-03-18 02:00:00+00:00,0.2906,-0.0003551393223700658,-0.062073296289634906,-0.060130294368984455,0.2904968148365583,-1,0.2731099482219849,-1,0.2736411172400318,-1
2026-03-18 03:00:00+00:00,0.2918,-0.00036693468169764123,-0.08353688086025028,-0.05817352243733396,0.2916929481016089,-1,0.2684143195571075,-1,0.2753092781800614,-1
2026-03-18 04:00:00+00:00,0.2909,-0.0013695902372890605,-0.06837602482053447,-0.05777830750681048,0.29050185890728475,-1,0.27167419631365003,-1,0.2745686327674237,-1
2026-03-18 05:00:00+00:00,0.2899,-0.0004898692333592073,-0.05645459918661627,-0.05924849615345301,0.28975802168749193,-1,0.27398721281509,-1,0.2732227891300101,-1
2026-03-18 06:00:00+00:00,0.2885,-0.0011082108986803752,0.056662937975542574,-0.017625170879831502,0.2881804582482599,-1,0.3053192724213001,1,0.28345968687029094,-1
2026-03-18 07:00:00+00:00,0.2885,-0.0005613310690306229,0.10618524769212641,-0.017625170879831502,0.28833810143018435,-1,0.3208200370391798,1,0.28345968687029094,-1
2026-03-18 08:00:00+00:00,0.2891,-0.000189793822591798,0.10738927561180545,-0.016166563872340653,0.28904513581249536,-1,0.32187456650422586,1,0.2844638228858688,-1
2026-03-18 09:00:00+00:00,0.2911,-0.0013798067707053872,0.0032803691782327176,-0.05767609384129145,0.2906986152294416,-1,0.29205648341943574,1,0.2747854899983552,-1
2026-03-18 10:00:00+00:00,0.2887,-0.0011459957802914457,0.07663328449001298,-0.01605276856766994,0.28836934052160146,-1,0.3116938235341904,1,0.28410256521897104,-1
2026-03-18 11:00:00+00:00,0.2796,-0.000569960537248249,-0.006284809682427084,-0.049448819640305855,0.2794406844398894,-1,0.27784827759965675,-1,0.2661103814914752,-1
2026-03-18 12:00:00+00:00,0.2763,-0.0001289890557653413,-0.018499082888774027,-0.022793189960862083,0.2762643626223573,-1,0.2712356903628944,-1,0.27007347239677687,-1
2026-03-18 13:00:00+00:00,0.2763,0.00034530378766604397,-0.015706957837941106,0.014150937060859334,0.2763954239107029,1,0.27199407258494357,-1,0.2802376992673483,1
2026-03-18 14:00:00+00:00,0.2712,0.00041057267775727684,-0.029225360293371132,0.013216234325826933,0.2713113701714181,1,0.2633887811014636,-1,0.27480803253345143,1
2026-03-18 15:00:00+00:00,0.2716,0.00015568753616634003,-0.04965784974110811,0.026495454856395696,0.27164228802659673,1,0.2584423226762236,-1,0.2788923459476297,1
2026-03-18 16:00:00+00:00,0.2709,0.0004900297368393629,0.07887387529889386,0.013393103662129925,0.27103278158651567,1,0.2931321773090112,1,0.2745525969885016,1
2026-03-18 17:00:00+00:00,0.2724,0.00046697774691705944,0.07580325696018404,0.026495454856395696,0.27252723444377497,1,0.2938515862585582,1,0.27971382561168745,1
2026-03-18 18:00:00+00:00,0.2719,0.00034530378766604397,0.07580325696018404,0.1529140323939816,0.27199390431169057,1,0.2933122111002275,1,0.31682462394931327,1
2026-03-18 19:00:00+00:00,0.2724,0.00024014302119948442,0.08270591715191056,0.03616555642345785,0.27246542281407643,1,0.2958869605723573,1,0.2824318071136209,1
2026-03-18 20:00:00+00:00,0.2733,0.0004257526929204809,-0.060499299576944714,0.014150937060859334,0.2734163829844017,1,0.2572557672605376,-1,0.27719494466075384,1
2026-03-18 21:00:00+00:00,0.2742,0.0004598446430170892,-0.05925777068417293,0.030832123915350153,0.27432611839632737,1,0.25842357349522177,-1,0.2827858481996823,1
2026-03-18 22:00:00+00:00,0.2737,-0.0006506445758241862,0.02068895817178977,0.113410476113227,0.2735219765008893,-1,0.27942155022536563,1,0.30656907350628027,1
2026-03-18 23:00:00+00:00,0.2742,0.00029571249779552014,0.007194189738861393,0.030832123915350153,0.27428109635690767,1,0.27617975967099456,1,0.2827858481996823,1
2026-03-19 00:00:00+00:00,0.273,0.00010525550749669893,0.05085663834916006,-0.003945448654070083,0.27302873626584523,1,0.28724296728840143,1,0.2719250145618495,-1
2026-03-19 01:00:00+00:00,0.2733,0.0007990693905553995,0.011162595739179045,-0.003945448654070083,0.27351847294033366,1,0.27636782802240256,1,0.27222383325917016,-1
2026-03-19 02:00:00+00:00,0.2721,0.0009221277166247577,0.03455461172027543,-0.007019002811079859,0.27235102667323235,1,0.28166664380108364,1,0.27019681637429205,-1
2026-03-19 03:00:00+00:00,0.2746,0.0011241137441917344,0.010817356317174433,0.0058844754527074055,0.2749088551958171,1,0.2775865703195664,1,0.2762206405927085,1
2026-03-19 04:00:00+00:00,0.2725,0.0007997119153134913,0.026233369089563398,-0.007900801026611294,0.2727180086573647,1,0.27974318425426126,1,0.27035551445241857,-1
2026-03-19 05:00:00+00:00,0.2715,0.0012096214265772665,-0.008119186363897142,0.06667340172997438,0.27182861092465527,1,0.26930456553345106,-1,0.2902189218466068,1
2026-03-19 06:00:00+00:00,0.2714,0.0008004537573737421,0.003412509995201273,0.04994282879190109,0.2716173301195025,1,0.27232773726873993,1,0.28529866422088546,1
2026-03-19 07:00:00+00:00,0.2685,0.00011303127140207327,0.11848460221911625,0.050942452637359,0.2685303506116233,1,0.30227449130416567,1,0.28253243738206824,1
2026-03-19 08:00:00+00:00,0.2682,0.000589766525660897,0.12134050359848883,0.06793770730981318,0.26835822203462595,1,0.3028002885330412,1,0.2870540938053241,1
2026-03-19 09:00:00+00:00,0.2717,0.0014534831090401827,-0.007633011429238969,-0.0023918105776804376,0.2720951984983221,1,0.2696340057045961,-1,0.2710509216117566,-1
2026-03-19 10:00:00+00:00,0.2697,0.0006742220106940414,0.12061700833771412,0.16523861342889778,0.26988189898954484,1,0.3042735823017259,1,0.3181582318864377,1
2026-03-19 11:00:00+00:00,0.2688,0.0009028534440432691,0.11848460221911625,0.06705703502134618,0.2690427965941366,1,0.302612228165958,1,0.28744301838450564,1
2026-03-19 12:00:00+00:00,0.265,0.0006486145667360292,0.12134050359848883,0.2463447708401566,0.2651719386151023,1,0.2991874588413718,1,0.339025252862694,1
2026-03-19 13:00:00+00:00,0.2666,0.00107213975022305,0.11978385875609936,0.06785146773000582,0.26688598573835387,1,0.30052569761261455,1,0.2853170093099162,1
2026-03-19 14:00:00+00:00,0.2661,0.0008004537573737421,0.11848460221911625,0.21040001097947164,0.26631308601621084,1,0.29957259640982675,1,0.32841307431903377,1
2026-03-19 15:00:00+00:00,0.2656,0.000589766525660897,0.11848460221911625,0.21039890218675336,0.2657566881893984,1,0.2990097016401728,1,0.3277956250397108,1
2026-03-19 16:00:00+00:00,0.2644,0.0008140280514095876,0.12087096191215783,0.13424793736326915,0.2646153166417961,1,0.29836992326139855,1,0.302388025510202,1
2026-03-19 17:00:00+00:00,0.2656,0.0012624594002915586,0.11848460221911625,0.21422369654380097,0.2659355209629514,1,0.2990097016401728,1,0.3290517766260185,1
2026-03-19 18:00:00+00:00,0.2656,0.0008004537573737421,0.12061700833771412,0.2103870988871542,0.26581268562910787,1,0.2996479920628046,1,0.327791755992575,1
2026-03-19 19:00:00+00:00,0.2674,0.000861747575200222,0.11848460221911625,0.06667340172997438,0.2676305306169425,1,0.30103612281092706,1,0.28583624199551627,1
2026-03-19 20:00:00+00:00,0.2679,-0.00038255646228192757,0.12061700833771412,0.04857410085121781,0.26779753272476353,-1,0.30224283536756535,1,0.2812342290343276,1
2026-03-19 21:00:00+00:00,0.2676,0.0001688498477663865,0.12149082140403233,0.046821677208284146,0.26764518803415127,1,0.30216830082809626,1,0.28042743856707325,1
2026-03-19 22:00:00+00:00,0.2667,0.0008140280514095876,0.12061700833771412,0.08235747800570319,0.26691718966855904,1,0.30088900407812497,1,0.2895945696692523,1
2026-03-19 23:00:00+00:00,0.2675,0.0008140280514095876,0.11848460221911625,0.046821677208284146,0.2677178411561288,1,0.3011487017648578,1,0.2803226450549032,1
2026-03-20 00:00:00+00:00,0.2696,-1.928713519882292e-06,0.12773651472051276,-0.03472955615973183,0.2695994800193365,-1,0.30633396440242644,1,0.26039763363721125,-1
2026-03-20 01:00:00+00:00,0.2698,-0.0001467251822340623,0.02932603133170445,-0.031592725076352086,0.26976041644985604,-1,0.2778293218886644,1,0.2614095197097183,-1
2026-03-20 02:00:00+00:00,0.2694,0.00023930523328175184,0.12480468121206605,-0.03288738304560968,0.26946447654432565,1,0.30521057407462654,1,0.2606842437658635,-1
2026-03-20 03:00:00+00:00,0.2698,0.00026246845469325567,0.05234499840607486,-0.03444560611784651,0.26987082328310846,1,0.2842988410598875,1,0.2606648122328868,-1
2026-03-20 04:00:00+00:00,0.271,-0.001918326988324017,0.0504250485253688,-0.002712874008450841,0.2704806317045452,-1,0.28501558683009076,1,0.27026580747989776,-1
2026-03-20 05:00:00+00:00,0.2717,-0.0008176764230515976,0.07474513049432195,-0.0024289239665655133,0.27147792811970023,-1,0.29278649193659684,1,0.2710408621801661,-1
2026-03-20 06:00:00+00:00,0.2704,0.0005837935377003958,0.050606166953901445,0.0027679355511277793,0.27055790385973594,1,0.28443606795916504,1,0.271149486559758,1
2026-03-20 07:00:00+00:00,0.27,-0.0008172208892969251,0.0430293093432471,-0.0008707008943287054,0.2697794404950823,-1,0.28187149295693614,1,0.2697650130750398,-1
2026-03-20 08:00:00+00:00,0.2706,0.0005584500785305791,0.04856501369128821,-0.002105455095532368,0.2707511587946423,1,0.28406603519576834,1,0.2700308632073748,-1
2026-03-20 09:00:00+00:00,0.2686,-0.0001866174519142357,0.11929824673148501,-0.03254708942201813,0.26854987922926654,-1,0.30263320595832527,1,0.25999858655325575,-1
2026-03-20 10:00:00+00:00,0.2691,9.75208255953991e-05,0.045669206929089344,-0.030947057271203914,0.26912624413382175,1,0.281674532592194,1,0.26089968909060546,-1
2026-03-20 11:00:00+00:00,0.268,0.0001004484280636765,0.1256914462362875,-0.03444560611784651,0.26802692153081115,1,0.3038938390443855,1,0.25892575863014705,-1
2026-03-20 12:00:00+00:00,0.2672,0.0004465587667157402,0.12620812182332677,0.03259670839874433,0.2673193471482408,1,0.30314327953246617,1,0.27605335163481926,1
2026-03-20 13:00:00+00:00,0.266,3.307389639853072e-05,0.1173244864449938,-0.048661637385473556,0.26600879780193004,1,0.29911281060494,1,0.2533658955444495,-1
2026-03-20 14:00:00+00:00,0.2655,0.0001689715802836963,0.11229644781700233,-0.05128963049831567,0.2655448657449765,1,0.29705321222613473,1,0.25222592412615524,-1
2026-03-20 15:00:00+00:00,0.2668,-0.00047934620962037554,0.12480468121206605,-0.006860293046617499,0.26667214107806625,-1,0.302264963485933,1,0.2649759377697885,-1
2026-03-20 16:00:00+00:00,0.2659,0.00034625951852332694,0.12480468121206605,-0.006275240338784855,0.2659920863479426,1,0.30124532905138535,1,0.264236638050327,-1
2026-03-20 17:00:00+00:00,0.2659,-0.0017398392255126797,0.11821017158016871,0.04273996359385032,0.2654377789616797,-1,0.29926529966437215,1,0.2775109139167465,1
2026-03-20 18:00:00+00:00,0.2637,0.0005268404416790295,0.11872412437918993,0.18032678711407318,0.26383896442729665,1,0.29694181714372186,1,0.3158094042382518,1
2026-03-20 19:00:00+00:00,0.264,0.0008158498067641008,0.1270029299128904,0.18810903959011893,0.2642154722335241,1,0.2997509709372595,1,0.318638790401217,1
2026-03-20 20:00:00+00:00,0.2638,0.00012185672663826988,0.12275452502457615,0.17802899706141773,0.263832147763158,1,0.29825408734435943,1,0.3152040596007006,1
2026-03-20 21:00:00+00:00,0.2659,-0.0026147888434112036,0.1268951138391894,-0.05196655376276544,0.26520563584997425,-1,0.3018757207821609,1,0.2524349885528461,-1
2026-03-20 22:00:00+00:00,0.2669,-0.0016647677907057287,0.1235920468491227,-0.003462841741708499,0.2664560431217501,-1,0.3020118041678756,1,0.26597736592898763,-1
2026-03-20 23:00:00+00:00,0.2661,-5.815683892965626e-05,0.12158706138152613,0.01605783674736712,0.2660845249151562,-1,0.3005034513794873,1,0.2704074822235375,1
2026-03-21 00:00:00+00:00,0.2664,0.00019358610310046958,0.10488834355985864,0.0802328724328597,0.2664515763299353,1,0.29586027004988946,1,0.28865488676813983,1
2026-03-21 01:00:00+00:00,0.2658,6.598732372356117e-05,0.10782017706830552,0.17957916805748309,0.2658175400093485,1,0.29606064744310256,1,0.31808648599355394,1
2026-03-21 02:00:00+00:00,0.2669,1.7891232194696293e-05,0.10155601917195878,0.0074926872790354124,0.2669047752125899,1,0.2954294544686773,1,0.26890730891284065,1
2026-03-21 03:00:00+00:00,0.266,-9.585951604905497e-05,0.10598968626095444,0.09760911317608112,0.26597450259083516,-1,0.2957415689336408,1,0.2932734417067825,1
2026-03-21 04:00:00+00:00,0.2661,0.00011484185077632304,0.1072371133411699,0.03925430141863785,0.26613056117130873,1,0.29622203498684385,1,0.27675329550701694,1
2026-03-21 05:00:00+00:00,0.2661,-0.00011653819481111318,0.11146528801439447,0.0969634453709329,0.2660689909932627,-1,0.29747716507757915,1,0.2931943276147689,1
2026-03-21 06:00:00+00:00,0.2667,0.00034876203643149337,0.10263746952818613,0.006847019473887222,0.26679303105702373,1,0.29552750165327085,1,0.2685323660580333,1
2026-03-21 07:00:00+00:00,0.2649,0.00017831110406021916,0.10208820428643968,0.07589723079419751,0.26494723882294374,1,0.29337175716604996,1,0.28578781419834426,1
2026-03-21 08:00:00+00:00,0.2652,8.293187053525126e-05,0.10782017706830552,0.0802328724328597,0.2652219944440735,1,0.2953923389838631,1,0.2873546395304455,1
2026-03-21 09:00:00+00:00,0.2646,2.3770423554631775e-05,0.10488834355985864,0.08158056202823676,0.264606289728827,1,0.29386121417117395,1,0.2870911650876543,1
2026-03-21 10:00:00+00:00,0.2644,6.598732372356117e-05,0.10138584491533831,0.08087854023800789,0.26441744762404723,1,0.2926124253199975,1,0.2866728437222309,1
2026-03-21 11:00:00+00:00,0.2646,0.00035167492281536016,0.10138584491533831,0.07125696852531051,0.26469306954873095,1,0.29283376603506556,1,0.2841425986887649,1
2026-03-21 12:00:00+00:00,0.2648,-1.339666608133566e-05,0.10101102571294517,0.07185472596678344,0.26479645258658346,-1,0.29294528465176567,1,0.28452739766292273,1
2026-03-21 13:00:00+00:00,0.2643,0.0001091306180673252,0.10101102571294517,0.0849939300645329,0.2643288447962518,1,0.29239214023210597,1,0.287746174122378,1
2026-03-21 14:00:00+00:00,0.2633,0.00011484185077632304,0.10534459565275686,0.05697657417550211,0.2633302395956617,1,0.29255089810670143,1,0.2787375451438397,1
2026-03-21 15:00:00+00:00,0.2649,7.952631074013501e-05,0.10210528441370523,0.0740568085369761,0.26492106735740856,1,0.2933767680357915,1,0.28526232765114495,1
2026-03-21 16:00:00+00:00,0.2642,8.293187053525126e-05,0.10101102571294517,0.028022441488139396,0.264221911508764,1,0.2922815113481741,1,0.27170823729290666,1
2026-03-21 17:00:00+00:00,0.2641,8.293187053525126e-05,0.10488834355985864,0.0691615086580136,0.2641219032152331,1,0.2933059208715308,1,0.2830120080347056,1
2026-03-21 18:00:00+00:00,0.2643,0.0004722126723685543,0.10313807156790644,0.1796913035841481,0.26442483528138816,1,0.2930147336296282,1,0.31632688502395445,1
2026-03-21 19:00:00+00:00,0.2649,0.0002107433213437039,0.10798864518107994,-0.018487675527853537,0.26495583178870563,1,0.29510789683712035,1,0.2600476076891137,-1
2026-03-21 20:00:00+00:00,0.2661,-0.0013192612587141202,0.05811954223854118,0.0074926872790354124,0.2657491760441656,-1,0.28202387210847224,1,0.2681012922506815,1
2026-03-21 21:00:00+00:00,0.2656,0.0002403908527711919,0.052582950308137,0.0074926872790354124,0.2656638554853258,1,0.2799397406127315,1,0.26759753183683205,1
2026-03-21 22:00:00+00:00,0.2648,-1.339666608133566e-05,0.046144064383677186,0.006514355320448062,0.26479645258658346,-1,0.2773052509539319,1,0.26653063214500855,1
2026-03-21 23:00:00+00:00,0.2574,0.00020306233192409165,0.09764899225135894,0.21483852588611063,0.25745227355145234,1,0.28380298635440854,1,0.31908892351771884,1
2026-03-22 00:00:00+00:00,0.2572,0.0004927018719299059,0.08052987219975358,-0.2273530207011658,0.25732675414489836,1,0.2787691066784484,1,0.20489568001947484,-1
2026-03-22 01:00:00+00:00,0.2568,3.951571698488593e-06,0.07980637693897887,-0.18177960339494156,0.2568010147656171,1,0.27813426055807733,1,0.21411600946040998,-1
2026-03-22 02:00:00+00:00,0.2578,0.0002918714478047033,0.07825522168843398,-0.20604438173100445,0.2578752554411671,1,0.27878456419335274,1,0.20979685571149567,-1
2026-03-22 03:00:00+00:00,0.2583,-5.0534220842202606e-05,0.07634779341965256,-0.21167680413957374,0.25828694734056223,-1,0.2787929784086809,1,0.2090231258748047,-1
2026-03-22 04:00:00+00:00,0.2587,3.776276434701954e-05,0.07634779341965256,-0.18616141291938323,0.2587097694115954,1,0.2792247135668825,1,0.21475711165167052,-1
2026-03-22 05:00:00+00:00,0.2576,0.0006497607723423774,0.07825522168843398,-0.19281336772645127,0.25776743276468594,1,0.27856828446938586,1,0.21242619842326468,-1
2026-03-22 06:00:00+00:00,0.2577,-0.00047577224680765223,0.08349561102929007,-0.21167680413957374,0.25757742265375955,-1,0.2801406304492546,1,0.20853759015848694,-1
2026-03-22 07:00:00+00:00,0.2568,6.535506680932958e-05,0.07655029989946217,-0.18484611176500088,0.25681678372960154,1,0.2772301067743815,1,0.21346042661410825,-1
2026-03-22 08:00:00+00:00,0.2567,-5.9548047535793505e-05,0.08158818276050865,-0.20329632770963085,0.25668471447131375,-1,0.27852178269058353,1,0.2094765416721512,-1
2026-03-22 09:00:00+00:00,0.2563,0.0003763269328378477,0.08023953398977338,-0.1908104997407705,0.2563964707440174,1,0.2777129891789337,1,0.2117779105098226,-1
2026-03-22 10:00:00+00:00,0.2555,0.0002918714478047033,0.077673970820381,-0.18718094531788199,0.25557458403886035,1,0.2761367959595779,1,0.21188453166364757,-1
2026-03-22 11:00:00+00:00,0.2551,0.0002918714478047033,0.08068019000529708,-0.2392780060842605,0.2551744672732418,1,0.2765345630537666,1,0.20081370130160606,-1
2026-03-22 12:00:00+00:00,0.256,2.4907437497350953e-05,0.08349561102929007,-0.18700434134166993,0.2560063763834087,1,0.2782925936942537,1,0.21233667468660855,-1
2026-03-22 13:00:00+00:00,0.2561,-2.9673076078745695e-05,0.08421910629006478,-0.18765000914681806,0.25609240083796203,-1,0.27860279664258164,1,0.2122825104591332,-1
2026-03-22 14:00:00+00:00,0.2558,-5.0534220842202606e-05,0.08421910629006478,-0.2413953755746104,0.2557870736729223,-1,0.27827643647470673,1,0.20093882601870605,-1
2026-03-22 15:00:00+00:00,0.2557,0.0004927018719299059,0.0755055368230315,-0.2420260601056341,0.25582601490999424,1,0.27575434612629357,1,0.20073363339214967,-1
2026-03-22 16:00:00+00:00,0.2547,3.392126419094184e-05,0.07590646096943164,-0.16606979561401164,0.2547086398925266,1,0.2747860632137288,1,0.21572761848098593,-1
2026-03-22 17:00:00+00:00,0.2541,-5.9548047535793505e-05,0.08052987219975358,-0.18675044278434058,0.25408486929162766,-1,0.2754091368856677,1,0.2108142570704631,-1
2026-03-22 18:00:00+00:00,0.2534,-5.9548047535793505e-05,0.08002109389831612,-0.1792250394266035,0.2533849109740199,-1,0.27451073338925963,1,0.21182156134048763,-1
2026-03-22 19:00:00+00:00,0.2517,3.951571698488593e-06,0.08096511578263171,-0.19062178440374533,0.2517009946125617,1,0.27292663366777375,1,0.20801623254490073,-1
2026-03-22 20:00:00+00:00,0.2513,0.0007213333052791332,0.07676501685879941,-0.1970242600753111,0.2514813364537657,1,0.27135080344111473,1,0.20636019977675588,-1
2026-03-22 21:00:00+00:00,0.2505,-5.0534220842202606e-05,0.07676501685879941,-0.1976549446063348,0.2504873414975255,-1,0.2704869727894916,1,0.2055735702435156,-1
2026-03-22 22:00:00+00:00,0.2521,0.0008057887903122779,0.08006033051342258,-0.19512055627433095,0.25230322121973225,1,0.27311314632017236,1,0.20741161101754338,-1
2026-03-22 23:00:00+00:00,0.2506,0.0002918714478047033,0.08002109389831612,-0.1795996728221283,0.2506731536600329,1,0.2714774656170026,1,0.20940252772524892,-1
2026-03-23 00:00:00+00:00,0.2514,0.0001091306180673252,0.05890312287760923,-0.2629716263155469,0.25142743693445974,1,0.26665306168944936,1,0.19326719660868172,-1
2026-03-23 01:00:00+00:00,0.2515,0.0002403908527711919,0.05426075079838425,-0.2629716263155469,0.25156046556686534,1,0.2655236039078911,1,0.19334407297964779,-1
2026-03-23 02:00:00+00:00,0.2528,0.00010032838640113915,0.06111953764369355,-0.2629716263155469,0.25282536428844005,1,0.26873296729229634,1,0.1943434658022066,-1
2026-03-23 03:00:00+00:00,0.2513,8.293187053525126e-05,0.053257435825479746,-0.2629716263155469,0.2513208416432718,1,0.2650463934736052,1,0.19319032023771568,-1
2026-03-23 04:00:00+00:00,0.2525,5.9651529176119314e-05,0.06148802240476236,-0.2612258906378407,0.25251506246036187,1,0.26851298421442005,1,0.19445200235448232,-1
2026-03-23 05:00:00+00:00,0.2527,0.00015593536773804746,0.06111953764369355,-0.2632985137980623,0.25273940793989336,1,0.268626664694475,1,0.19420309649297327,-1
2026-03-23 06:00:00+00:00,0.2495,-0.00037750381113820994,0.054461870398431124,-0.24129813052506416,0.2494058305748978,-1,0.2634650668556739,1,0.1960090407939581,-1
2026-03-23 07:00:00+00:00,0.25,-0.0003414215466181602,0.05713467130906042,-0.21645373460848258,0.24991465918277136,-1,0.2646995976399609,1,0.20134244870240411,-1
2026-03-23 08:00:00+00:00,0.2493,8.293187053525126e-05,0.05693355170901355,-0.23552493571551117,0.2493206757726528,1,0.26390535688901723,1,0.19698588074297177,-1
2026-03-23 09:00:00+00:00,0.2502,8.293187053525126e-05,0.053257435825479746,-0.24005836758024182,0.2502207504144313,1,0.2638862222327736,1,0.1968028036001828,-1
2026-03-23 10:00:00+00:00,0.2504,8.293187053525126e-05,0.053836091383166876,-0.23552493571551117,0.25042076700149324,1,0.2642500279731797,1,0.19785505229859662,-1
2026-03-23 11:00:00+00:00,0.2588,-0.000529186952115139,-0.028762275923112195,-0.23362123191453102,0.258663082647426,-1,0.2514623525547406,-1,0.20488202603165265,-1
2026-03-23 12:00:00+00:00,0.2604,0.0001623122473104202,-0.0383757721702764,-0.21645373460848258,0.26044226953953886,1,0.25059626501079757,-1,0.20971829456842414,-1
2026-03-23 13:00:00+00:00,0.2633,-0.000553497811521962,0.0028212919649716287,-0.24006994921939348,0.26315430435105724,-1,0.26404389505351467,1,0.20710462850504455,-1
2026-03-23 14:00:00+00:00,0.2642,-0.0007811139453114099,0.06130741092176782,-0.23362123191453102,0.26399371027402835,-1,0.28090423288584476,1,0.20915699875410598,-1
2026-03-23 15:00:00+00:00,0.2611,-0.0001078115653455194,-0.04151479183043937,-0.23552493571551117,0.26107185191765997,-1,0.25048240633697316,-1,0.20630972106694717,-1
2026-03-23 16:00:00+00:00,0.2612,-0.0003414215466181602,-0.012985836165774131,-0.23271141830013528,0.2611108359141595,-1,0.25783002790321075,-1,0.20697023260874925,-1
2026-03-23 17:00:00+00:00,0.2621,-0.0004834859424145244,-0.042268488539471655,-0.23552493571551117,0.26197330896362864,-1,0.25125230206771787,-1,0.20709987702660612,-1
2026-03-23 18:00:00+00:00,0.2625,-0.001324651775777901,-0.08636061594851946,-0.23636360203502563,0.2621525091118812,-1,0.24078164033770383,-1,0.2072420595717296,-1
2026-03-23 19:00:00+00:00,0.261,-0.0003414215466181602,-0.02796443423278136,-0.23552493571551117,0.26091090418681334,-1,0.2538023902513382,-1,0.2062307054709813,-1
2026-03-23 20:00:00+00:00,0.2628,-0.00043535100654867556,-0.06590678953710356,-0.21645373460848258,0.2626856146561729,-1,0.24603812339442935,-1,0.2116511820759672,-1
2026-03-23 21:00:00+00:00,0.2629,-0.001185782699514953,-0.013418259218742118,-0.24129813052506416,0.26258844248455965,-1,0.2593959016770297,-1,0.20653617965824284,-1
2026-03-23 22:00:00+00:00,0.2617,-0.00038646586428599033,0.02176298072709678,-0.24005836758024182,0.26159888142401383,-1,0.26745779822981114,1,0.20584849601186186,-1
2026-03-23 23:00:00+00:00,0.2616,0.0009046527012013187,-0.045109885295940746,-0.23636360203502563,0.261836764225185,1,0.2500614616600474,-1,0.20653151536748365,-1
2026-03-24 00:00:00+00:00,0.2602,0.00026215817492879743,0.1013874820721022,-0.21145559963871502,0.2602682224992687,1,0.28796474174660663,1,0.21060723775977336,-1
2026-03-24 01:00:00+00:00,0.2592,0.0009341233849800639,0.09238466997519472,-0.2172417305576218,0.2594422379038177,1,0.2842870975636908,1,0.2085874199957534,-1
2026-03-24 02:00:00+00:00,0.2588,0.00086152076044656,0.10136554276024423,-0.2172417305576218,0.2590230576434024,1,0.2864090705176952,1,0.20826552582909325,-1
2026-03-24 03:00:00+00:00,0.2616,-0.0005165940954846008,0.05122476390098697,-0.2149844829635759,0.26146489388513644,-1,0.27534955056736177,1,0.21099451473455783,-1
2026-03-24 04:00:00+00:00,0.2608,-0.0008196634486829534,0.09729637120093557,-0.21725331219677346,0.260586319357653,-1,0.2874503648272107,1,0.20987256597999118,-1
2026-03-24 05:00:00+00:00,0.2608,0.00036167675029375037,0.05217927192707486,-0.21507831329040172,0.26089434235616654,1,0.2747696477166655,1,0.21032953535527513,-1
2026-03-24 06:00:00+00:00,0.2612,-0.0012765900701871256,0.05122636084428012,-0.21660723376830474,0.26086676741962395,-1,0.2749289658353533,1,0.2103303024015408,-1
2026-03-24 07:00:00+00:00,0.2657,-0.0012765900701871256,0.06371606565038626,-0.2172417305576218,0.26536102642953324,-1,0.2831803343109882,1,0.21381820020398024,-1
2026-03-24 08:00:00+00:00,0.2668,-0.0005140866794269862,0.06371606565038626,-0.21507831329040172,0.26666287692352236,-1,0.28435270302661514,1,0.21516840503369403,-1
2026-03-24 09:00:00+00:00,0.2654,0.0008976551476299481,0.06305955350803803,-0.21333257761269553,0.2656383446358211,1,0.28267495691604694,1,0.21441331788864781,-1
2026-03-24 10:00:00+00:00,0.2637,-0.00016671212767298166,0.06279918789568441,-0.2149844829635759,0.26365604167622725,-1,0.28079118557454513,1,0.2126882780409132,-1
2026-03-24 11:00:00+00:00,0.2638,0.0002658834457475809,0.06466897673318107,-0.21335930343969517,0.2638701493783541,1,0.2814233775263798,1,0.21311500228622704,-1
2026-03-24 12:00:00+00:00,0.2631,-0.000346242436864806,0.04724921264232744,-0.20123768107569423,0.26300891938375803,-1,0.27582963225558815,1,0.21514161957285047,-1
2026-03-24 13:00:00+00:00,0.2613,0.0008903403531555496,0.1006685707204659,-0.21335930343969517,0.26153274953205463,1,0.28897429607703246,1,0.21109533774598607,-1
2026-03-24 14:00:00+00:00,0.2613,0.0008058848681224054,0.09238466997519472,-0.2177107943865579,0.2615106625895357,1,0.2865903495115448,1,0.21017875399413707,-1
2026-03-24 15:00:00+00:00,0.261,0.00023302595828837792,0.1006685707204659,-0.2149844829635759,0.2610608268619569,1,0.2886425230620187,1,0.21051058236131343,-1
2026-03-24 16:00:00+00:00,0.2599,0.00026215817492879743,0.09971565963767115,-0.19577947199778806,0.2599681438415063,1,0.28715226102076835,1,0.21368809880666506,-1
2026-03-24 17:00:00+00:00,0.2592,0.00017770268989565296,0.10136554276024423,-0.19577947199778806,0.25924606463000405,1,0.2868517429605355,1,0.21311256333469633,-1
2026-03-24 18:00:00+00:00,0.2603,0.00023072437231040966,0.05122476390098697,-0.2172417305576218,0.260360064483016,1,0.27398122329007746,1,0.20947262895406868,-1
2026-03-24 19:00:00+00:00,0.2602,0.00013725506058367428,0.05121672018011078,-0.21940319264341643,0.2602357162178236,1,0.273873764372695,1,0.2089400509867206,-1
2026-03-24 20:00:00+00:00,0.2646,0.00026215817492879743,0.06349927168416357,-0.21812957742516945,0.26466937614645075,1,0.2819468345966487,1,0.21274402325612188,-1
2026-03-24 21:00:00+00:00,0.2655,0.00026215817492879743,0.056634687214334976,-0.19577947199778806,0.26556961211973806,1,0.2809704568092197,1,0.21829238258241465,-1
2026-03-24 22:00:00+00:00,0.2653,0.00023072437231040966,0.0731689127600669,-0.2569952738830133,0.26536121823797215,1,0.2854395217491391,1,0.20517555679336644,-1
2026-03-24 23:00:00+00:00,0.2664,0.000266127606498751,0.05568177613154023,-0.2520846736038079,0.2664709058289521,1,0.28165437953862815,1,0.20704046661690317,-1
2026-03-25 00:00:00+00:00,0.2676,-1.183641268538371e-05,-0.021198786372965534,-0.2286579596435898,0.2675968325947108,-1,0.26198691031443827,-1,0.2129027244372144,-1
2026-03-25 01:00:00+00:00,0.268,-0.0005764208212336027,-0.02274388776505225,-0.22119728341931905,0.26784556373432505,-1,0.26197343166117726,-1,0.21481768616940725,-1
2026-03-25 02:00:00+00:00,0.2666,-0.00038631860408976895,0.0453678889065021,-0.22379137293127108,0.2664970273515552,-1,0.2789736398828385,1,0.213141877349763,-1
2026-03-25 03:00:00+00:00,0.2677,0.0009091616677921923,0.005097048554144778,-0.2321015653425833,0.26794349324906,1,0.26906796322380244,1,0.2122501188583919,-1
2026-03-25 04:00:00+00:00,0.2681,-0.0004783266984520123,0.08302133575576051,-0.22235153376640435,0.267971791277417,-1,0.291308074083399,1,0.21464993921218892,-1
2026-03-25 05:00:00+00:00,0.2681,-0.001380513985780884,-0.005954439490795331,-0.22235153376640435,0.26773013955790925,-1,0.26650835814276486,-1,0.21464993921218892,-1
2026-03-25 06:00:00+00:00,0.2694,-0.0009811335870669247,0.005297726648502545,-0.22833734131742406,0.2691358122345819,-1,0.27083099472169647,1,0.2144035362274563,-1
2026-03-25 07:00:00+00:00,0.2694,-0.0005512366921969797,-0.0025864200403989774,-0.2003215471058787,0.2692515377577991,-1,0.26870411874965106,-1,0.22049515390061228,-1
2026-03-25 08:00:00+00:00,0.2717,-0.00016711543874080347,0.006995179691103759,-0.19722719026874683,0.27165459852904317,-1,0.2736072533347467,1,0.2230668107050972,-1
2026-03-25 09:00:00+00:00,0.2721,0.0007213333052791332,0.006368132142693939,-0.19487412030514034,0.2722963455991629,1,0.2738382977364276,1,0.22392149585259133,-1
2026-03-25 10:00:00+00:00,0.2723,0.001051169044493216,-0.0256308102665639,-0.19579258693698706,0.2725863838233503,1,0.2654094132454236,-1,0.22388036239923018,-1
2026-03-25 11:00:00+00:00,0.273,-0.0011459957802914457,-0.021198786372965534,-0.19667839523015979,0.27268732234983445,-1,0.26727364168849643,-1,0.22425715346840805,-1
2026-03-25 12:00:00+00:00,0.2747,-0.0013470195007179483,-0.021198786372965534,-0.2003215471058787,0.27433022284758257,-1,0.26893798304699623,-1,0.2248330318355538,-1
2026-03-25 13:00:00+00:00,0.2734,-0.001298449445327648,0.055022629881980915,-0.19217063025724804,0.2730452342941581,-1,0.2888647409533114,1,0.22560040030695724,-1
2026-03-25 14:00:00+00:00,0.2718,-0.0005870235260154237,0.04643084997927931,-0.17714948685085538,0.27164049382714744,-1,0.28471746899121114,1,0.22767450854407711,-1
2026-03-25 15:00:00+00:00,0.2703,-1.9100418223814836e-05,0.07024445159294239,-0.2003215471058787,0.27029483720626,-1,0.28996983631831086,1,0.22123177468201746,-1
2026-03-25 16:00:00+00:00,0.2714,-0.0004855341962412127,0.08342514774493766,-0.19579258693698706,0.27126825800435017,-1,0.29501284422734564,1,0.22314039792563742,-1
2026-03-25 17:00:00+00:00,0.2705,-0.0013028088046186908,0.09883237672081087,-0.19667839523015979,0.2701478196799748,-1,0.2985998775448391,1,0.22220351653188414,-1
2026-03-25 18:00:00+00:00,0.2701,-0.0005161873640496564,0.07680550212437984,-0.19579258693698706,0.26996061377077024,-1,0.291662631554334,1,0.22207156035267012,-1
2026-03-25 19:00:00+00:00,0.2705,0.0004715157983232765,0.07743297481488458,-0.19487412030514034,0.2706275750979199,1,0.2922779032429448,1,0.22260479466418948,-1
2026-03-25 20:00:00+00:00,0.2697,0.0006010548062401341,0.08492579154648898,-0.19487412030514034,0.2698621532078437,1,0.2936052040919732,1,0.22194644406998854,-1
2026-03-25 21:00:00+00:00,0.2694,-0.00047206440371649823,0.09384685667152139,-0.19297204804579193,0.2692728558621107,-1,0.29590667594670417,1,0.22212165248056215,-1
2026-03-25 22:00:00+00:00,0.2706,-0.0005639953414362786,0.08124948679084339,-0.19122631236808574,0.27044742589019527,-1,0.29350398084362456,1,0.22350089161367614,-1
2026-03-25 23:00:00+00:00,0.2705,-0.0015247835788766183,0.07971614520848724,-0.19667839523015979,0.27008786033366244,-1,0.2929459858813647,1,0.22220351653188414,-1
2026-03-26 00:00:00+00:00,0.2694,-0.0003278683189845752,-0.0074260007027484795,-0.258055813417528,0.26931168675321454,-1,0.2674068451547696,-1,0.20812553900782366,-1
2026-03-26 01:00:00+00:00,0.269,0.0004428315188027282,-0.002387805472428359,-0.2534043752960662,0.2691191480578686,1,0.2683584465851184,-1,0.20878541547385696,-1
2026-03-26 02:00:00+00:00,0.2676,0.0006761113744615423,0.011197996653703426,-0.25682763211185733,0.26778098858113053,1,0.27061342457468496,1,0.20698900918730018,-1
2026-03-26 03:00:00+00:00,0.2663,7.481566922811159e-06,0.05016844649719014,-0.2635032402182662,0.2663019923487245,1,0.28000065412215563,1,0.20461297186380348,-1
2026-03-26 04:00:00+00:00,0.2657,0.000600765905974816,0.05016844649719014,-0.2635032402182662,0.26585967145899947,1,0.27936978520562056,1,0.20415195878412537,-1
2026-03-26 05:00:00+00:00,0.2624,0.000860961110708241,0.062339216929144514,-0.258055813417528,0.26262601347589537,1,0.2792784391649394,1,0.20271767422291365,-1
2026-03-26 06:00:00+00:00,0.2617,0.0006231753711390272,0.05770379377163768,-0.2588695976446804,0.2618631358204604,1,0.2772452804348412,1,0.20201242630921853,-1
2026-03-26 07:00:00+00:00,0.2621,0.0005916558894283978,0.06714484217254703,-0.25168536544535935,0.26225511889259734,1,0.28030294157646046,1,0.20377995197677518,-1
2026-03-26 08:00:00+00:00,0.2602,0.000635438921252912,0.05675892640971917,-0.26080731453516953,0.26036539375055795,1,0.27539584319708016,1,0.20046571839279934,-1
2026-03-26 09:00:00+00:00,0.2575,0.00029749756715246684,0.05770379377163768,-0.26080731453516953,0.25757661701966517,1,0.27279579561318923,1,0.19838555913199782,-1
2026-03-26 10:00:00+00:00,0.2586,0.0011660739676658137,0.05520446700251531,-0.2534043752960662,0.25890172260929006,1,0.2732772734280075,1,0.20071341428081563,-1
2026-03-26 11:00:00+00:00,0.2573,0.0008379091207859376,0.06676336265927652,-0.25168536544535935,0.2575156843661078,1,0.2750646282701274,1,0.20004800321871136,-1
2026-03-26 12:00:00+00:00,0.258,0.00027444557723016347,0.06735955913188425,-0.2635032402182662,0.2580708166761427,1,0.2759774457424313,1,0.19823562426158955,-1
2026-03-26 13:00:00+00:00,0.2588,0.0005441502530227745,0.051288554475271676,-0.2568160504727056,0.25894086440770797,1,0.2724197613827467,1,0.2001845141825968,-1
2026-03-26 14:00:00+00:00,0.2573,-0.0001237786677810556,0.05675892640971917,-0.258055813417528,0.25726815371976564,-1,0.27232648137820414,1,0.19877765845105058,-1
2026-03-26 15:00:00+00:00,0.256,0.0006001233812167239,0.05092661030551122,-0.258055813417528,0.25615367769376785,1,0.2693748906141244,1,0.19777334070528158,-1
2026-03-26 16:00:00+00:00,0.2556,0.0006472917817525522,0.06735955913188425,-0.25967856422225694,0.2557655013374652,1,0.27341021368901336,1,0.19714414432928162,-1
2026-03-26 17:00:00+00:00,0.2545,0.000998102248839493,0.05798490482526403,-0.2566394464964936,0.2547541438319964,1,0.26969339530861397,1,0.19689318813570172,-1
2026-03-26 18:00:00+00:00,0.254,0.0008379091207859376,0.06255393388848174,-0.258055813417528,0.2542129181072343,1,0.270396175689056,1,0.19622823648102158,-1
2026-03-26 19:00:00+00:00,0.2536,0.0008367046028173653,0.05675892640971917,-0.2571107224804341,0.2538122770814959,1,0.26841039905756925,1,0.19610446463605666,-1
2026-03-26 20:00:00+00:00,0.2549,-0.0009824164033200534,0.05675892640971917,-0.2635032402182662,0.2546497050258687,-1,0.2697863198729275,1,0.1958537233499193,-1
2026-03-26 21:00:00+00:00,0.2558,-6.796009141674236e-05,0.06255393388848174,-0.2635032402182662,0.2557826163993179,-1,0.27231236906008083,1,0.19654524296943648,-1
2026-03-26 22:00:00+00:00,0.2552,0.0007584520617038515,0.05418000727460678,-0.258055813417528,0.25539363038654755,1,0.26940816153438796,1,0.19715529901557757,-1
2026-03-26 23:00:00+00:00,0.2547,0.0011891259575881172,0.05675892640971917,-0.258055813417528,0.2550030505283125,1,0.26957463974748774,1,0.19676902295951257,-1
2026-03-27 00:00:00+00:00,0.2544,0.0006271708749706141,0.1262530799930628,-0.17090687176052563,0.25455960231432256,1,0.28863442196604744,1,0.2144337772014856,-1
2026-03-27 01:00:00+00:00,0.2557,0.0001805937015612909,0.10245809492618163,-0.18007194864201007,0.25574618197945104,1,0.28328769665776166,1,0.21356322692092228,-1
2026-03-27 02:00:00+00:00,0.2551,0.00046697774691705944,0.0908865404055038,-0.16597234327048707,0.2552191538421696,1,0.2793714240746919,1,0.21608747053179816,-1
2026-03-27 03:00:00+00:00,0.2544,0.00046697774691705944,0.09506832325863512,-0.1701361726446394,0.25451882688141103,1,0.2797723270481573,1,0.21459910482473404,-1
2026-03-27 04:00:00+00:00,0.2542,0.00023815038613405929,0.11752467853843916,-0.17090687176052563,0.25426054503728107,1,0.2859011258665609,1,0.2142651971879624,-1
2026-03-27 05:00:00+00:00,0.2536,-0.0007046501214855522,0.09561451736576602,-0.19841556102497732,0.25342136367463697,-1,0.2790449109262763,1,0.20795935699336948,-1
2026-03-27 06:00:00+00:00,0.2539,0.00046697774691705944,0.09440745045139881,-0.17090687176052563,0.254018593338012,1,0.27903799048432876,1,0.21401232716767762,-1
2026-03-27 07:00:00+00:00,0.2547,-0.0004185829340903224,0.09843254978127292,-0.1651336769509726,0.2545934092367807,-1,0.2810461615348549,1,0.2159296596832947,-1
2026-03-27 08:00:00+00:00,0.2523,0.0007178334445891209,0.10522604314141895,-0.17090687176052563,0.25248117439681084,1,0.2802956387390675,1,0.2126636870594922,-1
2026-03-27 09:00:00+00:00,0.2509,0.0004888252188707905,0.09664324751175427,-0.19841556102497732,0.25102267622858904,1,0.27635815869228514,1,0.20574527866575873,-1
2026-03-27 10:00:00+00:00,0.2461,0.00029571249779552014,0.0957846916223865,-0.18195180135613007,0.2461727856069839,1,0.2708384855758187,1,0.20515917803217135,-1
2026-03-27 11:00:00+00:00,0.2474,-0.0001261445374131898,0.09611106239727336,-0.14385852205387906,0.24736879380973056,-1,0.27235803948920634,1,0.21425093850845872,-1
2026-03-27 12:00:00+00:00,0.247,0.00046697774691705944,0.09664324751175427,-0.1651336769509726,0.2471153704391058,1,0.27206243601831176,1,0.2094017508510946,-1
2026-03-27 13:00:00+00:00,0.2474,0.00029378627845821377,0.09664324751175427,-0.16966710881570327,0.24747269340292988,1,0.2725030229592321,1,0.20879216913086984,-1
2026-03-27 14:00:00+00:00,0.2478,0.00024014302119948442,0.0957846916223865,-0.18087583666763765,0.2478595145863735,1,0.27270937312347776,1,0.2067987571136343,-1
2026-03-27 15:00:00+00:00,0.2477,0.00046697774691705944,0.09213648975018825,-0.17090687176052563,0.24781569739986442,1,0.2716066354214102,1,0.20878634674845903,-1
2026-03-27 16:00:00+00:00,0.2473,0.00046697774691705944,0.09506832325863512,-0.14385852205387906,0.2474155105651452,1,0.2719642157193761,1,0.21416433748238414,-1
2026-03-27 17:00:00+00:00,0.2467,0.0001240154652332628,0.11752467853843916,-0.16967869045485492,0.2467305965124542,1,0.277465805473173,1,0.20819899583291576,-1
2026-03-27 18:00:00+00:00,0.2463,0.00046697774691705944,0.09843254978127292,-0.17090687176052563,0.2464150434783472,1,0.2717772657480752,1,0.20760628665379677,-1
2026-03-27 19:00:00+00:00,0.2466,-0.00014919652733549326,0.09561451736576602,-0.16966710881570327,0.24656321088083175,-1,0.2713425671704249,1,0.20811701256132784,-1
2026-03-27 20:00:00+00:00,0.2462,0.0006041188850483107,0.09664324751175427,-0.1651336769509726,0.24634877900507735,1,0.2711812621364711,1,0.20872352655684004,-1
2026-03-27 21:00:00+00:00,0.246,0.00034530378766604397,0.09440745045139881,-0.1701361726446394,0.24608495939932284,1,0.27035583166264227,1,0.20751328532580413,-1
2026-03-27 22:00:00+00:00,0.2458,0.00034530378766604397,0.09664324751175427,-0.17090687176052563,0.24588489032664046,1,0.27074067519555073,1,0.2071848366199888,-1
2026-03-27 23:00:00+00:00,0.2461,0.00046697774691705944,0.09506832325863512,-0.16192608838615508,0.24621495006098762,1,0.27064453493141316,1,0.2093090502353407,-1
2026-03-28 00:00:00+00:00,0.2466,0.00046697774691705944,0.08949043095689393,-0.19988221700167785,0.24671518360438663,1,0.2696859197462874,1,0.20192278537955619,-1
2026-03-28 01:00:00+00:00,0.246,-0.0005249901818159949,0.08949043095689393,-0.2050396278560235,0.24587088630994855,-1,0.26902974962525017,1,0.20039529844382428,-1
2026-03-28 02:00:00+00:00,0.2452,0.00034530378766604397,0.09083907972762921,-0.2117268176015842,0.24528468310859336,1,0.2685167468244887,1,0.19841233919905776,-1
2026-03-28 03:00:00+00:00,0.2448,0.00034530378766604397,0.09051489068480251,-0.20162795267938405,0.2448845449632286,1,0.26799181562262003,1,0.20009927091078503,-1
2026-03-28 04:00:00+00:00,0.2452,0.00034530378766604397,0.09051489068480251,-0.17652843205718743,0.24528468310859336,1,0.26842971074618643,1,0.20552049719525145,-1
2026-03-28 05:00:00+00:00,0.246,0.0003330375021748124,0.08600475587150294,-0.20627939080084584,0.24608194086946888,1,0.2680936317788932,1,0.2001470097198787,-1
2026-03-28 06:00:00+00:00,0.2465,0.0003622769975151311,0.08954185956037962,-0.20486302387981148,0.2465893174577408,1,0.26959042236186914,1,0.20083807163123002,-1
2026-03-28 07:00:00+00:00,0.2484,-0.001019380142994186,0.09051489068480251,-0.20627939080084584,0.24814691498931324,-1,0.2719328717347174,1,0.20209966347324337,-1
2026-03-28 08:00:00+00:00,0.2481,0.0012970673610457444,0.08916844412855804,-0.18778732046467655,0.24842201120224003,1,0.27123899560303427,1,0.20562303602608084,-1
2026-03-28 09:00:00+00:00,0.2474,0.0005514332319502038,0.09051489068480251,-0.20627939080084584,0.2475364622030234,1,0.27083813392580147,1,0.20128605774267477,-1
2026-03-28 10:00:00+00:00,0.2486,-0.001718216119448653,0.0892757139975567,-0.2050396278560235,0.24817321822936173,-1,0.27181478397292286,1,0.20251329753306796,-1
2026-03-28 11:00:00+00:00,0.2485,-0.0002729715053584938,0.09083907972762921,-0.19800523902769734,0.24843217583837132,-1,0.272130552960381,1,0.20386084046936367,-1
2026-03-28 12:00:00+00:00,0.2477,-0.0005560052275795765,0.08764374123398952,-0.17903665555039838,0.2475623157852471,-1,0.27038911217396616,1,0.20709583992951613,-1
2026-03-28 13:00:00+00:00,0.2504,0.00046697774691705944,0.0891065431969631,-0.17398350126018475,0.250516958534219,1,0.2737365595586955,1,0.2104138147078156,-1
2026-03-28 14:00:00+00:00,0.2501,0.00028487157455162434,0.08983679772451963,-0.2053342998637519,0.2501712565297934,1,0.2736083312084547,1,0.20367519386266542,-1
2026-03-28 15:00:00+00:00,0.2513,0.0007078984620778039,0.0891065431969631,-0.2079021416055747,0.25147795786413785,1,0.27472043696924997,1,0.2041276029478345,-1
2026-03-28 16:00:00+00:00,0.2509,-0.0008231523164729097,0.09251126897886285,-0.18418016929671377,0.25069355606285637,-1,0.2752186086326887,1,0.20869508934521047,-1
2026-03-28 17:00:00+00:00,0.2502,0.0006805238604406004,0.08510432032150722,-0.1999089428286775,0.25037032501842843,1,0.2724254281138723,1,0.20486508800624337,-1
2026-03-28 18:00:00+00:00,0.2504,-0.00025794858922163175,0.08324986589352477,-0.1999089428286775,0.2503354180030345,-1,0.2721380583851139,1,0.20502884906779914,-1
2026-03-28 19:00:00+00:00,0.2498,0.00015765167538562237,0.08432389084838841,-0.2050396278560235,0.2498393844929454,1,0.2717777097325034,1,0.20349083557425734,-1
2026-03-28 20:00:00+00:00,0.2501,-0.0001181554090813993,0.0891065431969631,-0.20162795267938405,0.2500704510779056,-1,0.27340860042184406,1,0.20443148551792212,-1
2026-03-28 21:00:00+00:00,0.2487,0.00045750872530260007,0.08932714260104237,-0.1999089428286775,0.24881380845217757,1,0.2719381072179445,1,0.20363688004457525,-1
2026-03-28 22:00:00+00:00,0.2486,0.00038752068783497336,0.09066520849034601,-0.18085463903332039,0.24869635631182202,1,0.27219273163560137,1,0.20747078613400047,-1
2026-03-28 23:00:00+00:00,0.246,0.00046697774691705944,0.08949043095689393,-0.20627939080084584,0.24611490335230782,1,0.26902974962525017,1,0.2001470097198787,-1
2026-03-29 00:00:00+00:00,0.246,-0.00020618410600068546,0.07081836543110302,-0.2221053316053092,0.2459492839385264,-1,0.2640530160519137,1,0.19700442774080368,-1
2026-03-29 01:00:00+00:00,0.2462,-0.0007937602188897641,0.06605600010531486,-0.2221053316053092,0.24600465377339772,-1,0.2630121460617492,1,0.19716459394221897,-1
2026-03-29 02:00:00+00:00,0.2462,0.0008081233219453808,0.06605600010531486,-0.22258180453962761,0.24639904037561555,1,0.2630121460617492,1,0.19707067272683504,-1
2026-03-29 03:00:00+00:00,0.2467,-4.2483420117419436e-05,0.06605600010531486,-0.22257439543424534,0.24668951956288102,-1,0.26354628933157404,1,0.19747236057677808,-1
2026-03-29 04:00:00+00:00,0.2455,-0.0027543512251004187,0.06605600010531486,-0.22140250417800306,0.24482473715666173,-1,0.26226434548399447,1,0.19674223949864952,-1
2026-03-29 05:00:00+00:00,0.2455,-0.002672286684647182,0.06605600010531486,-0.22413693421868555,0.2448448294106276,-1,0.26226434548399447,1,0.19620499647018333,-1
2026-03-29 06:00:00+00:00,0.246,-0.00012585806572538028,0.06505234586633674,-0.2221053316053092,0.2459690408641009,-1,0.26253486225364137,1,0.19700442774080368,-1
2026-03-29 07:00:00+00:00,0.2451,-0.0005493459992823384,0.06470428887348503,-0.2221053316053092,0.2449653922720695,-1,0.26148334190912315,1,0.1962836798344349,-1
2026-03-29 08:00:00+00:00,0.2449,-9.869055016035523e-05,0.06605600010531486,-0.22140250417800306,0.24487583187686804,-1,0.26162337356020465,1,0.19626140306810294,-1
2026-03-29 09:00:00+00:00,0.2443,-0.0001409074503292847,0.07111730178217193,-0.21493457098990915,0.24426557873504784,-1,0.26230666071385605,1,0.19705096626320698,-1
2026-03-29 10:00:00+00:00,0.2427,-0.0001409074503292847,0.0747307893342335,-0.21340717570597112,0.2426658041710852,-1,0.2615320667198611,1,0.1960596475222773,-1
2026-03-29 11:00:00+00:00,0.2437,3.307389639853072e-05,0.06505234586633674,-0.22257439543424534,0.24370806024184338,1,0.26008026801305856,1,0.1950709942138663,-1
2026-03-29 12:00:00+00:00,0.243,0.00026246845469325567,0.06505234586633674,-0.2222970328920053,0.2430637882053201,1,0.2593332175920116,1,0.19456463285381712,-1
2026-03-29 13:00:00+00:00,0.2409,-0.0001409074503292847,0.07473909223009172,-0.2255287980699721,0.2408660577866272,-1,0.2595945528757957,1,0.19226086304038573,-1
2026-03-29 14:00:00+00:00,0.242,-9.869055016035523e-05,0.06605600010531486,-0.22258180453962761,0.24197611806534122,-1,0.2585253425952206,1,0.1937087847274333,-1
2026-03-29 15:00:00+00:00,0.2415,-9.869055016035523e-05,0.06505234586633674,-0.22258180453962761,0.24147616740818142,-1,0.25773239526119673,1,0.19330855996559976,-1
2026-03-29 16:00:00+00:00,0.241,3.845058797089616e-05,0.06605600010531486,-0.22140250417800306,0.2410092667698562,1,0.2574570560555709,1,0.19313596626955004,-1
2026-03-29 17:00:00+00:00,0.2413,-0.0003006191104829794,0.06505234586633674,-0.21414992641263766,0.2412274715109116,-1,0.2575189522837547,1,0.19478395985635297,-1
2026-03-29 18:00:00+00:00,0.2413,-0.0001409074503292847,0.0661527479608489,-0.22258180453962761,0.24126600142761787,-1,0.2578024826483176,1,0.19314847006086633,-1
2026-03-29 19:00:00+00:00,0.24,-9.869055016035523e-05,0.07111730178217193,-0.2198272119490688,0.23997631543670203,-1,0.25768971989899897,1,0.19263779414447724,-1
2026-03-29 20:00:00+00:00,0.2406,0.0001593197781907643,0.06453411461686456,-0.22258180453962761,0.24063833539234472,1,0.2566388691130175,1,0.1925881553942994,-1
2026-03-29 21:00:00+00:00,0.2416,-0.0001409074503292847,0.07098344050636055,-0.2219287276290972,0.24156595915836088,-1,0.25937292904986387,1,0.19351494380061127,-1
2026-03-29 22:00:00+00:00,0.2383,-0.0027543512251004187,0.06505234586633674,-0.2222970328920053,0.2376445411993177,-1,0.25431730762212496,1,0.19080144859697376,-1
2026-03-29 23:00:00+00:00,0.2398,-6.35927756083458e-05,0.0661527479608489,-0.22278460847617734,0.23978475093727938,-1,0.2561998977996957,1,0.191908871953856,-1
2026-03-30 00:00:00+00:00,0.2421,-0.00010844931367719476,0.1133479135739779,-0.16965727481065843,0.24207374584480704,-1,0.27115721383317304,1,0.20432126614413632,-1
2026-03-30 01:00:00+00:00,0.244,-0.00024508187198584217,0.09827888639339594,-0.17954203011401434,0.24394020735058197,-1,0.2691979847537371,1,0.2038992899396272,-1
2026-03-30 02:00:00+00:00,0.2456,0.0001967185606474974,0.09592330673608077,-0.17954203011401434,0.24564831883094465,1,0.2703256931621626,1,0.20523633446382147,-1
2026-03-30 03:00:00+00:00,0.2462,0.0007677754391434691,0.1081484697062023,-0.19275962825357573,0.24638909889657215,1,0.27431927999375955,1,0.20303626034843272,-1
2026-03-30 04:00:00+00:00,0.2461,-0.00031547378039927356,0.10924887180071444,-0.16841751186583606,0.24602237414774808,-1,0.27450976365775137,1,0.2079547370181745,-1
2026-03-30 05:00:00+00:00,0.2467,-0.00046780292736601115,0.09457159550425094,-0.16842909350498772,0.24658462000747208,-1,0.2711696443773555,1,0.2084593232813918,-1
2026-03-30 06:00:00+00:00,0.2468,0.0007677754391434691,0.1081484697062023,-0.16965727481065843,0.24698955973872463,1,0.2749878078897638,1,0.2082878499974095,-1
2026-03-30 07:00:00+00:00,0.2487,-0.00018773451001591663,0.09116519664983616,-0.1771557024984058,0.24865331480970682,-1,0.27243840380216694,1,0.20832339341268685,-1
2026-03-30 08:00:00+00:00,0.2505,-0.0011401952773276434,0.10754015058272555,-0.2337694832588671,0.25021454385183095,-1,0.27894066002222023,1,0.19828183689696893,-1
2026-03-30 09:00:00+00:00,0.2482,0.0001528660523204501,0.09403548657860886,-0.22294947480714533,0.24823794425430623,1,0.27267220496859296,1,0.1985985395709344,-1
2026-03-30 10:00:00+00:00,0.2491,-0.0004964322030199043,0.09667473561191489,-0.20573585798841298,0.24897636942786538,-1,0.27438415715794207,1,0.20277937478060112,-1
2026-03-30 11:00:00+00:00,0.2506,-0.001975899888705352,0.09667473561191489,-0.2337694832588671,0.25010532835965055,-1,0.2760364102118839,1,0.1983609913228759,-1
2026-03-30 12:00:00+00:00,0.2508,-0.001827734188283199,0.10450890688904545,-0.22294947480714533,0.2503420229232526,-1,0.27842945271084524,1,0.20067894328924396,-1
2026-03-30 13:00:00+00:00,0.2496,0.0001421655136363885,0.10608822145011126,-0.22294947480714533,0.24963548703466015,1,0.27753522385593565,1,0.19971875695771646,-1
2026-03-30 14:00:00+00:00,0.2491,0.001517442854008728,0.10167520151010513,-0.1915993633344974,0.2494782819529697,1,0.27575964194507363,1,0.20566632190717352,-1
2026-03-30 15:00:00+00:00,0.2484,-0.0014650925178210383,0.10423819433289191,-0.19275962825357573,0.24803633748323944,-1,0.2756904130748186,1,0.20485055674472255,-1
2026-03-30 16:00:00+00:00,0.2484,0.00015111506685103955,0.09963172986507335,-0.16965727481065843,0.24843753981895053,1,0.274423375505136,1,0.20963817641554508,-1
2026-03-30 17:00:00+00:00,0.2465,7.86146171361156e-05,0.09570858977674351,-0.18263090823613526,0.24651937926486084,1,0.27125805038676787,1,0.20535313055258636,-1
2026-03-30 18:00:00+00:00,0.2445,-0.00029424808404803626,0.09440142124763047,-0.1915993633344974,0.2444280669270537,-1,0.2687057004076623,1,0.20186838902570825,-1
2026-03-30 19:00:00+00:00,0.2437,-0.00039556593773040863,0.09440142124763047,-0.3310518084567698,0.24360361964462465,-1,0.2678264997519317,1,0.17501753207205492,-1
2026-03-30 20:00:00+00:00,0.2439,0.00019965558827566903,0.09592330673608077,-0.1915993633344974,0.24394870085951803,1,0.2684545462632388,1,0.2013730064759519,-1
2026-03-30 21:00:00+00:00,0.2449,-0.0009990317967438662,0.09592330673608077,-0.16965727481065843,0.2446554592852912,-1,0.26955522090966455,1,0.20668433737587355,-1
2026-03-30 22:00:00+00:00,0.2444,-0.0005236354945700473,0.0998270419032136,-0.16965727481065843,0.2442720569858023,-1,0.2700570597830602,1,0.20626236037020618,-1
2026-03-30 23:00:00+00:00,0.2434,2.2479101418211278e-05,0.09592330673608077,-0.24161631443600456,0.24340547147478186,1,0.2679042089400259,1,0.19115600334639132,-1
2026-03-31 00:00:00+00:00,0.2449,0.00035002894101508975,0.08263696610362818,-0.18216842622491874,0.244985737092011,1,0.26599750527219235,1,0.20411458712319164,-1
2026-03-31 01:00:00+00:00,0.248,-5.717937299326165e-05,0.09288577551996018,-0.18217583533030102,0.24798581992090554,-1,0.2721394235869261,1,0.20669678463018532,-1
2026-03-31 02:00:00+00:00,0.2481,-0.0008132425381086424,0.0905370492130102,-0.18325180001879346,0.24789831654619268,-1,0.2716104688135974,1,0.20655776164134274,-1
2026-03-31 03:00:00+00:00,0.2461,0.0002882341410355249,0.08623351524191958,-0.22211715756296616,0.24617094464595224,1,0.2682639738090713,1,0.19708218014221268,-1
2026-03-31 04:00:00+00:00,0.2447,9.720467186393675e-05,0.08449173376425712,-0.22355497771288796,0.2447237871392969,1,0.26627369389334815,1,0.19567947573423494,-1
2026-03-31 05:00:00+00:00,0.2443,-0.00010275910839017353,0.08623351524191958,-0.22355497771288796,0.244274897239611,-1,0.26630186428913494,1,0.19535960736360278,-1
2026-03-31 06:00:00+00:00,0.2458,-0.0004074729506820789,0.08623351524191958,-0.2242153602856268,0.2456998635515549,-1,0.26793695555574853,1,0.19642935239102463,-1
2026-03-31 07:00:00+00:00,0.2436,0.0002993787271276789,0.07461145269692024,-0.2224832253539578,0.2436729395756622,1,0.2624705771055966,1,0.1950087268192868,-1
2026-03-31 08:00:00+00:00,0.242,0.0005064831914889577,0.08623351524191958,-0.21224104364751273,0.24212259997713337,1,0.2637947243469941,1,0.1957222735139971,-1
2026-03-31 09:00:00+00:00,0.2404,9.720467186393675e-05,0.08623351524191958,-0.22355497771288796,0.24042336913889242,1,0.26205062699593956,1,0.19224089074993905,-1
2026-03-31 10:00:00+00:00,0.241,9.720467186393675e-05,0.07748174262569292,-0.22264338101406025,0.24102342746453026,1,0.2604155634746925,1,0.19289645695430982,-1
2026-03-31 11:00:00+00:00,0.2411,-5.717937299326165e-05,0.07495031956657079,-0.20945991394432947,0.24108621444729972,-1,0.259864958253828,1,0.1955374402349318,-1
2026-03-31 12:00:00+00:00,0.2407,-0.00010275910839017353,0.07613333818537052,-0.22446217103082117,0.24067526715339488,-1,0.25974092267408044,1,0.19230625392142733,-1
2026-03-31 13:00:00+00:00,0.2433,0.00022252737819216395,0.08449173376425712,-0.22264338101406025,0.2433541469354785,1,0.26475026450450184,1,0.1947373774978572,-1
2026-03-31 14:00:00+00:00,0.2399,-1.3396341168747431e-05,0.08623351524191958,-0.2218914128384988,0.23989678623927999,-1,0.26150559657373507,1,0.19216046093003242,-1
2026-03-31 15:00:00+00:00,0.238,-0.0002627691625345674,0.07613333818537052,-0.22264338101406025,0.23793746915526542,-1,0.256827335257296,1,0.190495256245335,-1
2026-03-31 16:00:00+00:00,0.2397,9.720467186393675e-05,0.07461145269692024,-0.21224104364751273,0.23972330109231496,1,0.2582684619548913,1,0.19386210314588886,-1
2026-03-31 17:00:00+00:00,0.2392,-1.3396341168747431e-05,0.07613333818537052,-0.22446217103082117,0.239196795616656,-1,0.2581222629980891,1,0.19110783522229088,-1
2026-03-31 18:00:00+00:00,0.2416,-0.001410875370883696,0.07748174262569292,-0.22446217103082117,0.24125937285812057,-1,0.2610639009771192,1,0.1930253051409092,-1
2026-03-31 19:00:00+00:00,0.241,-0.0002008607122800373,0.07613333818537052,-0.22211715756296616,0.24095159742959063,-1,0.26006465460927874,1,0.1929979903058645,-1
2026-03-31 20:00:00+00:00,0.2422,-0.0004969186024268912,0.07478162695354071,-0.20664596134815927,0.2420796762125323,-1,0.2610065383276027,1,0.19698308650956808,-1
2026-03-31 21:00:00+00:00,0.2414,-0.0005460576358503786,0.07613333818537052,-0.22446217103082117,0.24126821767035397,-1,0.2604962971895431,1,0.19286551598102433,-1
2026-03-31 22:00:00+00:00,0.2402,3.9991015929400896e-05,0.08449173376425712,-0.2218914128384988,0.24020960603410246,1,0.2613769565720565,1,0.19240076163148723,-1
2026-03-31 23:00:00+00:00,0.2418,-0.00010275910839017353,0.08263696610362818,-0.22446217103082117,0.24177515412418313,-1,0.2626304482434304,1,0.19318509430079403,-1
2026-04-01 00:00:00+00:00,0.2446,-0.00042049396584026966,0.115166737745775,-0.23503303424475358,0.24449716879742076,-1,0.2744560011901201,1,0.19336724197288183,-1
2026-04-01 01:00:00+00:00,0.2426,-0.00010664392251240048,0.1138183333054526,-0.23370591748519423,0.2425741295638854,-1,0.271845075814449,1,0.1920408440871766,-1
2026-04-01 02:00:00+00:00,0.242,-0.00046780292736601115,0.12391851036200169,-0.2352824400663311,0.24188681816703786,-1,0.2739255177809836,1,0.1912641173306521,-1
2026-04-01 03:00:00+00:00,0.2456,-0.00029424808404803626,0.12391851036200169,-0.23889193458312374,0.24552774330177665,-1,0.2780004428388826,1,0.1934099949131672,-1
2026-04-01 04:00:00+00:00,0.2447,-0.00039865032025975693,0.12391851036200169,-0.23364134020576097,0.24460246970816513,-1,0.2769817115744078,1,0.1937157019254436,-1
2026-04-01 05:00:00+00:00,0.249,-0.0009397482750845424,0.12391851036200169,-0.23386607314529673,0.24876611259435966,-1,0.28184898317134266,1,0.19707548409039002,-1
2026-04-01 06:00:00+00:00,0.252,-0.0004447509374437077,0.12391851036200169,-0.24233573230150515,0.25188794768329764,-1,0.2852447540529251,1,0.19776774857460877,-1
2026-04-01 07:00:00+00:00,0.2498,-0.0005316585492466388,0.12391851036200169,-0.2385212640579715,0.24966722699247793,-1,0.282754522073098,1,0.19679042571912242,-1
2026-04-01 08:00:00+00:00,0.2468,-0.0007074995510430321,0.12391851036200169,-0.24233573230150515,0.24662545086480092,-1,0.27935875119151554,1,0.19368682677862475,-1
2026-04-01 09:00:00+00:00,0.2478,-0.0001659589889116182,0.1221767288843392,-0.23364134020576097,0.24775887877486052,-1,0.2800025465864173,1,0.1961698035844909,-1
2026-04-01 10:00:00+00:00,0.249,-0.0004417327515589987,0.12355126761330408,-0.23386607314529673,0.2488900328346992,-1,0.2817454951798155,1,0.19707548409039002,-1
2026-04-01 11:00:00+00:00,0.2482,-0.0004894416490777096,0.12391851036200169,-0.2385212640579715,0.24807855030639253,-1,0.28094344426958734,1,0.1955299586208414,-1
2026-04-01 12:00:00+00:00,0.2483,-0.0005752964832063414,0.12391851036200169,-0.2416753497287667,0.24815719496477578,-1,0.2810566366323068,1,0.19499274305825065,-1
2026-04-01 13:00:00+00:00,0.247,-0.0007948824734532393,0.1221767288843392,-0.23470956537372045,0.24680374204039682,-1,0.27909858356273237,1,0.19532772155473838,-1
2026-04-01 14:00:00+00:00,0.2487,0.0012116199554126313,0.12355126761330408,-0.24078821966051528,0.24900151250530966,1,0.2814060427759844,1,0.19548020696395155,-1
2026-04-01 15:00:00+00:00,0.2491,-7.246171888318617e-05,0.12391851036200169,-0.2390689955007423,0.24908195043978518,-1,0.28196217553406205,1,0.19613151454013858,-1
2026-04-01 16:00:00+00:00,0.2499,-0.0004894416490777096,0.12391851036200169,-0.23889193458312374,0.24977771845917607,-1,0.28286771443581743,1,0.1967962448241062,-1
2026-04-01 17:00:00+00:00,0.2493,-0.0005316585492466388,0.12391851036200169,-0.2416753497287667,0.24916749275109987,-1,0.2821885602595009,1,0.19577805414587954,-1
2026-04-01 18:00:00+00:00,0.2487,0.00013774887157846886,0.1138183333054526,-0.23370591748519423,0.2487342605039803,1,0.27868042190871173,1,0.19686957099950872,-1
2026-04-01 19:00:00+00:00,0.2495,-0.0008256591268755942,0.1138183333054526,-0.2352824400663311,0.24929408306813963,-1,0.27957686074074617,1,0.19719172427271778,-1
2026-04-01 20:00:00+00:00,0.2484,0.00038287101023302603,0.1221767288843392,-0.23386607314529673,0.24849512336776985,1,0.2806805188541811,1,0.19660060340583488,-1
2026-04-01 21:00:00+00:00,0.2498,0.0006833199541103245,0.12355126761330408,-0.2352824400663311,0.24997075165689991,1,0.28265070159003175,1,0.1974288285504004,-1
2026-04-01 22:00:00+00:00,0.2474,-2.749090328007515e-05,0.1138183333054526,-0.2322519045415703,0.24739319884401392,-1,0.2772237088066557,1,0.19612545978885407,-1
2026-04-01 23:00:00+00:00,0.2484,-0.0005100198275349405,0.11229644781700233,-0.23364134020576097,0.24827334337628051,-1,0.27792097143868877,1,0.19664479100237103,-1
2026-04-02 00:00:00+00:00,0.2502,0.0002741088804745364,0.12978020584493766,-0.2118498682223973,0.25026859144222696,1,0.28487224137270933,1,0.20243335672956586,-1
2026-04-02 01:00:00+00:00,0.2431,-0.001014372353908155,0.12978020584493766,-0.2014683203043669,0.24285353110751398,-1,0.2767883368413495,1,0.1987414156726905,-1
2026-04-02 02:00:00+00:00,0.2406,0.00023379531126600732,0.1274314795379877,-0.20074625818060737,0.2406562577280309,1,0.2732992320675827,1,0.1968396711519289,-1
2026-04-02 03:00:00+00:00,0.2391,0.00022618045177711605,0.12364082682000707,-0.2118498682223973,0.23915408586237172,1,0.27056779660555286,1,0.19345250037585612,-1
2026-04-02 04:00:00+00:00,0.2372,3.8105101951454415e-05,0.12978020584493766,-0.21375521433006975,0.23720903870239216,1,0.2700707260335998,1,0.19154991986446948,-1
2026-04-02 05:00:00+00:00,0.238,8.90393136458646e-05,0.12978020584493766,-0.2139322752476883,0.23802119230010763,1,0.2709815885160065,1,0.19216192931378565,-1
2026-04-02 06:00:00+00:00,0.2382,0.00022618045177711605,0.1280384243672752,-0.21118948564965845,0.23825388227694244,1,0.27073732795310407,1,0.19285163665109195,-1
2026-04-02 07:00:00+00:00,0.239,0.00017942856037029092,0.1274314795379877,-0.20074625818060737,0.23904288727341427,1,0.271481780815263,1,0.19553067915756858,-1
2026-04-02 08:00:00+00:00,0.2382,-0.0003469423208483038,0.1274314795379877,-0.2118498682223973,0.23811737267346095,-1,0.2705730551891031,1,0.19272432283366342,-1
2026-04-02 09:00:00+00:00,0.2383,-2.2609377795490848e-05,0.12978020584493766,-0.21226545033815092,0.23829461224617846,-1,0.2713231619469091,1,0.19272512169069297,-1
2026-04-02 10:00:00+00:00,0.2376,3.3049322165184736e-05,0.12199033416515795,-0.21118948564965845,0.23760785264870812,1,0.2684269799996085,1,0.1923658642665804,-1
2026-04-02 11:00:00+00:00,0.2369,2.1173654029023365e-05,0.11713719890174934,-0.2014683203043669,0.23690501609174378,1,0.2663404320018302,1,0.19367273292003445,-1
2026-04-02 12:00:00+00:00,0.2362,0.00023118733172027245,0.1280384243672752,-0.21118948564965845,0.23625461276039825,1,0.2684641346033719,1,0.19123239536938674,-1
2026-04-02 13:00:00+00:00,0.2369,-0.00028816240534157883,0.11713719890174934,-0.2118498682223973,0.23683174416103026,-1,0.2663404320018302,1,0.191672510828274,-1
2026-04-02 14:00:00+00:00,0.2421,0.0002409327747452579,0.12818665630166404,-0.21118948564965845,0.2421583368521135,1,0.27521084699788295,1,0.19600915715041714,-1
2026-04-02 15:00:00+00:00,0.2397,-0.0002528337287314445,0.11561531341329907,-0.20288468722540126,0.23963940341597603,-1,0.26907857971777066,1,0.19568445808656487,-1
2026-04-02 16:00:00+00:00,0.2408,-0.00014984483583884936,0.12364082682000707,-0.2118498682223973,0.24076392006679334,-1,0.27249153250780894,1,0.1948279468444423,-1
2026-04-02 17:00:00+00:00,0.2383,-1.1404031015910522e-05,0.11713719890174934,-0.20288468722540126,0.23829728243490456,-1,0.26791441513734127,1,0.19454153676273847,-1
2026-04-02 18:00:00+00:00,0.2401,0.0004722126723685543,0.11578548766991954,-0.2139322752476883,0.24021340503617597,1,0.2695734758620314,1,0.1938574757489073,-1
2026-04-02 19:00:00+00:00,0.2397,0.00035167492281536016,0.1160929443049147,-0.20074625818060737,0.23978431130321545,1,0.2692071306572219,1,0.1961033631551012,-1
2026-04-02 20:00:00+00:00,0.2402,0.00043613040784850455,0.11713719890174934,-0.20074625818060737,0.24030478137147548,1,0.27005053510696336,1,0.1965124231533388,-1
2026-04-02 21:00:00+00:00,0.2398,0.0002875839468879571,0.1252548227932174,-0.19984441504688316,0.23986897254768716,1,0.27179825061102386,1,0.19636218321265433,-1
2026-04-02 22:00:00+00:00,0.2395,-4.929174293009477e-06,0.11578548766991954,-0.2014683203043669,0.23949881946566634,-1,0.2688998228611267,1,0.19579830955824504,-1
2026-04-02 23:00:00+00:00,0.2394,4.5660084667508817e-05,0.11629406390496157,-0.20086180054871855,0.23941093127382898,1,0.26892428108665345,1,0.19583529857474682,-1
2026-04-03 00:00:00+00:00,0.2396,0.00017831110406021916,0.013368214669601185,-0.24004779638814758,0.23964272714978224,1,0.24282452931394002,1,0.1884670272530792,-1
2026-04-03 01:00:00+00:00,0.2397,0.00011000329525136773,0.011016155990300666,-0.23911362043819112,0.23972636924019683,1,0.2423551706261561,1,0.18872190342116169,-1
2026-04-03 02:00:00+00:00,0.2402,-0.0003414215466181602,0.011016155990300666,-0.23717181018661887,0.2401180045428067,-1,0.24286070915478805,1,0.18948314944974964,-1
2026-04-03 03:00:00+00:00,0.2413,-0.0014559529921422906,0.017081111906135902,-0.2365428622458687,0.24094893417268268,-1,0.24545707496087862,1,0.19047064922470106,-1
2026-04-03 04:00:00+00:00,0.2428,-0.0005704917815278999,0.01211655808481281,-0.22550255485077525,0.24266152409888248,-1,0.24575979535839937,1,0.19378232719118665,-1
2026-04-03 05:00:00+00:00,0.2441,-0.0015380175325955267,0.01211655808481281,-0.23911362043819112,0.24372485848135958,-1,0.247075642697633,1,0.19218613527369866,-1
2026-04-03 06:00:00+00:00,0.2442,-0.0015270937841037032,0.012019810229278794,-0.23676860697033605,0.24382736829211957,-1,0.2471529490491871,1,0.19271626057442026,-1
2026-04-03 07:00:00+00:00,0.2435,-0.0007886652931512445,0.013368214669601185,-0.23707009748189448,0.24330803570885468,-1,0.24677701539208846,1,0.19210591201961605,-1
2026-04-03 08:00:00+00:00,0.2442,0.00020312846185481257,0.010497924740828524,-0.23676860697033605,0.24424960900871517,1,0.24677709663731093,1,0.19271626057442026,-1
2026-04-03 09:00:00+00:00,0.2449,-0.0011506007727434024,0.011016155990300666,-0.2365428622458687,0.24461837991796648,-1,0.24761277132392837,1,0.19331231659813217,-1
2026-04-03 10:00:00+00:00,0.245,-0.001028360032940071,0.017618212491366702,-0.23911362043819112,0.24474818129426798,-1,0.2493547105263052,1,0.19289472815262665,-1
2026-04-03 11:00:00+00:00,0.2456,0.0007177060295530218,0.010668098997448994,-0.2382064271202579,0.24577633187051248,1,0.24823411060821135,1,0.19354262436211778,-1
2026-04-03 12:00:00+00:00,0.2455,0.0006294308442986763,0.01211655808481281,-0.2382064271202579,0.2456545739139666,1,0.24849270906296148,1,0.19346382036197032,-1
2026-04-03 13:00:00+00:00,0.2459,-0.001459141411682485,0.012019810229278794,-0.2388668096929967,0.24554145877165828,-1,0.24887350602455002,1,0.19365111030870155,-1
2026-04-03 14:00:00+00:00,0.2477,-1.8534483296963924e-05,0.012019810229278794,-0.2365428622458687,0.2476954090510329,-1,0.25069527223375776,1,0.19552250233302304,-1
2026-04-03 15:00:00+00:00,0.2461,-0.0011370913121979962,0.021752744537130244,-0.2382064271202579,0.24582032086855826,-1,0.2515119999534492,1,0.193936644362855,-1
2026-04-03 16:00:00+00:00,0.2484,-0.0011694939867334627,0.010497924740828524,-0.2338386148349078,0.24810966749784416,-1,0.2510214201666996,1,0.1966060018003409,-1
2026-04-03 17:00:00+00:00,0.249,-0.001445029243650467,0.011016155990300666,-0.2382064271202579,0.24864044756278963,-1,0.25175818725871035,1,0.1962219603671308,-1
2026-04-03 18:00:00+00:00,0.2475,0.00015980483125280565,0.02037820580816541,-0.23911362043819112,0.24753955485617948,1,0.2525953466205339,1,0.1948630417052045,-1
2026-04-03 19:00:00+00:00,0.2476,0.00015980483125280565,0.012019810229278794,-0.23911362043819112,0.24763957083793953,1,0.2505940629999129,1,0.19494177424730758,-1
2026-04-03 20:00:00+00:00,0.2474,0.00035815376832090017,0.010668098997448994,-0.23911362043819112,0.24748862311168598,1,0.25005341597911845,1,0.19478430916310138,-1
2026-04-03 21:00:00+00:00,0.2483,0.0002403908527711919,0.013368214669601185,-0.2382064271202579,0.24835969622366866,1,0.2516416136421173,1,0.1956703323660987,-1
2026-04-03 22:00:00+00:00,0.2464,0.0002403908527711919,0.011016155990300666,-0.2304026788991097,0.24645923942614562,1,0.24912938690982422,1,0.1956942618388311,-1
2026-04-03 23:00:00+00:00,0.2463,0.0008446533831846887,0.012019810229278794,-0.2365428622458687,0.24650812601307512,1,0.2492783429599295,1,0.1944174094655776,-1
2026-04-04 00:00:00+00:00,0.2453,7.269994175425473e-05,0.05280843962494617,-0.2193488557949214,0.2453178339439678,1,0.25860204929717207,1,0.19698608573752283,-1
2026-04-04 01:00:00+00:00,0.245,-0.00035616537832118675,0.0488288673246548,-0.22821623751452896,0.24491275502005425,-1,0.2572599565793553,1,0.1950082709963617,-1
2026-04-04 02:00:00+00:00,0.2453,-0.0005454878810827001,0.05280843962494617,-0.2267998705934946,0.24516622831150492,-1,0.25860204929717207,1,0.1955237940413537,-1
2026-04-04 03:00:00+00:00,0.2468,-0.0007039956359323695,0.042031162941778846,-0.23420204506554868,0.24662631502095886,-1,0.2573943783967363,1,0.19526863911212408,-1
2026-04-04 04:00:00+00:00,0.2457,-0.0003877485500442579,0.05280843962494617,-0.2267998705934946,0.24560474864923412,-1,0.25902374036818254,1,0.19584262615556708,-1
2026-04-04 05:00:00+00:00,0.2444,0.0004470250644600743,0.05208494436417148,-0.2267998705934946,0.24450927734879124,1,0.25746690090360314,1,0.1948064217843736,-1
2026-04-04 06:00:00+00:00,0.2463,-0.000724756615744823,0.05280843962494617,-0.2267998705934946,0.2461215571171829,-1,0.25965627697469823,1,0.19632087432688713,-1
2026-04-04 07:00:00+00:00,0.2453,0.00010413374437264253,0.0488288673246548,-0.2238119721022746,0.2453255453375373,1,0.25757496877108516,1,0.19610887293346088,-1
2026-04-04 08:00:00+00:00,0.2439,0.0006672789432062152,0.0488288673246548,-0.23420204506554868,0.24406280364592953,1,0.256104911876346,1,0.1929741534823625,-1
2026-04-04 09:00:00+00:00,0.2437,6.368611506066385e-05,0.05280843962494617,-0.22706198716744366,0.24371552080046474,1,0.2569152850131302,1,0.19419755651455328,-1
2026-04-04 10:00:00+00:00,0.2448,0.0007760989544239092,0.05208494436417148,-0.22821623751452896,0.24499006276826077,1,0.2578882869934617,1,0.19484908057105854,-1
2026-04-04 11:00:00+00:00,0.245,0.00012452225990544025,0.053132432579850335,-0.22706198716744366,0.24503050985321534,1,0.25836947732508686,1,0.19523348931500023,-1
2026-04-04 12:00:00+00:00,0.2443,0.0004470250644600743,0.04905647094307985,-0.21499159220437555,0.24440923263629172,1,0.2565833207787816,1,0.19703973049814041,-1
2026-04-04 13:00:00+00:00,0.244,-1.1755543278889732e-05,0.05233889793861519,-0.22706198716744366,0.2439971316642994,-1,0.25711080073047127,1,0.19443661793004105,-1
2026-04-04 14:00:00+00:00,0.2451,-2.0769369972480614e-05,0.05208494436417148,-0.22608348390009234,0.2450949094802834,-1,0.2582043265608557,1,0.19550438456843897,-1
2026-04-04 15:00:00+00:00,0.2452,6.368611506066385e-05,0.040305127772655214,-0.23420204506554868,0.24521561633267935,1,0.2552846843964455,1,0.19400271600604874,-1
2026-04-04 16:00:00+00:00,0.2453,1.6881365389941546e-05,0.04063149854754208,-0.22884711010181927,0.24530414103388318,1,0.25547216227960606,1,0.19512391946455318,-1
2026-04-04 17:00:00+00:00,0.2475,-0.0005004693488808932,0.041163683662022985,-0.23420204506554868,0.24737616482659103,-1,0.25790060678357046,1,0.19582248047103204,-1
2026-04-04 18:00:00+00:00,0.2469,-0.0005320817927776148,0.05280843962494617,-0.23420204506554868,0.24676866394922245,-1,0.260288813581214,1,0.1953477593062538,-1
2026-04-04 19:00:00+00:00,0.2479,3.49776855870722e-05,0.040305127772655214,-0.22821623751452896,0.24790867111990403,1,0.2580957310843346,1,0.19731653216325742,-1
2026-04-04 20:00:00+00:00,0.2474,0.0007183361280876345,0.04800522362791712,-0.23860312053428476,0.2475777802034157,1,0.259566176000856,1,0.1948837719199154,-1
2026-04-04 21:00:00+00:00,0.2474,0.00033065012536801614,0.03994874632897186,-0.22821623751452896,0.2474818163665666,1,0.25748338822811906,1,0.19691855609999956,-1
2026-04-04 22:00:00+00:00,0.2481,-0.0007039956359323695,0.0488288673246548,-0.23461723844506735,0.24792540014870296,-1,0.2605150825605635,1,0.1962157172543315,-1
2026-04-04 23:00:00+00:00,0.2479,6.368611506066385e-05,0.05280843962494617,-0.22821623751452896,0.24791578829066563,1,0.26134304125874014,1,0.19731653216325742,-1
2026-04-05 00:00:00+00:00,0.2482,0.00010740045962370506,0.09950724542089105,-0.2646565264568521,0.2482266582256058,1,0.2741682908951225,1,0.1904859324272235,-1
2026-04-05 01:00:00+00:00,0.2471,0.00042662006729677016,0.09478660686884696,-0.2660728933778864,0.24720544030850555,1,0.2716677248893566,1,0.18937330384257872,-1
2026-04-05 02:00:00+00:00,0.2471,0.0008057887903122779,0.09833686812478802,-0.2715504381672524,0.24729919065210565,1,0.2726339304136738,1,0.1883388388395271,-1
2026-04-05 03:00:00+00:00,0.2467,0.0004927018719299059,0.09478660686884696,-0.2722416125687682,0.24682157950056935,1,0.2712279552011504,1,0.18790404074785153,-1
2026-04-05 04:00:00+00:00,0.2459,0.0009098242739320969,0.09327821331158795,-0.2729606620489689,0.24612382759540966,1,0.2699409314167815,1,0.18716007882716001,-1
2026-04-05 05:00:00+00:00,0.244,2.4252062728977663e-05,0.09856237805897254,-0.27684726701543005,0.24400591757506226,1,0.2692743109572149,1,0.18499354975434806,-1
2026-04-05 06:00:00+00:00,0.243,0.0004082463868967614,0.09431706518251597,-0.2722416125687682,0.24309922412458299,1,0.26703467223383975,1,0.18508586097173862,-1
2026-04-05 07:00:00+00:00,0.2421,0.0006528647918274518,0.09327821331158795,-0.2729606620489689,0.24225811017276797,1,0.26576941641318746,1,0.1842678124605752,-1
2026-04-05 08:00:00+00:00,0.2423,0.0006935372450360821,0.09856237805897254,-0.27609123405025887,0.24246810236035812,1,0.26739821944644737,1,0.18384359956209823,-1
2026-04-05 09:00:00+00:00,0.2424,0.0004927018719299059,0.09856237805897254,-0.2729606620489689,0.24251946036051078,1,0.2675085777706102,1,0.18449614927898977,-1
2026-04-05 10:00:00+00:00,0.2406,0.0008057887903122779,0.09478660686884696,-0.2722416125687682,0.24079395091419112,1,0.26452146745600646,1,0.18325785246831405,-1
2026-04-05 11:00:00+00:00,0.2426,0.00042175879911848134,0.09478660686884696,-0.2660728933778864,0.24270234026460266,1,0.26672031589703726,1,0.18592457916717767,-1
2026-04-05 12:00:00+00:00,0.2413,-0.00048213335417449755,0.09493692467439047,-0.2646565264568521,0.24118368926253372,-1,0.26533094537833435,1,0.18519039280696628,-1
2026-04-05 13:00:00+00:00,0.2419,0.0008298741451482343,0.0938147823726198,-0.2660728933778864,0.2421008298759464,1,0.2656923870661732,1,0.18538811088433751,-1
2026-04-05 14:00:00+00:00,0.2421,0.0003763269328378477,0.09360458408647482,-0.2646565264568521,0.24219112589592906,1,0.2658561699397012,1,0.18580436841511205,-1
2026-04-05 15:00:00+00:00,0.2436,-0.0007353182560269208,0.09478660686884696,-0.2729606620489689,0.24342094231309283,-1,0.26781974011755266,1,0.18540949655264816,-1
2026-04-05 16:00:00+00:00,0.2431,0.0003830492414524572,0.09478660686884696,-0.2729606620489689,0.24319313710750748,1,0.267270028007295,1,0.18502893518862382,-1
2026-04-05 17:00:00+00:00,0.244,0.0007395213352673046,0.09950724542089105,-0.276710726744734,0.24418050994305565,1,0.2695288597035048,1,0.1850188105482271,-1
2026-04-05 18:00:00+00:00,0.2437,-1.183641268538371e-05,0.09478660686884696,-0.2722416125687682,0.24369711548329975,-1,0.2679296825396042,1,0.18561903011857078,-1
2026-04-05 19:00:00+00:00,0.2437,0.0007213333052791332,0.09360458408647482,-0.2729606620489689,0.24387585234294742,1,0.26761317064975293,1,0.185485608825453,-1
2026-04-05 20:00:00+00:00,0.2439,-0.00011412856111189019,0.09856237805897254,-0.2759480754169144,0.2438721656323232,-1,0.2691639526330521,1,0.185084083977059,-1
2026-04-05 21:00:00+00:00,0.2448,0.0010899539572845546,0.11011592186393238,-0.2759480754169144,0.2450669661927427,1,0.2732965508577214,1,0.18576705107660535,-1
2026-04-05 22:00:00+00:00,0.2464,0.0003956581396891093,0.09360458408647482,-0.2660728933778864,0.24649750945455204,1,0.27057810934796517,1,0.18883683555973857,-1
2026-04-05 23:00:00+00:00,0.2508,0.0008057887903122779,0.09413676920095572,-0.2759480754169144,0.25100217327214935,1,0.27555646933702005,1,0.190320165073581,-1
2026-04-06 00:00:00+00:00,0.2542,-0.000259782819353805,0.011016155990300666,-0.25313518934823886,0.2541339717841896,-1,0.2570157879564826,1,0.19735145394166714,-1
2026-04-06 01:00:00+00:00,0.2546,-0.00012581109831247698,0.010497924740828524,-0.2576156527635566,0.25456797050924457,-1,0.2572868501386542,1,0.19677836278188765,-1
2026-04-06 02:00:00+00:00,0.2571,6.242445096966661e-05,0.012019810229278794,-0.211404196072436,0.2571160498272899,1,0.2602089402151761,1,0.2081087788420079,-1
2026-04-06 03:00:00+00:00,0.2569,-0.00015031570601355452,0.02211998728582784,-0.33626267927757525,0.25686138679728326,-1,0.262645940513417,1,0.18353845780197423,-1
2026-04-06 04:00:00+00:00,0.2571,-0.00018838929626752957,0.01852343814753649,-0.33626267927757525,0.2570515696739504,-1,0.2619067573443789,1,0.18368134488473167,-1
2026-04-06 05:00:00+00:00,0.257,-0.0025807126675946083,0.02211998728582784,-0.20527614650434556,0.2563376119287011,-1,0.2627481771582257,1,0.2093065530635002,-1
2026-04-06 06:00:00+00:00,0.2563,6.242445096966661e-05,0.02211998728582784,-0.2060957458143678,0.2563159998861704,1,0.2620325206445651,1,0.2085654472267014,-1
2026-04-06 07:00:00+00:00,0.2552,-0.0006452387976817872,0.02211998728582784,-0.25313518934823886,0.25503538817151183,-1,0.26090791755167,1,0.19812781686039913,-1
2026-04-06 08:00:00+00:00,0.255,7.415268194163332e-05,0.02211998728582784,-0.23420928536006005,0.2550189096349865,1,0.2607034442620527,1,0.20175503425960492,-1
2026-04-06 09:00:00+00:00,0.2574,-0.0025807126675946083,0.019771260978877908,-0.2529581284306203,0.25673658097450447,-1,0.2625397649652771,1,0.1998712015271044,-1
2026-04-06 10:00:00+00:00,0.2568,1.6939026007097485e-05,0.02037820580816541,-0.2534070572154903,0.2568043499787207,1,0.2620868081299115,1,0.1993158026016114,-1
2026-04-06 11:00:00+00:00,0.2556,1.6939026007097485e-05,0.02211998728582784,-0.2338386148349078,0.25560432965171737,1,0.26131686413090455,1,0.20230472649020584,-1
2026-04-06 12:00:00+00:00,0.2549,0.00019832321905480753,0.01852343814753649,-0.2343863462776786,0.2549505576017445,1,0.2596656260096546,1,0.20164020887695994,-1
2026-04-06 13:00:00+00:00,0.2551,-0.0001197604781531881,0.012019810229278794,-0.2388668096929967,0.25506945093134514,-1,0.2581847555382786,1,0.20089629215026336,-1
2026-04-06 14:00:00+00:00,0.2549,-0.0018726853184903292,0.02211998728582784,-0.2343863462776786,0.25442309919425776,-1,0.26060120761724404,1,0.20164020887695994,-1
2026-04-06 15:00:00+00:00,0.2543,0.0004834312015666542,0.02211998728582784,-0.2343863462776786,0.25442296627503064,1,0.2599877877483922,1,0.20116557519580586,-1
2026-04-06 16:00:00+00:00,0.2528,0.0001417075661027662,0.010497924740828524,-0.2382064271202579,0.2528358262110734,1,0.2554678543403448,1,0.1992165123727336,-1
2026-04-06 17:00:00+00:00,0.2522,-3.644833109105087e-05,0.012019810229278794,-0.2343863462776786,0.2521908078984182,-1,0.25524968775677714,1,0.19950435731176652,-1
2026-04-06 18:00:00+00:00,0.2531,5.9579347285112695e-05,0.02037820580816541,-0.2338386148349078,0.25311507998202115,1,0.2583106352713419,1,0.20032600263955827,-1
2026-04-06 19:00:00+00:00,0.2521,-8.023136291556507e-05,0.02037820580816541,-0.2338386148349078,0.25207977448478014,-1,0.25729004801226907,1,0.19953451309929926,-1
2026-04-06 20:00:00+00:00,0.2524,-0.00011344433182128876,0.02211998728582784,-0.23420928536006005,0.2523713682747325,-1,0.2580452914970279,1,0.19969792410636975,-1
2026-04-06 21:00:00+00:00,0.2508,7.415268194163332e-05,0.02211998728582784,-0.23465821414493004,0.250818598182175,1,0.2564095051800895,1,0.19834294831742372,-1
2026-04-06 22:00:00+00:00,0.2474,9.720467186393675e-05,0.019771260978877908,-0.23465821414493004,0.24742404960466718,1,0.252340084896696,1,0.19565408857149372,-1
2026-04-06 23:00:00+00:00,0.2461,9.720467186393675e-05,0.02211998728582784,-0.23465821414493004,0.24612392323245186,1,0.25160438287408304,1,0.19462599513922638,-1
2026-04-07 00:00:00+00:00,0.2458,0.0014534831090401827,0.11773002432308144,-0.23807544843257,0.2461575259141979,1,0.27651034142959724,1,0.19372560462622895,-1
2026-04-07 01:00:00+00:00,0.2443,0.0014534831090401827,0.11773002432308144,-0.23807544843257,0.24465534410430656,1,0.2748229308838511,1,0.19254338978920965,-1
2026-04-07 02:00:00+00:00,0.2447,0.0008854975092062876,0.11773002432308144,-0.23807544843257,0.24491677720417523,1,0.27527290702938345,1,0.19285864707908149,-1
2026-04-07 03:00:00+00:00,0.2452,0.0006742220106940414,0.11773002432308144,-0.23725584912254774,0.2453653749804835,1,0.2758353772112988,1,0.19341117341214048,-1
2026-04-07 04:00:00+00:00,0.2455,0.00016968372607875195,0.11773002432308144,-0.23725584912254774,0.24554166088923982,1,0.27617285932044805,1,0.19364781024747343,-1
2026-04-07 05:00:00+00:00,0.2439,0.0008140280514095876,0.11773002432308144,-0.23739238939324378,0.24409862227282172,1,0.27437295473831885,1,0.1923594805169728,-1
2026-04-07 06:00:00+00:00,0.2437,0.0011241137441917344,0.11773002432308144,-0.23725584912254774,0.24397410055069418,1,0.2741479666655527,1,0.19222798923547565,-1
2026-04-07 07:00:00+00:00,0.2434,0.0008984835364427318,0.11773002432308144,-0.23725584912254774,0.24361878916728402,1,0.2738104845564035,1,0.1919913524001427,-1
2026-04-07 08:00:00+00:00,0.2443,0.0001688498477663865,0.11773002432308144,-0.23603700546368014,0.24434125350053496,1,0.2748229308838511,1,0.19293627881321998,-1
2026-04-07 09:00:00+00:00,0.2447,0.0008004537573737421,0.11773002432308144,-0.23807544843257,0.2448959494482029,1,0.27527290702938345,1,0.19285864707908149,-1
2026-04-07 10:00:00+00:00,0.2422,0.0009069510282310579,0.1219230062240865,-0.23304959209573464,0.24241976318119512,1,0.27360537672913576,1,0.19185008102408435,-1
2026-04-07 11:00:00+00:00,0.2423,0.0004733915865688389,0.11773002432308144,-0.23304959209573464,0.24241472993537613,1,0.27257305015618966,1,0.1919292924530786,-1
2026-04-07 12:00:00+00:00,0.2425,0.000253305332799531,0.11773002432308144,-0.23603700546368014,0.2425614343236963,1,0.2727980382289558,1,0.19151472620632767,-1
2026-04-07 13:00:00+00:00,0.2421,0.0009028534440432691,0.11773002432308144,-0.2361801640970247,0.24231867952172795,1,0.2723480620834235,1,0.19117145582360298,-1
2026-04-07 14:00:00+00:00,0.2414,0.0009221277166247577,0.11596539240773795,-0.2329913139245077,0.24162270429591431,1,0.2710818218814691,1,0.19122753365834913,-1
2026-04-07 15:00:00+00:00,0.2423,0.00020642757626148663,0.1219230062240865,-0.22160205873722824,0.2423500225645689,1,0.2737183434412452,1,0.19413903334074606,-1
2026-04-07 16:00:00+00:00,0.2421,0.00019748675643521777,0.11612799874532392,-0.22558913945245362,0.2421478162651171,1,0.2719121028240956,1,0.19320691720800562,-1
2026-04-07 17:00:00+00:00,0.2436,0.000930693276124372,0.11773002432308144,-0.2329913139245077,0.24382682241674036,1,0.27403547262916966,1,0.192970286657721,-1
2026-04-07 18:00:00+00:00,0.243,0.0008984835364427318,0.11773002432308144,-0.22682259473362587,0.24321842961236653,1,0.2733605084108712,1,0.19368610798435862,-1
2026-04-07 19:00:00+00:00,0.2466,0.0009221277166247577,0.11773002432308144,-0.2255029939746527,0.24682750157155126,1,0.2774102937206619,1,0.1968150778462135,-1
2026-04-07 20:00:00+00:00,0.246,0.0002541392111118964,0.11773002432308144,-0.2329913139245077,0.2460625261907754,1,0.2767353295023634,1,0.19487147174794484,-1
2026-04-07 21:00:00+00:00,0.2535,0.000907047864373094,0.11773002432308144,-0.23807544843257,0.2537300409469215,1,0.28517238223109403,1,0.19979430745626137,-1
2026-04-07 22:00:00+00:00,0.2627,0.0012624594002915586,0.11773002432308144,-0.19268917785300263,0.26303185751870234,1,0.29552183357833683,1,0.21665874647842928,-1
2026-04-07 23:00:00+00:00,0.2627,0.0008343849305915876,0.11773002432308144,-0.23911335249348045,0.2629192843923405,1,0.29552183357833683,1,0.20683044352399355,-1
2026-04-08 00:00:00+00:00,0.2603,0.00014490871656057332,0.02211998728582784,-0.2525874579054681,0.2603377224720122,1,0.26612198643691104,1,0.2021979876162693,-1
2026-04-08 01:00:00+00:00,0.2619,0.00020631221167141428,0.02037820580816541,-0.2576156527635566,0.2619540387424713,1,0.26729180315118317,1,0.20242047609024502,-1
2026-04-08 02:00:00+00:00,0.2612,0.0002172359601632378,0.02211998728582784,-0.25069254753127745,0.2612567481964459,1,0.26704211624018886,1,0.20328193337662978,-1
2026-04-08 03:00:00+00:00,0.2607,0.0002218133841151885,0.02211998728582784,-0.2525874579054681,0.2607578331630865,1,0.2665309330161456,1,0.20250870292570655,-1
2026-04-08 04:00:00+00:00,0.2623,-0.00036308667561277985,0.012019810229278794,-0.3195883781265125,0.26220477965265254,-1,0.26547182037510964,1,0.19054730972480077,-1
2026-04-08 05:00:00+00:00,0.2624,-0.0004812334805860662,0.02211998728582784,-0.25151214684129963,0.26227375471385983,-1,0.2682689559778927,1,0.2040485407165082,-1
2026-04-08 06:00:00+00:00,0.2616,-0.0002828481430305872,0.02211998728582784,-0.25151214684129963,0.2615260173891985,-1,0.2674510628194235,1,0.20342644150700662,-1
2026-04-08 07:00:00+00:00,0.2612,-0.0006072612068534776,0.021752744537130244,-0.2525874579054681,0.2610414315238848,-1,0.26694406496481476,1,0.20289709706250306,-1
2026-04-08 08:00:00+00:00,0.2607,0.00039350551538010653,0.02211998728582784,-0.2525874579054681,0.2608026070747605,1,0.2665309330161456,1,0.20250870292570655,-1
2026-04-08 09:00:00+00:00,0.2591,0.00012185672663826988,0.02211998728582784,-0.23465821414493004,0.2591315750016461,1,0.2648951466992073,1,0.20490692946189984,-1
2026-04-08 10:00:00+00:00,0.2589,0.0001403176054113853,0.02211998728582784,-0.2338386148349078,0.25893633077690525,1,0.26469067340958996,1,0.20491664197306061,-1
2026-04-08 11:00:00+00:00,0.2577,-7.489959540725295e-05,0.02211998728582784,-0.23465821414493004,0.25768069909708746,-1,0.2634638336718862,1,0.20379975191945807,-1
2026-04-08 12:00:00+00:00,0.2577,0.0005430489003019776,0.02211998728582784,-0.2338386148349078,0.25783998170662364,1,0.2634638336718862,1,0.20396685452474977,-1
2026-04-08 13:00:00+00:00,0.2577,1.1595450108022648e-05,0.02211998728582784,-0.2338386148349078,0.25770298816481735,1,0.2634638336718862,1,0.20396685452474977,-1
2026-04-08 14:00:00+00:00,0.2525,0.0001403176054113853,0.02211998728582784,-0.2388668096929967,0.25253543268122275,1,0.2581475281418365,1,0.19884874076025677,-1
2026-04-08 15:00:00+00:00,0.2542,0.00022950218357879762,0.02211998728582784,-0.2343863462776786,0.254258346150094,1,0.25988555110358347,1,0.20108646958228016,-1
2026-04-08 16:00:00+00:00,0.2544,-0.0007928707378417463,0.02211998728582784,-0.2382064271202579,0.25419837362668135,-1,0.26009002439320084,1,0.2004773763750927,-1
2026-04-08 17:00:00+00:00,0.2557,0.0007431593757588171,0.02211998728582784,-0.2388668096929967,0.25589009647962313,1,0.26141910077571323,1,0.20136880400949564,-1
2026-04-08 18:00:00+00:00,0.2529,0.0004079432013814224,0.02211998728582784,-0.2338386148349078,0.2530031898820037,1,0.2585564747210711,1,0.2001677047315065,-1
2026-04-08 19:00:00+00:00,0.253,0.00022950218357879762,0.02211998728582784,-0.23465821414493004,0.2530580707158686,1,0.25865871136587976,1,0.20008279874126075,-1
2026-04-08 20:00:00+00:00,0.2525,2.1242306141273997e-05,0.02211998728582784,-0.2338386148349078,0.2525053637392696,1,0.2581475281418365,1,0.1998511089154029,-1
2026-04-08 21:00:00+00:00,0.2543,0.0007923317999914616,0.02211998728582784,-0.2388668096929967,0.2545015698212822,1,0.2599877877483922,1,0.20026627633795366,-1
2026-04-08 22:00:00+00:00,0.2519,3.3560130083713573e-05,0.02211998728582784,-0.23465821414493004,0.25190845393862493,1,0.2575341082729846,1,0.19921287352934222,-1
2026-04-08 23:00:00+00:00,0.2508,0.0004079432013814224,0.02211998728582784,-0.23465821414493004,0.25090233302651854,1,0.2564095051800895,1,0.19834294831742372,-1
2026-04-09 00:00:00+00:00,0.2499,-1.1755543278889732e-05,0.08812254116811594,-0.2077297104800669,0.24989706230700173,-1,0.2729212737374787,1,0.2030254066985373,-1
2026-04-09 01:00:00+00:00,0.2495,1.9678259339498044e-05,0.08812254116811594,-0.2077297104800669,0.24950490977401296,1,0.2724844249599877,1,0.20270043605956403,-1
2026-04-09 02:00:00+00:00,0.2496,0.00010413374437264253,0.08812254116811594,-0.21824239338406543,0.24962599313595318,1,0.27259363715436047,1,0.20066106542992165,-1
2026-04-09 03:00:00+00:00,0.2491,-1.1755543278889732e-05,0.08812254116811594,-0.20631334355903252,0.24909707171138107,-1,0.27204757618249675,1,0.20266230642354302,-1
2026-04-09 04:00:00+00:00,0.2487,1.9678259339498044e-05,0.08126408957914834,-0.19710722198413472,0.24870489403125062,1,0.2697542718623336,1,0.20420821372111891,-1
2026-04-09 05:00:00+00:00,0.2495,0.00010413374437264253,0.07985738233295721,-0.20057115606748255,0.24952598272203655,1,0.270241579412848,1,0.20415668425776426,-1
2026-04-09 06:00:00+00:00,0.2503,1.9678259339498044e-05,0.08716963008532119,-0.2137155180310866,0.25030492551677536,1,0.27309776060103147,1,0.20213679686645064,-1
2026-04-09 07:00:00+00:00,0.2506,-0.0003964572594841542,0.08812254116811594,-0.21403613635725233,0.2505006675026192,-1,0.27368575909808784,1,0.2023141942565869,-1
2026-04-09 08:00:00+00:00,0.2504,0.00010413374437264253,0.08812254116811594,-0.2137155180310866,0.25042607644728637,1,0.27346733470934237,1,0.20221755467582597,-1
2026-04-09 09:00:00+00:00,0.2517,0.0008445674678755907,0.08040553368978057,-0.20002710523368267,0.2519126674250174,1,0.27277395153398926,1,0.20606894492712158,-1
2026-04-09 10:00:00+00:00,0.2509,-1.1755543278889732e-05,0.08812254116811594,-0.21403613635725233,0.25089705055152756,-1,0.2740133956812061,1,0.20255639001986295,-1
2026-04-09 11:00:00+00:00,0.2507,-2.0769369972480614e-05,0.08040553368978057,-0.19988835168731797,0.25069479317301935,-1,0.27169022506782325,1,0.2052787175397054,-1
2026-04-09 12:00:00+00:00,0.251,0.0005135685530405924,0.08812254116811594,-0.204820353356657,0.2511289388134391,1,0.27412260787557885,1,0.20451321323162008,-1
2026-04-09 13:00:00+00:00,0.2505,-2.0769369972480614e-05,0.08126408957914834,-0.2032024473916822,0.2504947973268502,-1,0.27170665501212127,1,0.20443630769017,-1
2026-04-09 14:00:00+00:00,0.2504,-0.00040647794564056556,0.08021932650271767,-0.2032024473916822,0.250298238605694,-1,0.2713145816989531,1,0.2043546963896949,-1
2026-04-09 15:00:00+00:00,0.2546,-0.00039567809227230037,0.08040553368978057,-0.13862535760911238,0.2544992802853138,-1,0.27591675828587076,1,0.2216430773852785,-1
2026-04-09 16:00:00+00:00,0.255,0.0005828234581730708,0.08040553368978057,-0.12986400162406028,0.2551486632998552,1,0.27635024887233717,1,0.2239447889414413,-1
2026-04-09 17:00:00+00:00,0.2563,0.0006933962132884747,0.08021932650271767,-0.28953225712806074,0.25647777907801256,1,0.2777073773540003,1,0.19186967705849414,-1
2026-04-09 18:00:00+00:00,0.2544,0.0009773646359883621,0.08126408957914834,-0.26580800038386015,0.2546487631097261,1,0.27593681850332796,1,0.19501955412143435,-1
2026-04-09 19:00:00+00:00,0.2557,0.0007593094004070464,0.08261273834988361,-0.3202221353897205,0.2558942291443597,1,0.277721168859829,1,0.185635068081209,-1
2026-04-09 20:00:00+00:00,0.2566,-0.00041757764966311094,0.08094210275081246,-0.3015236783655991,0.25649287194379405,-1,0.27823346264057086,1,0.18980453392824495,-1
2026-04-09 21:00:00+00:00,0.2563,0.000717092500238117,0.08691567685271012,-0.3637591112959368,0.25648385672107027,1,0.27957324352203694,1,0.17814352080628745,-1
2026-04-09 22:00:00+00:00,0.256,0.000402305897068738,0.0800491522460972,-0.2780715752494615,0.2561030110292325,1,0.2773351206338827,1,0.1938541106547699,-1
2026-04-09 23:00:00+00:00,0.2541,-0.0005325893341712408,0.08261273834988361,-0.2760651630033199,0.2539647050817003,-1,0.27598337507736626,1,0.19280180175263573,-1
2026-04-10 00:00:00+00:00,0.2532,0.0005110611369829778,0.1203292181764704,-0.23624292710241054,0.253329433751347,1,0.2855762042227612,1,0.19992389380797046,-1
2026-04-10 01:00:00+00:00,0.2529,0.00027444557723016347,0.10349150962412597,-0.2144780327967904,0.2529694168116143,1,0.2804752997911978,1,0.20408082592273186,-1
2026-04-10 02:00:00+00:00,0.2522,-5.228406059650245e-05,0.11937630709367565,-0.2127657242031219,0.25218681430462137,-1,0.28417741124980245,1,0.20386473278459055,-1
2026-04-10 03:00:00+00:00,0.2517,0.00033761279886853496,0.11878011062106791,-0.21936038914012557,0.2517849914877749,1,0.283444975040681,1,0.20212322031820543,-1
2026-04-10 04:00:00+00:00,0.2528,-0.0003817260478124849,0.11937630709367565,-0.23624292710241054,0.2527035180711173,-1,0.2848534875652263,1,0.19960805827272884,-1
2026-04-10 05:00:00+00:00,0.2525,0.0007139220999619305,0.11000165278705544,-0.21845057552572983,0.25268032969325777,1,0.28186067864616116,1,0.20295020901928235,-1
2026-04-10 06:00:00+00:00,0.2512,0.0004952058508939145,0.10435006551349374,-0.2127657242031219,0.251324426515571,1,0.27882922568817115,1,0.2030563872937714,-1
2026-04-10 07:00:00+00:00,0.2507,3.0373498756350624e-05,0.10972054173342907,-0.2127657242031219,0.25070761475178094,1,0.2797727165399291,1,0.20265221454836183,-1
2026-04-10 08:00:00+00:00,0.2502,0.0006325505368359412,0.10499990318138498,-0.2127657242031219,0.25035831420990684,1,0.2778997678051255,1,0.20224804180295225,-1
2026-04-10 09:00:00+00:00,0.2512,-0.0014018933319132514,0.11457068185027314,-0.2282130645786995,0.2508480911220121,-1,0.28169364535968816,1,0.1999438085886271,-1
2026-04-10 10:00:00+00:00,0.2502,0.0005679797350588499,0.10435006551349374,-0.21845057552572983,0.25034214889473605,1,0.27771923673240617,1,0.20110155364999777,-1
2026-04-10 11:00:00+00:00,0.2513,-0.0008648245894043949,0.10499990318138498,-0.2127657242031219,0.25108276352994285,-1,0.2791215493582256,1,0.20313722184285335,-1
2026-04-10 12:00:00+00:00,0.2525,-0.00045482550727106913,0.10435006551349374,-0.22774455836442672,0.252385182672318,-1,0.2802722113306657,1,0.20107273139634665,-1
2026-04-10 13:00:00+00:00,0.2523,-0.00045733292332868366,0.10330530243706307,-0.2343392233014304,0.2521846412841242,-1,0.2797577802052351,1,0.19959286811367372,-1
2026-04-10 14:00:00+00:00,0.2553,-0.0009264798836680168,0.10349150962412597,-0.16508518900853242,0.2550635792221582,-1,0.28313698709645235,1,0.216448822807607,-1
2026-04-10 15:00:00+00:00,0.254,4.468078537502182e-05,0.10294335826730261,-0.2127657242031219,0.25401134917302837,1,0.28154087049093574,1,0.20531975466806504,-1
2026-04-10 16:00:00+00:00,0.2551,-6.796009141674236e-05,0.10569871428422901,-0.22335859685301485,0.25508266396976537,-1,0.283540321177993,1,0.20403611822489975,-1
2026-04-10 17:00:00+00:00,0.2547,0.00027444557723016347,0.10569871428422901,-0.22774455836442672,0.2547699108814478,1,0.28309572639762765,1,0.20282465222435442,-1
2026-04-10 18:00:00+00:00,0.256,-0.00013309632665474175,0.10569871428422901,-0.3789540183631032,0.2559659296077487,-1,0.284540659433815,1,0.17525173501894692,-1
2026-04-10 19:00:00+00:00,0.2581,0.00047255919425355947,0.10569871428422901,-0.31912297319792604,0.2582219963510152,1,0.286874782030733,1,0.18758351011343377,-1
2026-04-10 20:00:00+00:00,0.2573,6.0862860415638715e-05,0.11000165278705544,-0.32714767217764457,0.2573156604905512,1,0.2872188222402267,1,0.1855074507687349,-1
2026-04-10 21:00:00+00:00,0.2558,0.0008379091207859376,0.11937630709367565,-0.23750232820779393,0.25601442697571075,1,0.2882338691423453,1,0.2017226150602481,-1
2026-04-10 22:00:00+00:00,0.2545,0.00027444557723016347,0.10972054173342907,-0.2237846552705721,0.25456985598479964,1,0.2840133879513839,1,0.20346951306679853,-1
2026-04-10 23:00:00+00:00,0.2542,0.000526618910035218,0.1031351281804426,-0.22214151884330882,0.2543339017814415,1,0.2818165949780021,1,0.20356387545113466,-1
2026-04-11 00:00:00+00:00,0.2535,0.0007220954646927648,0.08568969843716524,-0.20111400617228914,0.25368311730643106,1,0.27618019178255127,1,0.20731716461517175,-1
2026-04-11 01:00:00+00:00,0.2534,0.0004752760013553661,0.08812254116811594,-0.2077297104800669,0.2535204635631962,1,0.2767437005405246,1,0.20586889978955322,-1
2026-04-11 02:00:00+00:00,0.2532,0.0006466356441212456,0.08812254116811594,-0.20631334355903252,0.2533637810927307,1,0.2765252761517791,1,0.20599797666174666,-1
2026-04-11 03:00:00+00:00,0.2532,0.0006325505368359412,0.08540499816997771,-0.20570682380338415,0.2533602124618242,1,0.27577482697455946,1,0.20612295640172493,-1
2026-04-11 04:00:00+00:00,0.2528,-0.00047724405585310294,0.08812254116811594,-0.20631334355903252,0.25267938148720387,-1,0.2760884273742882,1,0.2056725454189951,-1
2026-04-11 05:00:00+00:00,0.2506,1.6495393616402083e-05,0.08540499816997771,-0.2077297104800669,0.25060413377973434,1,0.2729430159550735,1,0.20359410531674046,-1
2026-04-11 06:00:00+00:00,0.2506,0.000721899019547014,0.08040553368978057,-0.20057115606748255,0.2507809732086301,1,0.27158185242120664,1,0.20505677384767823,-1
2026-04-11 07:00:00+00:00,0.2506,1.6495393616402083e-05,0.08206424505258313,-0.20057115606748255,0.25060413377973434,1,0.2720327021371526,1,0.20505677384767823,-1
2026-04-11 08:00:00+00:00,0.2502,0.0007162351615349221,0.08540499816997771,-0.20111400617228914,0.25037926622814044,1,0.2725073527213064,1,0.20461836128882038,-1
2026-04-11 09:00:00+00:00,0.2504,-0.0005913644978925827,0.08568969843716524,-0.2077297104800669,0.2502519661050368,-1,0.27280284032485536,1,0.20343161999725387,-1
2026-04-11 10:00:00+00:00,0.2497,1.6495393616402083e-05,0.08540499816997771,-0.2137155180310866,0.24970411893375766,1,0.2719627736790976,1,0.20165225001019865,-1
2026-04-11 11:00:00+00:00,0.2497,1.6495393616402083e-05,0.08021932650271767,-0.204820353356657,0.24970411893375766,1,0.2705561144178458,1,0.20345398144994237,-1
2026-04-11 12:00:00+00:00,0.2501,-3.9323182747911126e-05,0.08569327508895665,-0.20559695686563026,0.2500901654653586,-1,0.2724769744147232,1,0.20362170417191686,-1
2026-04-11 13:00:00+00:00,0.2488,4.792919623478984e-05,0.08568969843716524,-0.20111400617228914,0.24881192506980043,1,0.2710596911853994,1,0.20347341442309558,-1
2026-04-11 14:00:00+00:00,0.2474,-7.061274580510967e-05,0.0800491522460972,-0.20057115606748255,0.24738253102346128,-1,0.2680183939250882,1,0.2024383314042921,-1
2026-04-11 15:00:00+00:00,0.2482,2.6491359957523614e-05,0.08126408957914834,-0.19988835168731797,0.24820657524263465,1,0.2692119432096148,1,0.20323166211948498,-1
2026-04-11 16:00:00+00:00,0.2502,-0.00045482550727106913,0.08126408957914834,-0.19454507890459494,0.2500862285331246,-1,0.27138125782048994,1,0.20596690882787272,-1
2026-04-11 17:00:00+00:00,0.2491,0.00042405787734683465,0.08126408957914834,-0.19710722198413472,0.24920565521762747,1,0.2701881347845086,1,0.20453665475645644,-1
2026-04-11 18:00:00+00:00,0.2525,-3.6526288798354604e-05,0.08040553368978057,-0.20111400617228914,0.2524907772805153,-1,0.27364093270692214,1,0.2064993454253683,-1
2026-04-11 19:00:00+00:00,0.2544,-3.6526288798354604e-05,0.08126408957914834,-0.20174585505825068,0.25439070788183404,-1,0.27593681850332796,1,0.20792178522427027,-1
2026-04-11 20:00:00+00:00,0.2522,0.0006802621716863511,0.08094089612261673,-0.2032024473916822,0.25237162048654355,1,0.2734621769615131,1,0.205823699798247,-1
2026-04-11 21:00:00+00:00,0.2521,-0.0003981855083299149,0.08568969843716524,-0.20057115606748255,0.2519996374161393,-1,0.2746549362855273,1,0.2062841687430155,-1
2026-04-11 22:00:00+00:00,0.2509,-7.061274580510967e-05,0.08716963008532119,-0.20157033829148793,0.25088228388757655,-1,0.27375240964761804,1,0.20509722091435212,-1
2026-04-11 23:00:00+00:00,0.2495,-3.6526288798354604e-05,0.0800491522460972,-0.20002710523368267,0.24949088685738047,-1,0.270293408586538,1,0.20426778609184282,-1
2026-04-12 00:00:00+00:00,0.25,6.535506680932958e-05,0.09001122135449495,-0.24041554904886053,0.25001633930062456,1,0.27354664047290395,1,0.1965752616288802,-1
2026-04-12 01:00:00+00:00,0.2441,-1.9100418223814836e-05,0.09574990328457542,-0.2410220688045089,0.24409533763243832,-1,0.2686280961145964,1,0.19181970772305293,-1
2026-04-12 02:00:00+00:00,0.2445,-5.0534220842202606e-05,0.09670281436737016,-0.24406118653027212,0.24448764469518958,-1,0.2693248099918291,1,0.1915510058772793,-1
2026-04-12 03:00:00+00:00,0.2438,-1.9100418223814836e-05,0.09670281436737016,-0.24243843572554327,0.24379534336250902,-1,0.2685537369161879,1,0.191312799330832,-1
2026-04-12 04:00:00+00:00,0.2435,-1.9100418223814836e-05,0.09515370681196768,-0.2410220688045089,0.24349534909257978,-1,0.26780809198781863,1,0.19134821315265624,-1
2026-04-12 05:00:00+00:00,0.2432,-1.9100418223814836e-05,0.08915266546512718,-0.23216939336593498,0.24319535482265053,-1,0.2658778028787917,1,0.19281183337629934,-1
2026-04-12 06:00:00+00:00,0.242,0.0004082463868967614,0.09670281436737016,-0.2524567763979163,0.24209881579485218,1,0.26657097757882475,1,0.18800732968549835,-1
2026-04-12 07:00:00+00:00,0.2415,-1.9100418223814836e-05,0.10023183769127433,-0.24860715491642515,0.2414953872930514,-1,0.26696066108475397,1,0.18834253848138455,-1
2026-04-12 08:00:00+00:00,0.2408,-1.9100418223814836e-05,0.08691799408397227,-0.2365936594963815,0.24079540066321647,-1,0.2626663793958733,1,0.1900663181090144,-1
2026-04-12 09:00:00+00:00,0.24,-5.0534220842202606e-05,0.09066105902238616,-0.23216939336593498,0.2399878720934376,-1,0.26277548078802176,1,0.19027483556871644,-1
2026-04-12 10:00:00+00:00,0.2398,-5.0534220842202606e-05,0.09001122135449495,-0.24243843572554327,0.23978788220002645,-1,0.2623859375416095,1,0.18817395110555177,-1
2026-04-12 11:00:00+00:00,0.2406,-1.9100418223814836e-05,0.08860451410830382,-0.2410220688045089,0.24059540448326364,-1,0.2628912155833025,1,0.18906932272907223,-1
2026-04-12 12:00:00+00:00,0.2396,-1.9100418223814836e-05,0.09001122135449495,-0.24243843572554327,0.23959542358349945,-1,0.2621671002292312,1,0.18801700869428775,-1
2026-04-12 13:00:00+00:00,0.238,3.951571698488593e-06,0.08780515764301358,-0.24030000668074936,0.23800094047592243,1,0.2598425397772232,1,0.18716127287812398,-1
2026-04-12 14:00:00+00:00,0.2385,-5.9548047535793505e-05,0.09001122135449495,-0.23407309716691513,0.2384857982135112,-1,0.26096349501115035,1,0.18872599725116218,-1
2026-04-12 15:00:00+00:00,0.2384,0.00012102999053950328,0.08915266546512718,-0.24030000668074936,0.23842885529588748,1,0.2606302146640787,1,0.18747582963926368,-1
2026-04-12 16:00:00+00:00,0.2387,-1.9100418223814836e-05,0.08860451410830382,-0.24243843572554327,0.2386954407737117,-1,0.2608151835400428,1,0.18731076784359968,-1
2026-04-12 17:00:00+00:00,0.2396,0.0004296725761340481,0.08993756376161145,-0.22612311695218212,0.23970297166970883,1,0.2621477903428637,1,0.19110972686353234,-1
2026-04-12 18:00:00+00:00,0.2385,0.00065506585023416,0.09001122135449495,-0.2370499916155803,0.23865628438797498,1,0.26096349501115035,1,0.18816501528395885,-1
2026-04-12 19:00:00+00:00,0.2381,-2.7482230919899185e-05,0.09574990328457542,-0.24243843572554327,0.23809345657073241,-1,0.262025193301456,1,0.18683994060980766,-1
2026-04-12 20:00:00+00:00,0.2392,-1.9100418223814836e-05,0.08915266546512718,-0.24030000668074936,0.23919543122359377,-1,0.2615048126998642,1,0.18810494316154308,-1
2026-04-12 21:00:00+00:00,0.2397,0.0004082463868967614,0.09566280862805664,-0.23125957975153924,0.23979787663647137,1,0.2637629940371787,1,0.19020996894328404,-1
2026-04-12 22:00:00+00:00,0.2379,-0.0003435857787494413,0.10023183769127433,-0.2365936594963815,0.23781827498381614,-1,0.26298112327976386,1,0.18777731344740253,-1
2026-04-12 23:00:00+00:00,0.2361,0.0006877696422493955,0.08915266546512718,-0.2365936594963815,0.23626243826618606,1,0.25811574531119535,1,0.18635655193329861,-1
2026-04-13 00:00:00+00:00,0.2381,0.0008496678999469197,0.11890933662438913,-0.20773654791642504,0.23830239189775054,1,0.2681643637558518,1,0.1934374502280496,-1
2026-04-13 01:00:00+00:00,0.2386,0.00013725506058367428,0.12166469264131553,-0.20559811887163112,0.23863275130504502,1,0.26946895860999626,1,0.1942586251914896,-1
2026-04-13 02:00:00+00:00,0.2368,0.00022171054561681878,0.12166469264131553,-0.20024863526,0.23685250687765122,1,0.2674360829792419,1,0.19382724404999915,-1
2026-04-13 03:00:00+00:00,0.2382,0.0007408478887292257,0.13474608897815435,-0.20632018099539068,0.2383765353519423,1,0.27255944739787313,1,0.19379298000686518,-1
2026-04-13 04:00:00+00:00,0.2377,0.0009341233849800639,0.1259676311441418,-0.20773654791642504,0.2379221448678143,1,0.2696101442877341,1,0.1931124818110348,-1
2026-04-13 05:00:00+00:00,0.2381,0.0006050494950162293,0.12134050359848883,-0.20024863526,0.23824410587596087,1,0.26881710924577595,1,0.19489132942696283,-1
2026-04-13 06:00:00+00:00,0.2392,0.0009459762454797041,0.12134050359848883,-0.20559811887163112,0.23942638457825333,1,0.27005901945228733,1,0.1947471213151899,-1
2026-04-13 07:00:00+00:00,0.2381,0.0006050494950162293,0.12031604387058026,-0.20773654791642504,0.23824410587596087,1,0.26854185795918334,1,0.1934374502280496,-1
2026-04-13 08:00:00+00:00,0.2382,0.0010025918984317454,0.11945748798121249,-0.20773654791642504,0.23843893714841627,1,0.2684240872444074,1,0.19351869233230326,-1
2026-04-13 09:00:00+00:00,0.2385,0.0008477273864483879,0.1245161427944125,-0.19765947152201965,0.23870226870391453,1,0.27012517241969675,1,0.1957248485113353,-1
2026-04-13 10:00:00+00:00,0.2377,0.00013725506058367428,0.12166469264131553,-0.20559811887163112,0.23773262776701257,1,0.26845252079461907,1,0.19352588100593912,-1
2026-04-13 11:00:00+00:00,0.2382,0.0009181364133986012,0.12474522938038851,-0.20024863526,0.23841880052266484,1,0.2698472036228764,1,0.19497318214826773,-1
2026-04-13 12:00:00+00:00,0.2412,-0.0004448300286234019,0.12166469264131553,-0.20559811887163112,0.2410927308571328,-1,0.2724053345210859,1,0.19637544172752427,-1
2026-04-13 13:00:00+00:00,0.2426,0.0007408478887292257,0.11910110653752912,-0.20559811887163112,0.24277979629043328,1,0.27328497167721433,1,0.19751526601615832,-1
2026-04-13 14:00:00+00:00,0.2431,0.0005110611369829778,0.12061700833771412,-0.1928192934461085,0.24322427071466216,1,0.27426365538579744,1,0.20046779048387525,-1
2026-04-13 15:00:00+00:00,0.2394,-0.001468182145234573,0.12474165272859702,-0.20559811887163112,0.23904877508859326,-1,0.2712056653691993,1,0.19490995335642333,-1
2026-04-13 16:00:00+00:00,0.2395,0.00045461341549823595,0.12474165272859702,-0.20632018099539068,0.23960890466589724,1,0.2713189509437061,1,0.1948506243142074,-1
2026-04-13 17:00:00+00:00,0.2383,0.00086152076044656,0.11910110653752912,-0.20632018099539068,0.23850538885789335,1,0.26844109130535937,1,0.19387433726127612,-1
2026-04-13 18:00:00+00:00,0.2391,0.0009341233849800639,0.12134050359848883,-0.19746750555681675,0.23932345325155407,1,0.26994611852442263,1,0.19625490871445908,-1
2026-04-13 19:00:00+00:00,0.2414,0.0006895049800493735,0.12474165272859702,-0.2057136612397423,0.24156650389822087,1,0.27347137685933465,1,0.19651556658302824,-1
2026-04-13 20:00:00+00:00,0.2396,0.0009046827887953529,0.11910110653752912,-0.20773654791642504,0.23981686007619385,1,0.26990552025498993,1,0.194656081791855,-1
2026-04-13 21:00:00+00:00,0.2403,0.0014647584313929652,0.11945748798121249,-0.20024863526,0.24065223936087266,1,0.27079054645185185,1,0.1966920892956706,-1
2026-04-13 22:00:00+00:00,0.2474,0.0001849666954340841,0.12031604387058026,-0.20189177168726327,0.24744576499281967,1,0.2790308931503652,1,0.20217116463293172,-1
2026-04-13 23:00:00+00:00,0.2486,0.00086152076044656,0.12087096191215783,-0.19110698485244,0.24881426634524667,1,0.280539950540029,1,0.2053545904085726,-1
2026-04-14 00:00:00+00:00,0.245,0.00013267187548060056,0.02677512034396187,-0.2497490481549447,0.24503250676581187,1,0.25164851468211286,1,0.19085408102707457,-1
2026-04-14 01:00:00+00:00,0.2454,-0.000253289664034012,0.028123524784284263,-0.25422951157026275,0.2453378505876802,-1,0.25239947662239764,1,0.19031108461358212,-1
2026-04-14 02:00:00+00:00,0.2445,0.0006694407263462702,0.03183642202081897,-0.2519055641231348,0.24466373305626496,1,0.25240923807687377,1,0.19005428555352735,-1
2026-04-14 03:00:00+00:00,0.2447,-0.00022209099866516934,0.03183642202081897,-0.24413048228628115,0.24464566036702168,-1,0.25261570780127207,1,0.19169440974734156,-1
2026-04-14 04:00:00+00:00,0.2442,-9.062950062015173e-05,0.028123524784284263,-0.2497490481549447,0.2441778692788118,-1,0.25116524935285045,1,0.1902308840278025,-1
2026-04-14 05:00:00+00:00,0.2419,0.00010961988555829714,0.028123524784284263,-0.25422951157026275,0.24192651850376765,1,0.24879964708621835,1,0.18759678634077226,-1
2026-04-14 06:00:00+00:00,0.2437,-0.0009250651264779962,0.025253234855511574,-0.25265753229869636,0.2434746658691195,-1,0.24993257849905884,1,0.18929003742535036,-1
2026-04-14 07:00:00+00:00,0.2434,-0.0005395774668727052,0.03237352260604977,-0.25249737663859395,0.2432687022703969,-1,0.2514086500694477,1,0.1890872982487588,-1
2026-04-14 08:00:00+00:00,0.2445,0.00019407537059144155,0.02542340911213204,-0.24920131671217385,0.24454745603298422,1,0.25079571368111614,1,0.1905689349191509,-1
2026-04-14 09:00:00+00:00,0.2445,-0.0011375995603296167,0.025771466104983702,-0.25356912899752393,0.24422201505525398,-1,0.2508830200759593,1,0.18973838075676935,-1
2026-04-14 10:00:00+00:00,0.2435,0.0007538962113794148,0.028123524784284263,-0.25356912899752393,0.2436836429426323,1,0.25044528344561456,1,0.18896235465960465,-1
2026-04-14 11:00:00+00:00,0.2433,-0.0010386268023353552,0.03153748566975003,-0.2414619669691462,0.24304743328297723,-1,0.25109534698325914,1,0.19110696220063234,-1
2026-04-14 12:00:00+00:00,0.2436,-0.000492749796705748,0.03183642202081897,-0.25213130884760215,0.24347999571799336,-1,0.2514801243170816,1,0.18931195822639219,-1
2026-04-14 13:00:00+00:00,0.2484,-0.0007171449824275766,0.02542340911213204,-0.2497490481549447,0.24822192504677654,-1,0.2547961361079315,1,0.19350266827398094,-1
2026-04-14 14:00:00+00:00,0.2453,-0.0009250651264779962,0.02677512034396187,-0.2519055641231348,0.24507318644930248,-1,0.2519566557204991,1,0.19067614006658593,-1
2026-04-14 15:00:00+00:00,0.2444,-0.0011314952656467743,0.03237352260604977,-0.24482544053730015,0.24412361894848872,-1,0.2524415533154191,1,0.1913263840623307,-1
2026-04-14 16:00:00+00:00,0.244,-0.0005786879136616109,0.02677512034396187,-0.25422951157026275,0.24385884099651045,-1,0.25062137788749195,1,0.18922536530445816,-1
2026-04-14 17:00:00+00:00,0.244,-0.0002782265143830736,0.02677512034396187,-0.24920131671217385,0.24393212217363391,-1,0.25062137788749195,1,0.19017922339579885,-1
2026-04-14 18:00:00+00:00,0.2405,-0.0001714407847777586,0.02677512034396187,-0.2497490481549447,0.24045877202544005,-1,0.2470263991063189,1,0.18734859790616912,-1
2026-04-14 19:00:00+00:00,0.2404,-0.0007049337954538446,0.028123524784284263,-0.2564453314787666,0.24023059363272492,-1,0.24725686299928437,1,0.18602086990000283,-1
2026-04-14 20:00:00+00:00,0.2404,8.34211380262232e-05,0.03237352260604977,-0.2529531736370081,0.24042005527808696,1,0.2483099403315334,1,0.18667161973879773,-1
2026-04-14 21:00:00+00:00,0.2408,-0.00010155324911197525,0.025771466104983702,-0.2497490481549447,0.2407755472192645,-1,0.24708642631611863,1,0.18758229678089616,-1
2026-04-14 22:00:00+00:00,0.2397,-0.001418019367143513,0.02677512034396187,-0.24920131671217385,0.23936034163567993,-1,0.24620468967062223,1,0.18682770429497125,-1
2026-04-14 23:00:00+00:00,0.2396,-0.00040053201646779386,0.03183642202081897,-0.2564453314787666,0.239504051745311,-1,0.2473507298291164,1,0.18540183206339717,-1
2026-04-15 00:00:00+00:00,0.2405,0.0008955426832596106,0.07948896737235504,-0.19548057133572944,0.240715474484222,1,0.2603974341830513,1,0.19779665701469765,-1
2026-04-15 01:00:00+00:00,0.2407,0.00065506585023416,0.0781559177190474,-0.20890261136313787,0.240857726004971,1,0.26026680098442007,1,0.19532185442228114,-1
2026-04-15 02:00:00+00:00,0.2397,0.0006528647918274518,0.08978324130201798,-0.20890261136313787,0.2398565427856773,1,0.2622167318862619,1,0.1945103801621138,-1
2026-04-15 03:00:00+00:00,0.2396,0.000664717652327092,0.07923943150870687,-0.19697356153810497,0.2397593192948051,1,0.2593582466707635,1,0.19676247777021663,-1
2026-04-15 04:00:00+00:00,0.2409,6.430574606486114e-05,0.07870406907587076,-0.2081399600353183,0.24091549175232604,1,0.2606258825151779,1,0.19563329238519322,-1
2026-04-15 05:00:00+00:00,0.2399,-5.0534220842202606e-05,0.08493310118517389,-0.20972221067316013,0.23988787714673201,-1,0.261165752037231,1,0.1945131867911722,-1
2026-04-15 06:00:00+00:00,0.2387,0.0010063381571932216,0.08398823382325538,-0.20972221067316013,0.2389403338263895,1,0.25961396227043043,1,0.19354021545249186,-1
2026-04-15 07:00:00+00:00,0.2383,0.0008379091207859376,0.08398823382325538,-0.20782692633761482,0.23849975742107848,1,0.25917891583177033,1,0.19358243797080354,-1
2026-04-15 08:00:00+00:00,0.2401,0.0007584520617038515,0.07735656125375717,-0.1962571748447027,0.2402821734161837,1,0.25941058181591076,1,0.1973143867238316,-1
2026-04-15 09:00:00+00:00,0.2399,0.0008379091207859376,0.07974292094679876,-0.19838992845913933,0.24010109863750198,1,0.25981376627194586,1,0.19673000218337552,-1
2026-04-15 10:00:00+00:00,0.2398,0.0005980883678319183,0.08398823382325538,-0.2081399600353183,0.23994346448855047,1,0.2608103399767458,1,0.194739989680238,-1
2026-04-15 11:00:00+00:00,0.2416,0.0006432798160498257,0.08978324130201798,-0.20890261136313787,0.2417554664023959,1,0.26429521244772997,1,0.19605218125643178,-1
2026-04-15 12:00:00+00:00,0.242,-0.0005707962167267411,0.08398823382325538,-0.20437573601015904,0.24186190673085925,-1,0.2632030953893765,1,0.1972677592998789,-1
2026-04-15 13:00:00+00:00,0.2411,3.392126419094184e-05,0.07956262496523853,-0.20469635433632477,0.24110817855550915,1,0.2610663031587825,1,0.1964711165328952,-1
2026-04-15 14:00:00+00:00,0.2434,0.0009941508115135975,0.08429973002867558,-0.20469635433632477,0.24364209662786254,1,0.26480823183824614,1,0.19834537438451552,-1
2026-04-15 15:00:00+00:00,0.2427,0.0007373202768605964,0.07956262496523853,-0.2081399600353183,0.2428790136182694,1,0.2627988045484716,1,0.19709506044784722,-1
2026-04-15 16:00:00+00:00,0.2452,0.0011660739676658137,0.0781559177190474,-0.20768376770427027,0.2454860881044003,1,0.2651326115553793,1,0.1992161540234576,-1
2026-04-15 17:00:00+00:00,0.2454,-1.9100418223814836e-05,0.08021246263312976,-0.20782692633761482,0.24539531280213175,-1,0.26589513318669067,1,0.19935010607652198,-1
2026-04-15 18:00:00+00:00,0.2463,0.0005284870075575176,0.08429973002867558,-0.20890261136313787,0.24643020075163383,1,0.26796330115760075,1,0.1998661102792183,-1
2026-04-15 19:00:00+00:00,0.249,0.0003412964817906021,0.07834768763218738,-0.2081399600353183,0.24908499732778525,1,0.26929315563340434,1,0.2022112486671362,-1
2026-04-15 20:00:00+00:00,0.2477,0.0004009577812782156,0.08021246263312976,-0.20437573601015904,0.24779933715609462,1,0.26838722286203454,1,0.20191414867181817,-1
2026-04-15 21:00:00+00:00,0.2481,-4.116207254940672e-05,0.07735656125375717,-0.19279754432855206,0.24808978789997754,-1,0.2680539997856204,1,0.20459539508927505,-1
2026-04-15 22:00:00+00:00,0.2473,0.0004813921212384834,0.07870406907587076,-0.20782692633761482,0.24741907693063084,1,0.2675499408302345,1,0.20089356655551704,-1
2026-04-15 23:00:00+00:00,0.246,-5.0534220842202606e-05,0.08525264111147032,-0.20972221067316013,0.24598756889577356,-1,0.2678920704095036,1,0.19945912442946376,-1
2026-04-16 00:00:00+00:00,0.2455,2.2470154625865243e-05,0.12878562265136775,-0.18878782370610225,0.24550551648493854,1,0.279243055679651,1,0.20326471077152777,-1
2026-04-16 01:00:00+00:00,0.2456,0.00023568039725340107,0.12681744880265616,-0.178287967126586,0.24565788992705798,1,0.278807518274939,1,0.2054938752069526,-1
2026-04-16 02:00:00+00:00,0.2484,0.0004899850648280992,0.12743391141953792,-0.1891584942312545,0.24852174211357628,1,0.2821599931014886,1,0.20558958091800544,-1
2026-04-16 03:00:00+00:00,0.2492,0.00010869886616355158,0.12726373716291745,-0.18878782370610225,0.24922708922970555,1,0.2830205540269065,1,0.20632817077093574,-1
2026-04-16 04:00:00+00:00,0.25,-0.001297742230252151,0.13929257153998384,-0.1891584942312545,0.24967577486826298,-1,0.2873650875493489,1,0.20691382942633396,-1
2026-04-16 05:00:00+00:00,0.2499,-0.0003807596377553751,0.12217552508034674,-0.16373482008688892,0.24980486627921483,-1,0.28237510959910145,1,0.21215688355299248,-1
2026-04-16 06:00:00+00:00,0.2505,-0.0009881612282323295,0.12980670009677683,-0.18933555514887304,0.25025258787399535,-1,0.2852213714303525,1,0.20729095070970358,-1
2026-04-16 07:00:00+00:00,0.2501,0.00013881450095361463,0.12878562265136775,-0.18960742301612454,0.25013471991644665,1,0.28447530845409663,1,0.20690368908387866,-1
2026-04-16 08:00:00+00:00,0.2486,4.7799369330890375e-05,0.1389685785850797,-0.18725314812358204,0.2486118832072183,1,0.2856632751755795,1,0.20614752040150724,-1
2026-04-16 09:00:00+00:00,0.2487,-0.0009811335870669247,0.12217552508034674,-0.17986500583225126,0.24845611173994256,-1,0.28101916669586446,1,0.20775974603902966,-1
2026-04-16 10:00:00+00:00,0.248,-0.0011786833656304357,0.12980670009677683,-0.178287967126586,0.24770785873017376,-1,0.2823748507573949,1,0.20750195867803028,-1
2026-04-16 11:00:00+00:00,0.2484,-0.0012649549602647117,0.1301340270916901,-0.18960742301612454,0.2480859838378929,-1,0.2829228872085858,1,0.2054973065511214,-1
2026-04-16 12:00:00+00:00,0.2504,-0.0005870235260154237,0.13473916000928854,-0.18933555514887304,0.25025305244414175,-1,0.28651726589278814,1,0.20720819983117675,-1
2026-04-16 13:00:00+00:00,0.2493,0.0005284870075575176,0.12917178276052402,-0.1746957158957234,0.2494317866316781,1,0.2836748742222158,1,0.2093403245205956,-1
2026-04-16 14:00:00+00:00,0.2479,0.0008795980788300796,0.12681744880265616,-0.17448490205199674,0.24811814829108586,1,0.28141850073435415,1,0.20820861566254412,-1
2026-04-16 15:00:00+00:00,0.2533,0.0008181945837192385,0.13473916000928854,-0.1865927655508432,0.25350733349606136,1,0.2898355569115146,1,0.21018367503349297,-1
2026-04-16 16:00:00+00:00,0.2517,-0.0001261445374131898,0.1300078196968237,-0.18766873023933567,0.25166825142243,-1,0.2866453455537416,1,0.20863142364593776,-1
2026-04-16 17:00:00+00:00,0.2532,-0.0005244279865932944,0.12217552508034674,-0.17815269723858276,0.2530672496458375,-1,0.28610395258300314,1,0.21188146544238895,-1
2026-04-16 18:00:00+00:00,0.2589,-8.569690810121114e-05,0.12217552508034674,-0.17815269723858276,0.2588778140211411,-1,0.29254468137337886,1,0.21665130885874606,-1
2026-04-16 19:00:00+00:00,0.2604,0.0004579794417321116,0.12878562265136775,-0.20779640910145325,0.26051928515961753,1,0.29619100488383354,1,0.21154177595620915,-1
2026-04-16 20:00:00+00:00,0.2578,0.00034918650692160666,0.1301340270916901,-0.18878782370610225,0.25789003600024774,1,0.2936293088662376,1,0.2134486453641542,-1
2026-04-16 21:00:00+00:00,0.2584,-9.389091411925544e-05,0.12681744880265616,-0.17986500583225126,0.25837573972671907,-1,0.29333820326646676,1,0.21586296090263477,-1
2026-04-16 22:00:00+00:00,0.2584,-0.0003807596377553751,0.12217552508034674,-0.17986500583225126,0.25830163043837184,-1,0.29197970516369676,1,0.21586296090263477,-1
2026-04-16 23:00:00+00:00,0.2591,0.000653174085251743,0.12878562265136775,-0.18933555514887304,0.25926929268826826,1,0.294712324751925,1,0.21440752626301077,-1
2026-04-17 00:00:00+00:00,0.2582,0.0008140280514095876,0.10825417535593054,-0.2286579596435898,0.25841026761313063,1,0.2877202499624165,1,0.20542407866101925,-1
2026-04-17 01:00:00+00:00,0.2561,0.0008343849305915876,0.10709365981748559,-0.21033015213226122,0.2563137751537054,1,0.2850491589741496,1,0.2075221002178428,-1
2026-04-17 02:00:00+00:00,0.2551,0.000589766525660897,0.10074423143360665,-0.21033015213226122,0.25525049381444104,1,0.2821389997971383,1,0.2067117835438176,-1
2026-04-17 03:00:00+00:00,0.255,0.00107213975022305,0.10709365981748559,-0.21348415204679677,0.25527354224786286,1,0.2838248166279116,1,0.20598006517496062,-1
2026-04-17 04:00:00+00:00,0.254,0.0009028534440432691,0.10739561946656277,-0.22833734131742406,0.25422942832928086,1,0.2827971585707211,1,0.20214735783880441,-1
2026-04-17 05:00:00+00:00,0.2522,0.0008140280514095876,0.11102836711542519,-0.22235153376640435,0.25240538145635766,1,0.28181498967364876,1,0.2019198607583515,-1
2026-04-17 06:00:00+00:00,0.2549,0.00025521091227131797,0.10074423143360665,-0.21426216976103524,0.2549650615633953,1,0.2819178010517074,1,0.20573915768532455,-1
2026-04-17 07:00:00+00:00,0.2561,0.0007000128176983096,0.11102836711542519,-0.22235153376640435,0.2562793360440541,1,0.2861729534314887,1,0.20504233283193427,-1
2026-04-17 08:00:00+00:00,0.2573,0.000820043706560336,0.10684746810973941,-0.23368381598042515,0.25751108378283283,1,0.2863143082840187,1,0.20368178597553882,-1
2026-04-17 09:00:00+00:00,0.2583,-0.0012648505393492249,0.10922606593608346,-0.21186181772938675,0.2579734956388245,-1,0.2881115599411583,1,0.20898445733314583,-1
2026-04-17 10:00:00+00:00,0.2551,-0.0008243550794928158,0.10074423143360665,-0.22113733052120935,0.2548897936734519,-1,0.2821389997971383,1,0.2044898405172546,-1
2026-04-17 11:00:00+00:00,0.2575,-0.00030938229594467965,0.10709365981748559,-0.21306508140539704,0.25742034638113936,-1,0.2866074128693617,1,0.2080866623201232,-1
2026-04-17 12:00:00+00:00,0.2605,-0.0008243550794928158,0.10825417535593054,-0.22876725100832532,0.2602853439903341,-1,0.29028321113559064,1,0.20723131024393823,-1
2026-04-17 13:00:00+00:00,0.2653,0.0008140280514095876,0.11223374765622193,-0.18146159885208116,0.265516049565312,1,0.296810832657667,1,0.22127353747370795,-1
2026-04-17 14:00:00+00:00,0.2662,0.0001688498477663865,0.10074423143360665,-0.14459411280891218,0.2662449516244061,1,0.2944155301685544,1,0.23036241660739493,-1
2026-04-17 15:00:00+00:00,0.2635,0.0005716695157563675,0.10074423143360665,-0.3667591480127394,0.2636506779823029,1,0.29142934710523694,1,0.1825993155813887,-1
2026-04-17 16:00:00+00:00,0.266,-0.0010484855979130503,0.10960282412666582,-0.32742148898038836,0.26572124898970145,-1,0.2968120567402539,1,0.19172744760580632,-1
2026-04-17 17:00:00+00:00,0.2636,-0.0012343967455413056,0.11711937635123819,-0.42694847818565157,0.26327481376358275,-1,0.2963532571254001,1,0.17199825380109462,-1
2026-04-17 18:00:00+00:00,0.2612,0.00029405696874377677,0.10074423143360665,-0.1488660230378834,0.2612768189742597,1,0.28888556153278133,1,0.22507200525521795,-1
2026-04-17 19:00:00+00:00,0.2611,0.0012624594002915586,0.10948001951052717,-0.17724038892997304,0.26142983630808214,1,0.29130868997280523,1,0.21869172435008527,-1
2026-04-17 20:00:00+00:00,0.2605,0.000673413029989079,0.11269213895337313,-0.22227791349127776,0.2606754831740085,1,0.291574340332626,1,0.20858047702489876,-1
2026-04-17 21:00:00+00:00,0.2603,-0.0009012174788076195,0.11292639445023316,-0.1917411510998513,0.2600655187654302,-1,0.2914187413204094,1,0.21488299289650187,-1
2026-04-17 22:00:00+00:00,0.2607,0.0010473587280319368,0.10709365981748559,-0.13805884464893525,0.26097318945910697,1,0.2901691360584178,1,0.2270820659805121,-1
2026-04-17 23:00:00+00:00,0.2586,0.0008004537573737421,0.10074423143360665,-0.22387225979434516,0.258807080209666,1,0.2860099778421794,1,0.2067292997045899,-1
2026-04-18 00:00:00+00:00,0.2582,0.0008379091207859376,0.08126408957914834,-0.33077397241954465,0.25841643880034604,1,0.28005851626399086,1,0.18548249406797504,-1
2026-04-18 01:00:00+00:00,0.2575,0.0006528647918274518,0.08191392724703962,-0.1305101207262111,0.2576681675732662,1,0.27948081431272226,1,0.22599425969669829,-1
2026-04-18 02:00:00+00:00,0.258,0.00046594436066277225,0.08119043198626491,-0.3032390306048826,0.2581202416558363,1,0.27982097310449144,1,0.1905130229774897,-1
2026-04-18 03:00:00+00:00,0.257,0.0006175492517912636,0.0727085974837882,-0.15773045730157526,0.25715875917346925,1,0.27638219778351253,1,0.21949855022450068,-1
2026-04-18 04:00:00+00:00,0.2572,0.0006862007400630267,0.08546418850298064,-0.1294939412776433,0.25737655139826654,1,0.2801480408773209,1,0.22596046516823334,-1
2026-04-18 05:00:00+00:00,0.2578,0.0003763269328378477,0.08040553368978057,-0.14405504804843436,0.25789703534064645,1,0.27938468297760205,1,0.22321357363984323,-1
2026-04-18 06:00:00+00:00,0.2576,4.391723053206337e-05,0.08119043198626491,-0.14384818659831486,0.2576113133270082,1,0.27938714213843796,1,0.2230865488572612,-1
2026-04-18 07:00:00+00:00,0.2586,0.0002540514123423524,0.08144438556070863,-0.3641755174179265,0.25866570604123457,1,0.280542955394198,1,0.1796673254478579,-1
2026-04-18 08:00:00+00:00,0.2556,0.0007078984620778039,0.08191392724703962,-0.1993894409701482,0.2557810029051875,1,0.2774186257799294,1,0.2093953897112212,-1
2026-04-18 09:00:00+00:00,0.2543,3.392126419094184e-05,0.08073190446466744,-0.21747974205624584,0.25430862632379087,1,0.275681600082549,1,0.20459551457355774,-1
2026-04-18 10:00:00+00:00,0.2526,-2.7482230919899185e-05,0.08126408957914834,-0.2137155180310866,0.25259305808385973,-1,0.2739844353535402,1,0.2039942264820832,-1
2026-04-18 11:00:00+00:00,0.251,0.0006759167817497552,0.07905802586766704,-0.2032024473916822,0.2511697124615083,1,0.27164904705399273,1,0.2048443641925456,-1
2026-04-18 12:00:00+00:00,0.2516,0.000664717652327092,0.08126408957914834,-0.2137155180310866,0.25176729855831786,1,0.2728997780481026,1,0.20318664838832992,-1
2026-04-18 13:00:00+00:00,0.2511,0.0007584520617038515,0.08663456579908375,-0.2137155180310866,0.2512905195535349,1,0.273824073310082,1,0.20278285934145326,-1
2026-04-18 14:00:00+00:00,0.2515,-5.0534220842202606e-05,0.08716963008532119,-0.21824239338406543,0.2514872909645815,-1,0.27440705869420456,1,0.2021885334760629,-1
2026-04-18 15:00:00+00:00,0.2511,0.0007584520617038515,0.0727085974837882,-0.2032024473916822,0.2512905195535349,1,0.27003723682272374,1,0.2049259754930207,-1
2026-04-18 16:00:00+00:00,0.2493,0.0007733890115711521,0.08126408957914834,-0.21747974205624584,0.24949288045678358,1,0.2704050662455961,1,0.2005727950577583,-1
2026-04-18 17:00:00+00:00,0.2495,0.001018325470185037,0.08094089612261673,-0.20002710523368267,0.24975420161283263,1,0.2705345485800853,1,0.20426778609184282,-1
2026-04-18 18:00:00+00:00,0.2478,0.0011660739676658137,0.08568969843716524,-0.21716670835854238,0.24808912166505054,1,0.2699702229732394,1,0.19942839724164968,-1
2026-04-18 19:00:00+00:00,0.2488,0.0008379091207859376,0.07905802586766704,-0.2032024473916822,0.24900855915385783,1,0.26926805939057125,1,0.20304891558209298,-1
2026-04-18 20:00:00+00:00,0.2491,0.0007584520617038515,0.08191392724703962,-0.204820353356657,0.24928900207401647,1,0.2703637702730063,1,0.20296510524301417,-1
2026-04-18 21:00:00+00:00,0.2501,-0.00033821547685452196,0.08144438556070863,-0.20817084692996524,0.2500154266120592,-1,0.2713217058936153,1,0.20309827820009077,-1
2026-04-18 22:00:00+00:00,0.25,0.0007447251926249886,0.09148470591592782,-0.2155730214020193,0.25018625064232086,1,0.2739500043266977,1,0.20151985176514112,-1
2026-04-18 23:00:00+00:00,0.2491,0.0008379091207859376,0.08191392724703962,-0.2077297104800669,0.24930881063193724,1,0.2703637702730063,1,0.2023754654205908,-1
2026-04-19 00:00:00+00:00,0.2491,0.0007373202768605964,0.08136646969842236,-0.22298193522658874,0.24928373420812078,1,0.27021579809403656,1,0.19931220945665418,-1
2026-04-19 01:00:00+00:00,0.2484,0.0008379091207859376,0.0882329943050352,-0.22298193522658874,0.24860822384975195,1,0.2713130565451356,1,0.1987521189443312,-1
2026-04-19 02:00:00+00:00,0.2479,0.000526618910035218,0.09760764861165541,-0.23285711726561678,0.24803058320857335,1,0.2733172169989263,1,0.19640293145983115,-1
2026-04-19 03:00:00+00:00,0.2482,3.392126419094184e-05,0.08276170301303375,-0.220959048549906,0.24820841940056976,1,0.26961542068355904,1,0.19899422898340718,-1
2026-04-19 04:00:00+00:00,0.2478,0.0007373202768605964,0.08323124469936474,-0.220959048549906,0.2479827753383072,1,0.26930732885062014,1,0.19867352917843795,-1
2026-04-19 05:00:00+00:00,0.2473,7.261907234776076e-05,0.0928020233682529,-0.22379571945374116,0.2473179593486793,1,0.27134856113956285,1,0.19771101711910946,-1
2026-04-19 06:00:00+00:00,0.2473,0.0006090817600029375,0.09701145213904767,-0.23361976859343636,0.24745067180031335,1,0.27249319100852004,1,0.19577820394222367,-1
2026-04-19 07:00:00+00:00,0.246,-0.0004925618374066175,0.08172285114210573,-0.23285711726561678,0.24587885962501005,-1,0.26694813459416017,1,0.1948976246031402,-1
2026-04-19 08:00:00+00:00,0.2454,0.0006787110950425494,0.08393005580220878,-0.22156556830555438,0.24556661223711457,1,0.2668854627982459,1,0.1966300341742559,-1
2026-04-19 09:00:00+00:00,0.245,-5.9548047535793505e-05,0.08700701588949032,-0.22986970389767128,0.2449854111627264,-1,0.2672715616721407,1,0.1946860978005094,-1
2026-04-19 10:00:00+00:00,0.2456,-2.9169892131266305e-06,0.09760764861165541,-0.23285711726561678,0.24559928358849417,-1,0.2707813977205982,1,0.19458071789646844,-1
2026-04-19 11:00:00+00:00,0.2473,0.0005284870075575176,0.09760764861165541,-0.23361976859343636,0.24743072937831526,1,0.27265569892631897,1,0.19577820394222367,-1
2026-04-19 12:00:00+00:00,0.248,0.0008295724213288196,0.08276170301303375,-0.2372966846534183,0.24820581931970168,1,0.2693981640996077,1,0.19561179580062454,-1
2026-04-19 13:00:00+00:00,0.2491,-0.0010370701067189613,0.09857132816290629,-0.16716236556125055,0.24884179974544057,-1,0.2749050459072396,1,0.21075410119800592,-1
2026-04-19 14:00:00+00:00,0.2494,-0.0005992072491584991,0.09760764861165541,-0.16640633259607948,0.2492506024765695,-1,0.2749710121804446,1,0.21116750912975235,-1
2026-04-19 15:00:00+00:00,0.2488,0.0005893865043901786,0.0928020233682529,-0.2539158345201244,0.2489466825844139,1,0.27299442786705713,1,0.1930083643071653,-1
2026-04-19 16:00:00+00:00,0.2469,-0.0013741487684448678,0.08323124469936474,-0.22156556830555438,0.24656095567109548,-1,0.26832921506544843,1,0.19783192924867066,-1
2026-04-19 17:00:00+00:00,0.2451,-0.0004584852066862399,0.08117469978528237,-0.22986970389767128,0.24498765103297895,-1,0.26582574239236484,1,0.1947655615138974,-1
2026-04-19 18:00:00+00:00,0.2457,-0.0004965542354501848,0.08172285114210573,-0.23285711726561678,0.24557802690998332,-1,0.26662258808855754,1,0.19465994457313637,-1
2026-04-19 19:00:00+00:00,0.2467,-0.00020001035600812535,0.08700701588949032,-0.2504129648755429,0.24665066237935482,-1,0.2691260990388454,1,0.19205082655960012,-1
2026-04-19 20:00:00+00:00,0.2448,-0.0009811335870669247,0.08323124469936474,-0.22298193522658874,0.24455993628443076,-1,0.2660469495667144,1,0.19587165345238436,-1
2026-04-19 21:00:00+00:00,0.2442,-0.00010635279720651585,0.08172285114210573,-0.22460468603131759,0.24417403002793625,-1,0.26499485556054436,1,0.19507476115859945,-1
2026-04-19 22:00:00+00:00,0.2423,-0.0005084744149913352,0.08172285114210573,-0.23285711726561678,0.24217682796681517,-1,0.26293306102506103,1,0.1919662375664263,-1
2026-04-19 23:00:00+00:00,0.2424,0.000664717652327092,0.09701145213904767,-0.23285711726561678,0.24256118112295807,1,0.2670940133459978,1,0.19204546424309427,-1
2026-04-20 00:00:00+00:00,0.2442,-0.0009245536525625116,0.07024950069816999,-0.27960062123664586,0.24397432833689975,-1,0.2619718518689477,1,0.18463611468355737,-1
2026-04-20 01:00:00+00:00,0.2448,0.000181698750201103,0.07024950069816999,-0.27674441515074477,0.24484448389526095,1,0.2626155173526552,1,0.1856191762796994,-1
2026-04-20 02:00:00+00:00,0.2454,0.0006292494307671632,0.06959966303027876,-0.27625330945858495,0.24555446640416187,1,0.26308816267662655,1,0.18616552974603806,-1
2026-04-20 03:00:00+00:00,0.2459,-0.0009918516658647615,0.0747421484877515,-0.2886734649757776,0.24565622458987207,-1,0.2649833775281291,1,0.18424225303571687,-1
2026-04-20 04:00:00+00:00,0.2459,-0.0005323698226165156,0.07024950069816999,-0.28446720794896446,0.24576912510063312,-1,0.26379557073945226,1,0.18501885545687055,-1
2026-04-20 05:00:00+00:00,0.2439,0.0007022858422862903,0.07024950069816999,-0.2841465896227987,0.24407134767741512,1,0.26165001912709396,1,0.1835728727932116,-1
2026-04-20 06:00:00+00:00,0.2456,0.0005110611369829778,0.07497013925021412,-0.2995832905398565,0.2457255486940396,1,0.26472044258834415,1,0.18202078898267532,-1
2026-04-20 07:00:00+00:00,0.2467,-0.0013194950650459601,0.06838472569722762,-0.24471491606330703,0.24637469523366817,-1,0.26416073147609276,1,0.19314826520396938,-1
2026-04-20 08:00:00+00:00,0.2455,-0.0009069834192994977,0.07533834496035924,-0.2996557475490246,0.24527743651651368,-1,0.26471010722296995,1,0.1819334934491867,-1
2026-04-20 09:00:00+00:00,0.2469,0.000788362919737738,0.06977995901183899,-0.20668430040420652,0.24709472355121162,1,0.2647440090086514,1,0.20079793340300872,-1
2026-04-20 10:00:00+00:00,0.2466,-0.000529862406558901,0.07053271971695675,-0.2185427827789568,0.24646937054141846,-1,0.26462144901887874,1,0.19818973074222787,-1
2026-04-20 11:00:00+00:00,0.2465,-0.0004965829887980715,0.07629125604315398,-0.2185427827789568,0.24637762268102348,-1,0.2660417495139713,1,0.19810936183276223,-1
2026-04-20 12:00:00+00:00,0.2473,0.0006325505368359412,0.07533834496035924,-0.2185427827789568,0.24745647923305342,1,0.26665095525963534,1,0.19875231310848723,-1
2026-04-20 13:00:00+00:00,0.2478,0.0004660835234733315,0.06952600543739527,-0.20562291347278058,0.24791552241657286,1,0.26564158480232175,1,0.20174389686675673,-1
2026-04-20 14:00:00+00:00,0.2461,0.0007333645478095532,0.07497013925021412,-0.2859735996417214,0.24628054721058576,1,0.2652593685708123,1,0.18489061089846687,-1
2026-04-20 15:00:00+00:00,0.2478,-0.0013258602823819764,0.06819295578408763,-0.21675321471326706,0.2474716695302882,-1,0.26528770730034157,1,0.19951087666778064,-1
2026-04-20 16:00:00+00:00,0.2459,-0.0010085444241212532,0.07982027936705821,-0.2929773429597403,0.24565212394412644,-1,0.26633242020867903,1,0.18345100080707158,-1
2026-04-20 17:00:00+00:00,0.2481,-0.0004203109767907633,0.07379976195411106,-0.39951728723933544,0.2479957427584246,-1,0.2671022790500756,1,0.16638670102333322,-1
2026-04-20 18:00:00+00:00,0.2498,0.0004284035776301246,0.07402527188829561,-0.4137603792808826,0.24990703813981593,1,0.26899313789159085,1,0.16515760806989993,-1
2026-04-20 19:00:00+00:00,0.2489,0.0008367046028173653,0.06855489995384809,-0.3509895807345975,0.24910834292422843,1,0.2665617993790804,1,0.1752233820240749,-1
2026-04-20 20:00:00+00:00,0.2501,-0.0005482336093922318,0.06838472569722762,-0.4004085840443384,0.24996292435246278,-1,0.2678013739042189,1,0.16757855959812354,-1
2026-04-20 21:00:00+00:00,0.2496,0.0007139220999619305,0.0692764695737471,-0.3867955041072177,0.24977825857994904,1,0.2675044244151556,1,0.16953580312447625,-1
2026-04-20 22:00:00+00:00,0.2487,7.481566922811159e-06,0.07402527188829561,-0.41830634766703545,0.24870186067265407,1,0.26780862047093135,1,0.16368453415249656,-1
2026-04-20 23:00:00+00:00,0.2479,0.0007039074347045934,0.07982027936705821,-0.2150991770799633,0.24807456008292572,1,0.2684986050009416,1,0.19992179437691482,-1
2026-04-21 00:00:00+00:00,0.2491,0.00015568753616634003,0.062129184748064954,-0.42346350310189956,0.24913878478433446,1,0.26506726050730345,1,0.16310447055712213,-1
2026-04-21 01:00:00+00:00,0.2482,0.0005193829368429526,0.05613260926038972,-0.37552318460476375,0.24832894432776756,1,0.2625305567781647,1,0.17049597478840517,-1
2026-04-21 02:00:00+00:00,0.2474,0.00028193341795857357,0.05527405337102197,-0.3546316528827082,0.2474697601610012,1,0.26145979219054916,1,0.17353421890800577,-1
2026-04-21 03:00:00+00:00,0.247,0.0003310733629555301,0.062129184748064954,-0.2283271380094478,0.2470817886589261,1,0.26283265092454416,1,0.19657837340159712,-1
2026-04-21 04:00:00+00:00,0.2484,0.0004257526929204809,0.07663298200259609,-0.39632316256046646,0.248505779485274,1,0.26818400535464176,1,0.16712084734241953,-1
2026-04-21 05:00:00+00:00,0.2491,-0.00014331680610644694,0.05527405337102197,-0.3301145764193356,0.24906430234169716,-1,0.2632564035354316,1,0.17906338438108121,-1
2026-04-21 06:00:00+00:00,0.2489,0.000997792980959908,0.062129184748064954,-0.34810477997108225,0.24914847461545964,1,0.26485444054704066,1,0.1757295963830455,-1
2026-04-21 07:00:00+00:00,0.2495,0.00029716007081979543,0.062129184748064954,-0.3488925549889451,0.24957415245469822,1,0.265492900427829,1,0.17601449686595802,-1
2026-04-21 08:00:00+00:00,0.2502,-0.0005104497723181467,0.0871031649348822,-0.3020612107386175,0.25007231805734764,-1,0.27297050879771484,1,0.18497106127354979,-1
2026-04-21 09:00:00+00:00,0.2506,4.1819711163402365e-05,0.08183334353807124,-0.2255027416055713,0.25061048023875626,1,0.2719698966254553,1,0.20000758700557497,-1
2026-04-21 10:00:00+00:00,0.2512,0.00042812401645449765,0.062129184748064954,-0.27241290005420266,0.2513075677774648,1,0.26730187009006273,1,0.19129878679715914,-1
2026-04-21 11:00:00+00:00,0.2502,0.0006885743700814553,0.0867359221861846,-0.29101827755331205,0.25037234063525715,1,0.27287028076288655,1,0.1870250042494007,-1
2026-04-21 12:00:00+00:00,0.2487,0.0002022229680050035,0.08536138345721973,-0.402883209449418,0.24875029793767053,1,0.270861801777372,1,0.1662286319015739,-1
2026-04-21 13:00:00+00:00,0.2487,0.0010657275515343907,0.08536138345721973,-0.38614692643628856,0.24896518772590007,1,0.270861801777372,1,0.169034092335307,-1
2026-04-21 14:00:00+00:00,0.2484,0.0010262711419872577,0.08183334353807124,-0.3482193877757687,0.2486550566079016,1,0.2695822917867642,1,0.17535648556196923,-1
2026-04-21 15:00:00+00:00,0.2488,7.98926440131723e-05,0.08536138345721973,-0.34887547908696837,0.24881987808387623,1,0.27097071283558566,1,0.17552366581756,-1
2026-04-21 16:00:00+00:00,0.2469,0.00038752068783497336,0.08536138345721973,-0.22305178852331556,0.2469956973989898,1,0.2689014027295261,1,0.19753812581808253,-1
2026-04-21 17:00:00+00:00,0.2464,0.0002022229680050035,0.062162173634154404,-0.30131073540537856,0.2464498327778127,1,0.26220284068072763,1,0.1822985078021031,-1
2026-04-21 18:00:00+00:00,0.2469,0.00015568753616634003,0.062129184748064954,-0.37840576879463955,0.24693844224509107,1,0.26272624094441277,1,0.16911477519180343,-1
2026-04-21 19:00:00+00:00,0.2447,0.0005193829368429526,0.06792419222682751,-0.2784713193428245,0.24482712601532927,1,0.2618985362873623,1,0.18522321236567707,-1
2026-04-21 20:00:00+00:00,0.2476,0.00012789944375980674,0.08536138345721973,-0.22378331463783174,0.24763166992751479,1,0.26966378013702175,1,0.19795331620899947,-1
2026-04-21 21:00:00+00:00,0.2477,0.0002022229680050035,0.062129184748064954,-0.381483374897414,0.2477500956942541,1,0.2635775207854639,1,0.16914138479608914,-1
2026-04-21 22:00:00+00:00,0.2491,-0.0005449972460909093,0.062162173634154404,-0.402883209449418,0.24896427817336897,-1,0.2650760049251999,1,0.16649598796414172,-1
2026-04-21 23:00:00+00:00,0.2499,1.8054673698598198e-06,0.07663298200259609,-0.3352690852837322,0.249900451186703,1,0.2698034739860104,1,0.1787148917614728,-1
2026-04-22 00:00:00+00:00,0.25,-0.00030009451681573706,0.06605600010531486,-0.20950555129709234,0.24992498762675996,-1,0.267071634912418,1,0.20274628435029024,-1
2026-04-22 01:00:00+00:00,0.2492,0.0007538962113794148,0.07578893441316632,-0.23636383707711064,0.24938794177126888,1,0.2688207286869159,1,0.19674174897749894,-1
2026-04-22 02:00:00+00:00,0.2544,8.34211380262232e-05,0.07615617716186393,-0.3181986826507777,0.2544212232227343,1,0.2745309509824714,1,0.18506537644016388,-1
2026-04-22 03:00:00+00:00,0.2542,-0.0017924382121304184,0.06605600010531486,-0.3302173625149518,0.25374477031390025,-1,0.27155843837894655,1,0.18271069426585163,-1
2026-04-22 04:00:00+00:00,0.2543,-0.001396206058936936,0.07615617716186393,-0.38718754942802863,0.253945192549007,-1,0.2744230378728085,1,0.1726604800287335,-1
2026-04-22 05:00:00+00:00,0.2557,3.082471197807177e-05,0.07255962802357253,-0.3213567468066561,0.25570788200033234,1,0.27494319434775555,1,0.18542456385641143,-1
2026-04-22 06:00:00+00:00,0.2558,-0.000590559426831872,0.06605600010531486,-0.3193251441932797,0.25564897949629667,-1,0.2732676968423861,1,0.18587431973055615,-1
2026-04-22 07:00:00+00:00,0.2548,-0.0003160765314346495,0.07441439568420147,-0.3883594406842709,0.2547194764262668,-1,0.27448409550052566,1,0.17279734350446527,-1
2026-04-22 08:00:00+00:00,0.2547,-0.00112811681852273,0.07441439568420147,-0.3799791359777019,0.25441283065706044,-1,0.2743763701883198,1,0.1741831350492893,-1
2026-04-22 09:00:00+00:00,0.255,-0.00016010844192364967,0.07615617716186393,-0.21703813815236994,0.254959175615561,-1,0.2751784296404489,1,0.20524931419388545,-1
2026-04-22 10:00:00+00:00,0.2555,0.00021528821644440843,0.06605600010531486,-0.21827549549340658,0.25555501206081327,1,0.2729472108804912,1,0.20539745647686947,-1
2026-04-22 11:00:00+00:00,0.2556,-0.0011659449819300075,0.06605600010531486,-0.21381745960678658,0.25530215812997675,-1,0.2730540395344561,1,0.20639591936562654,-1
2026-04-22 12:00:00+00:00,0.2547,-0.0011468096586298607,0.06605600010531486,-0.21711580296353525,0.2544080750031443,-1,0.2720925816487714,1,0.20499192313522666,-1
2026-04-22 13:00:00+00:00,0.255,-3.117964861954802e-05,0.06605600010531486,-0.2255287980699721,0.25499204931355246,-1,0.27241306761066636,1,0.2035139895197109,-1
2026-04-22 14:00:00+00:00,0.2555,-0.002736448045545863,0.06740440454563726,-0.22413693421868555,0.2548017932632826,-1,0.2733155023587462,1,0.2041970533528792,-1
2026-04-22 15:00:00+00:00,0.255,-0.0037439669394873152,0.07615617716186393,-0.21732601600546728,0.2540470734063822,-1,0.2751784296404489,1,0.2051902359660303,-1
2026-04-22 16:00:00+00:00,0.2527,-0.0016291761297880045,0.06605600010531486,-0.22474664157869698,0.2522886423700043,-1,0.26995600856947205,1,0.20183617889870764,-1
2026-04-22 17:00:00+00:00,0.2533,-0.0007944596571485155,0.06605600010531486,-0.4322335335325563,0.2530988432848721,-1,0.2705969804932619,1,0.16440633623833342,-1
2026-04-22 18:00:00+00:00,0.2535,0.000770351470973607,0.07255962802357253,-0.41033728702563405,0.25369535933590653,1,0.27257762912458366,1,0.168178604381022,-1
2026-04-22 19:00:00+00:00,0.2524,-0.0006769760793981368,0.06605600010531486,-0.22347162246152036,0.2522291890615432,-1,0.2696355226075772,1,0.20185376673914004,-1
2026-04-22 20:00:00+00:00,0.2511,-0.0003160765314346495,0.06505234586633674,-0.24283821971645447,0.25102064572462945,-1,0.26797765817841196,1,0.19696243916989836,-1
2026-04-22 21:00:00+00:00,0.252,-0.0003842483999140645,0.07111730178217193,-0.3628599854718217,0.25190318800434003,-1,0.2705742058939489,1,0.17531232579601494,-1
2026-04-22 22:00:00+00:00,0.2505,-0.0007049337954538446,0.06605600010531486,-0.3001116292866218,0.2503234763103061,-1,0.2676057781822428,1,0.18555424983608365,-1
2026-04-22 23:00:00+00:00,0.2484,-0.0007049337954538446,0.0661527479608489,-0.28166627641770925,0.24822495614962092,-1,0.2653880509317949,1,0.18742412065128555,-1
2026-04-23 00:00:00+00:00,0.2487,0.000812317346525926,0.11337409307607416,-0.2129248236379731,0.2489021053998286,1,0.27855664834879257,1,0.20100354147277305,-1
2026-04-23 01:00:00+00:00,0.2482,0.00038553302719439346,0.11923838856889744,-0.2012113205917581,0.24829570774541262,1,0.2796316667670502,1,0.20296297072447314,-1
2026-04-23 02:00:00+00:00,0.2465,0.0006448334130171243,0.11218088361199224,-0.20149205732216238,0.2466590026959247,1,0.27576329669910415,1,0.20151623244072123,-1
2026-04-23 03:00:00+00:00,0.2464,0.0007401444901604204,0.11218088361199224,-0.2046587705679082,0.24658243910969793,1,0.2756514251791451,1,0.2007976051276771,-1
2026-04-23 04:00:00+00:00,0.2468,0.0005754344040556674,0.11392224443289752,-0.2083497138854872,0.24694205807955422,1,0.2765801179413757,1,0.20038260782533476,-1
2026-04-23 05:00:00+00:00,0.2473,0.0001849666954340841,0.11500840394069037,-0.2012113205917581,0.24734574649443938,1,0.2774416327047693,1,0.2022270050772047,-1
2026-04-23 06:00:00+00:00,0.2478,0.0006363011492283425,0.11337409307607416,-0.2012113205917581,0.24795772559994736,1,0.27754860257672215,1,0.2026358748812427,-1
2026-04-23 07:00:00+00:00,0.2469,0.0014647584313929652,0.11923838856889744,-0.20514333822053213,0.247261913850185,1,0.2781670367638384,1,0.2011075939512643,-1
2026-04-23 08:00:00+00:00,0.247,0.000637706359999448,0.11898089924609759,-0.2012113205917581,0.24715756370526862,1,0.2782080557828651,1,0.2019816831947819,-1
2026-04-23 09:00:00+00:00,0.2461,0.0008253033737623702,0.11923838856889744,-0.2083497138854872,0.2463031909958569,1,0.27726572599263116,1,0.19981426169292904,-1
2026-04-23 10:00:00+00:00,0.2459,-0.00026319341155626975,0.11218088361199224,-0.2012113205917581,0.24583528925619258,-1,0.2750920675793498,1,0.20108216962589825,-1
2026-04-23 11:00:00+00:00,0.2476,0.0004992158708147092,0.11392224443289752,-0.2012113205917581,0.24772363670774936,1,0.2774766499282197,1,0.2024723269596275,-1
2026-04-23 12:00:00+00:00,0.2478,-0.0012350476559622296,0.11500719731249465,-0.2012113205917581,0.24749414410303477,-1,0.278002238692112,1,0.2026358748812427,-1
2026-04-23 13:00:00+00:00,0.2473,0.0007022411403564951,0.11923838856889744,-0.2012113205917581,0.24747372522537106,1,0.27861769214944204,1,0.2022270050772047,-1
2026-04-23 14:00:00+00:00,0.2491,-0.0009177317977015068,0.11876884688256645,-0.22055685913727002,0.24887149787706223,-1,0.2805138974889871,1,0.1997961432811224,-1
2026-04-23 15:00:00+00:00,0.2503,0.0007063289274218111,0.11394551552733573,-0.2037524143117967,0.25047685658264107,1,0.28050897305866773,1,0.20416077253667614,-1
2026-04-23 16:00:00+00:00,0.249,0.0008683573341201583,0.11337409307607416,-0.2108900216365845,0.2492163148819104,1,0.27889266360614934,1,0.20165591922191314,-1
2026-04-23 17:00:00+00:00,0.2467,0.0009046827887953529,0.11851489330812273,-0.2012113205917581,0.24692328623037155,1,0.2777406922878655,1,0.20173636131235909,-1
2026-04-23 18:00:00+00:00,0.2461,0.00023072437231040966,0.11392224443289752,-0.2012113205917581,0.24615678781894063,1,0.27579565245288723,1,0.20124571754751347,-1
2026-04-23 19:00:00+00:00,0.2467,-0.0005664061532525723,0.12015127654220066,-0.20787826749366795,0.2465603071671673,-1,0.2781955545631465,1,0.200395869163494,-1
2026-04-23 20:00:00+00:00,0.2483,-0.00026869614525041143,0.11943950816894432,-0.19648350307549625,0.2482332917096659,-1,0.27980059833942106,1,0.2040069760205332,-1
2026-04-23 21:00:00+00:00,0.2487,-0.00031663714690691365,0.11923838856889744,-0.2012113205917581,0.24862126480746546,-1,0.28019498599905474,1,0.20337184052851118,-1
2026-04-23 22:00:00+00:00,0.2492,0.0005468733304003678,0.11851489330812273,-0.2303640403372786,0.2493363181049064,1,0.28055525139090426,1,0.19792570768576864,-1
2026-04-23 23:00:00+00:00,0.2499,0.0007401444901604204,0.11394551552733573,-0.21377947133150768,0.2500850305743243,1,0.28006069663348404,1,0.2018008593852698,-1
2026-04-24 00:00:00+00:00,0.2517,0.0010690567849931795,0.07461145269692024,-0.29398562522450544,0.25196922547580247,1,0.27119804703398465,1,0.18758878942362794,-1
2026-04-24 01:00:00+00:00,0.2515,-0.0010757757538101109,0.07461145269692024,-0.22816080039392503,0.2512295878753992,-1,0.2709825539493331,1,0.2001930576377761,-1
2026-04-24 02:00:00+00:00,0.2501,0.00014805547417034382,0.08119463986222765,-0.23973262713234156,0.2501370314153742,1,0.2712539529255221,1,0.19678823685455774,-1
2026-04-24 03:00:00+00:00,0.2485,1.735382475622057e-05,0.08623351524191958,-0.22355497771288796,0.2485043124628707,1,0.270880119835653,1,0.19871822525524063,-1
2026-04-24 04:00:00+00:00,0.2482,3.253906631873429e-05,0.07527669034145766,-0.20664596134815927,0.24820807632765768,1,0.2676048796924618,1,0.20186293175753425,-1
2026-04-24 05:00:00+00:00,0.2485,-0.0003630015957996356,0.08173174044745846,-0.22627223032092178,0.24840981047390512,-1,0.2696634192506706,1,0.19817899058958763,-1
2026-04-24 06:00:00+00:00,0.2488,-0.0001770129004961664,0.08119463986222765,-0.22627223032092178,0.2487559630880223,-1,0.2698439963529385,1,0.19841824088003782,-1
2026-04-24 07:00:00+00:00,0.249,-0.000665883957869303,0.07748174262569292,-0.22627223032092178,0.2488342500857195,-1,0.2690600635070475,1,0.1985777410736713,-1
2026-04-24 08:00:00+00:00,0.2494,-0.00030564018262547993,0.08119463986222765,-0.22627223032092178,0.24932378498623187,-1,0.2704947455402848,1,0.19889674146093825,-1
2026-04-24 09:00:00+00:00,0.2486,8.654863620762646e-05,0.07623008604090452,-0.22355497771288796,0.2486215169220779,1,0.2682918190368657,1,0.19879819234789867,-1
2026-04-24 10:00:00+00:00,0.2501,1.1753562067234351e-06,0.0808957035111587,-0.22627223032092178,0.25010029395676003,1,0.27117287737743956,1,0.1994549921386554,-1
2026-04-24 11:00:00+00:00,0.2511,-0.00036308667561277985,0.07613333818537052,-0.22344314399677467,0.25100884548524993,-1,0.2709636297609539,1,0.20081982683609623,-1
2026-04-24 12:00:00+00:00,0.2505,4.323664140703399e-05,0.07613333818537052,-0.22627223032092178,0.25051083101281907,1,0.27031616589055735,1,0.19977399252592232,-1
2026-04-24 13:00:00+00:00,0.2504,-2.4863075412708856e-05,0.07512968394639238,-0.22534728297854914,0.25039377436331123,-1,0.2699371956325257,1,0.19987903453623715,-1
2026-04-24 14:00:00+00:00,0.2504,8.931986564959364e-05,0.08119463986222765,-0.22438806797585467,0.25042236669323886,1,0.27157932751919533,1,0.20007085348798895,-1
2026-04-24 15:00:00+00:00,0.2522,-0.0016222206960228402,0.07748174262569292,-0.16733374180329702,0.2517912076058523,-1,0.2725178635199894,1,0.2133403295103242,-1
2026-04-24 16:00:00+00:00,0.2517,-0.0006795745954046623,0.07613333818537052,-0.19193153781298153,0.2515290091814254,-1,0.27161109363135044,1,0.20774396091841654,-1
2026-04-24 17:00:00+00:00,0.2518,-0.0003605792595551653,0.08106077858641626,-0.15946919644207777,0.2517092225096677,-1,0.27306118752415437,1,0.21468373071130206,-1
2026-04-24 18:00:00+00:00,0.2518,-0.000198723351100538,0.07623008604090452,-0.19333288303454146,0.2517499664317767,-1,0.2717452937790941,1,0.20753546455311797,-1
2026-04-24 19:00:00+00:00,0.2517,0.0001844379610802569,0.0838847889349696,-0.19280564779851572,0.25174642731615204,1,0.27372465464597057,1,0.2075624491899078,-1
2026-04-24 20:00:00+00:00,0.2523,2.4632664376632017e-06,0.08623351524191958,-0.19336935796290336,0.2523006214828877,1,0.2750223510444075,1,0.2079399836006638,-1
2026-04-24 21:00:00+00:00,0.2516,-4.0871493852973505e-05,0.08449173376425712,-0.19064913183032559,0.25158971694229,-1,0.27378202445266203,1,0.20792790166377498,-1
2026-04-24 22:00:00+00:00,0.2503,0.00020631221167141428,0.07613333818537052,-0.24230382078344737,0.2503516452739235,1,0.2701003446004252,1,0.1964398696588104,-1
2026-04-24 23:00:00+00:00,0.2503,0.0002172359601632378,0.07461145269692024,-0.22817636930269625,0.25035438006726807,1,0.2696895954414238,1,0.19923476024218387,-1
2026-04-25 00:00:00+00:00,0.25,-0.00020553845599944687,0.09327615767865498,-0.20437573601015904,0.24994862066639548,-1,0.27444121240126396,1,0.2037890075411972,-1
2026-04-25 01:00:00+00:00,0.2516,-7.802648348655722e-05,0.09201175039044003,-0.19177422415136158,0.25158036930262184,-1,0.27584863054560144,1,0.20769409512991518,-1
2026-04-25 02:00:00+00:00,0.2512,-0.00039878869279668695,0.08758614153242318,-0.19646875448718099,0.2510998442521867,-1,0.274193915294834,1,0.20639270316647254,-1
2026-04-25 03:00:00+00:00,0.2517,0.000930693276124372,0.09327615767865498,-0.20890261136313787,0.2519343645414349,1,0.27630741264559255,1,0.20424807128412198,-1
2026-04-25 04:00:00+00:00,0.2512,0.00020028365038477427,0.09327615767865498,-0.19838992845913933,0.2512503162915737,1,0.27575853022079,1,0.20599656752173373,-1
2026-04-25 05:00:00+00:00,0.2519,0.0008694650350802858,0.09295661775235856,-0.19279754432855206,0.2521191134842898,1,0.27643861832529687,1,0.20772906095521315,-1
2026-04-25 06:00:00+00:00,0.2514,0.00020028365038477427,0.09780675786920263,-0.2081399600353183,0.25145035635231544,1,0.2772312662390765,1,0.20416027275067486,-1
2026-04-25 07:00:00+00:00,0.2514,0.00020642757626148663,0.09295661775235856,-0.190835236497277,0.2514519012494124,1,0.27588991126232487,1,0.20772395516827566,-1
2026-04-25 08:00:00+00:00,0.2521,0.0009221277166247577,0.09780675786920263,-0.190835236497277,0.2523325756130903,1,0.27800319100585197,1,0.20830234326938063,-1
2026-04-25 09:00:00+00:00,0.2534,0.0002541392111118964,0.08637120419937205,-0.19849921982387486,0.25346440705992884,1,0.27625945323078166,1,0.20777796800896534,-1
2026-04-25 10:00:00+00:00,0.2536,-0.00036789794882445114,0.08617943428623207,-0.197761204588337,0.2535067182403143,-1,0.27642448043781825,1,0.20809548106915313,-1
2026-04-25 11:00:00+00:00,0.2517,0.00028473913541791874,0.09178624045625548,-0.20437573601015904,0.251771679044815,1,0.2758960440015271,1,0.2051747727924773,-1
2026-04-25 12:00:00+00:00,0.2517,0.0013469148853247031,0.09232324659586023,-0.20469635433632477,0.2520392468936937,1,0.2760442416590132,1,0.20510900054471057,-1
2026-04-25 13:00:00+00:00,0.2521,0.0010421133275956456,0.09295661775235856,-0.19838992845913933,0.2523628537077746,1,0.2766581011504856,1,0.20673461254868264,-1
2026-04-25 14:00:00+00:00,0.251,0.0008660640225624818,0.08751762135245776,-0.19697356153810497,0.2512174762302391,1,0.2739568358226099,1,0.20612429849884964,-1
2026-04-25 15:00:00+00:00,0.2502,0.0002541392111118964,0.09201175039044003,-0.20469635433632477,0.2502635937111057,1,0.2743137017587817,1,0.20388665846756687,-1
2026-04-25 16:00:00+00:00,0.2494,0.0008426706575426716,0.08838629700585793,-0.1959728864865516,0.24961025063557032,1,0.2724470627930537,1,0.20501540994145723,-1
2026-04-25 17:00:00+00:00,0.2485,0.0004733915865688389,0.08449291426190055,-0.19548057133572944,0.24861766565803126,1,0.2704090357372577,1,0.20437617159314914,-1
2026-04-25 18:00:00+00:00,0.2488,0.0004866249969311195,0.09327615767865498,-0.20437573601015904,0.24892110176241905,1,0.27312389458173786,1,0.20281082030499945,-1
2026-04-25 19:00:00+00:00,0.2491,0.0005578470716019833,0.09328692614711111,-0.20890261136313787,0.24923899847187667,1,0.2734561687248915,1,0.2021382382076869,-1
2026-04-25 20:00:00+00:00,0.2498,0.00020642757626148663,0.08823597920031441,-0.190835236497277,0.24985157093119814,1,0.27284301056189214,1,0.20640192522289283,-1
2026-04-25 21:00:00+00:00,0.2493,0.000589766525660897,0.08893479030315847,-0.19279754432855206,0.24944707215970263,1,0.2724872382325938,1,0.20558497378378182,-1
2026-04-25 22:00:00+00:00,0.2499,-0.00024061245106714841,0.08893479030315847,-0.190835236497277,0.2498398781817974,-1,0.27314304386010907,1,0.20648455209447927,-1
2026-04-25 23:00:00+00:00,0.2503,-5.823567127538782e-05,0.08672758564305542,-0.19548057133572944,0.2502854240359044,-1,0.2729770659319317,1,0.20585656237330074,-1
2026-04-26 00:00:00+00:00,0.2493,0.0007491731373602366,0.08906136137150958,-0.2404573109772896,0.24948683884172576,1,0.2725217294161959,1,0.19601666469146292,-1
2026-04-26 01:00:00+00:00,0.2487,0.0006528647918274518,0.08342081518044159,-0.24340440032440833,0.2488624204872672,1,0.2703366856341069,1,0.19496946381580374,-1
2026-04-26 02:00:00+00:00,0.2494,6.535506680932958e-05,0.08463575251349273,-0.2404573109772896,0.24941630008630306,1,0.27142715176862686,1,0.19609529151243826,-1
2026-04-26 03:00:00+00:00,0.2494,3.392126419094184e-05,0.09966199409367466,-0.2441670516522279,0.2494084601067772,1,0.2755364782694851,1,0.19536917651526386,-1
2026-04-26 04:00:00+00:00,0.2501,-0.00039855530776813133,0.08647714011811161,-0.23428859178640776,0.25000034117862246,-1,0.27269064331906717,1,0.1978624804284929,-1
2026-04-26 05:00:00+00:00,0.2506,3.392126419094184e-05,0.08220913531413697,-0.2441670516522279,0.2506085008129846,1,0.2720721198820712,1,0.1963092046300125,-1
2026-04-26 06:00:00+00:00,0.2513,0.0009640111967112921,0.08463575251349273,-0.24430359192292395,0.2515423728200196,1,0.2734949608638971,1,0.19683067721480288,-1
2026-04-26 07:00:00+00:00,0.2515,6.176882183475587e-06,0.09966199409367466,-0.24340440032440833,0.251501553490667,1,0.2778565528659803,1,0.19716453618687027,-1
2026-04-26 08:00:00+00:00,0.2514,0.0006528647918274518,0.08498037575632364,-0.2404573109772896,0.25156418379774415,1,0.2736980993970787,1,0.19766782793194457,-1
2026-04-26 09:00:00+00:00,0.2522,0.0009006941760038662,0.08223901956432426,-0.23428859178640776,0.2524272574005332,1,0.27381739513248227,1,0.1995238607119788,-1
2026-04-26 10:00:00+00:00,0.2525,0.0004354730094033425,0.08437142568292214,-0.23428859178640776,0.2526099808799887,1,0.2747283178918131,1,0.19976120075247683,-1
2026-04-26 11:00:00+00:00,0.2535,0.0006620038670010624,0.08535379118814522,-0.22680067912998272,0.2536678735406204,1,0.276087436433565,1,0.20205968901003055,-1
2026-04-26 12:00:00+00:00,0.2526,0.0002918714478047033,0.0832290452673016,-0.2441670516522279,0.2526737374881257,1,0.27452333190878714,1,0.1978759181545936,-1
2026-04-26 13:00:00+00:00,0.2519,0.0007815040516261549,0.08463575251349273,-0.2411763604574903,0.2520969378144313,1,0.27414795320977187,1,0.1979185975946935,-1
2026-04-26 14:00:00+00:00,0.2526,0.0006528647918274518,0.08437142568292214,-0.2328722248653734,0.25276496749128946,1,0.2748371211860277,1,0.20012356185371194,-1
2026-04-26 15:00:00+00:00,0.2529,0.00044582944820466453,0.08463575251349273,-0.23428859178640776,0.25301277540488126,1,0.2752362737862299,1,0.2000776541398075,-1
2026-04-26 16:00:00+00:00,0.2516,-5.0534220842202606e-05,0.08509492094369685,-0.2328722248653734,0.2515872859112871,-1,0.27394721607549893,1,0.19933130705619131,-1
2026-04-26 17:00:00+00:00,0.252,0.000526618910035218,0.08463575251349273,-0.23215016274161385,0.25213274291472565,1,0.27425678526741765,1,0.19979241944316975,-1
2026-04-26 18:00:00+00:00,0.2526,0.0007162351615349221,0.08463575251349273,-0.24340440032440833,0.25278098580826647,1,0.27490977761329244,1,0.19802688604693214,-1
2026-04-26 19:00:00+00:00,0.2524,0.0007162351615349221,0.08377719662412496,-0.23510237601356018,0.2525808425099227,1,0.27445637617750723,1,0.1995196553737455,-1
2026-04-26 20:00:00+00:00,0.252,0.000526618910035218,0.08509492094369685,-0.22401954942679947,0.25213274291472565,1,0.27438274424096076,1,0.20142347610908784,-1
2026-04-26 21:00:00+00:00,0.2527,0.0005615761235973144,0.09906579762106692,-0.2404573109772896,0.25284195014060734,1,0.2790159118778085,1,0.19868997660462367,-1
2026-04-26 22:00:00+00:00,0.2518,0.0007020047368244082,0.08509492094369685,-0.23428859178640776,0.2519768268521144,1,0.2741649801582299,1,0.1992074073246482,-1
2026-04-26 23:00:00+00:00,0.2522,0.00015497913696942814,0.08437142568292214,-0.21707006566587697,0.25223908876723716,1,0.27440190800916936,1,0.2029891151929311,-1
2026-04-27 00:00:00+00:00,0.2548,-0.0002946309264564717,0.12764793899218763,-0.2547493562683881,0.25472493909811345,-1,0.2894917683805646,1,0.19749821916799645,-1
2026-04-27 01:00:00+00:00,0.2559,0.0002238039833818284,0.12140361869653095,-0.17555043951035293,0.25595727784861366,1,0.28893170978340754,1,0.21469884035919135,-1
2026-04-27 02:00:00+00:00,0.2554,-0.00036308667561277985,0.11655494444836108,-0.2528682038046858,0.2553072844959492,-1,0.2869723552779182,1,0.1983360352301234,-1
2026-04-27 03:00:00+00:00,0.254,0.0006585718900994639,0.12643522551569797,-0.23301053184528425,0.2541673323542298,1,0.288233089844281,1,0.20120488860525967,-1
2026-04-27 04:00:00+00:00,0.2532,0.0002183827162942344,0.11807682993681134,-0.23301053184528425,0.25325530054188716,1,0.284933699595409,1,0.20057117242067618,-1
2026-04-27 05:00:00+00:00,0.2484,-0.0001770129004961664,0.11672511870498155,-0.23219093253526196,0.24835603388691616,-1,0.27915452143138203,1,0.19693021305473515,-1
2026-04-27 06:00:00+00:00,0.2479,-0.0002089029634837704,0.12172998947141782,-0.23301053184528425,0.24784821836420928,-1,0.2799904312596328,1,0.19637280269781054,-1
2026-04-27 07:00:00+00:00,0.247,0.00022950218357879762,0.11672511870498155,-0.23301053184528425,0.24705669354474127,1,0.2775811867695304,1,0.19565987199015408,-1
2026-04-27 08:00:00+00:00,0.2477,0.00018802625458504916,0.12582828068641047,-0.23301053184528425,0.24774657848211226,1,0.28091345067681905,1,0.19621437365166466,-1
2026-04-27 09:00:00+00:00,0.2476,0.0003518076856635181,0.12817700699336038,-0.23301053184528425,0.24768712290732586,1,0.2814603395072147,1,0.1961351591285917,-1
2026-04-27 10:00:00+00:00,0.2477,0.0006030574821950072,0.12764793899218763,-0.23301053184528425,0.24784942238895608,1,0.28142508252694604,1,0.19621437365166466,-1
2026-04-27 11:00:00+00:00,0.2478,-0.0001770129004961664,0.12268338517086468,-0.23219093253526196,0.24775614008525693,-1,0.2801444475813686,1,0.19645453621160777,-1
2026-04-27 12:00:00+00:00,0.2478,0.0003569365053050469,0.11807682993681134,-0.23301053184528425,0.24788846465320744,1,0.2788569145329477,1,0.19629358817473758,-1
2026-04-27 13:00:00+00:00,0.247,6.26919106954063e-05,0.11655494444836108,-0.23301053184528425,0.24701548538734094,1,0.27753395361646743,1,0.19565987199015408,-1
2026-04-27 14:00:00+00:00,0.2477,0.0002172359601632378,0.12158298307635254,-0.23301053184528425,0.2477538151924183,1,0.27972341728626804,1,0.19621437365166466,-1
2026-04-27 15:00:00+00:00,0.2446,-0.0002130951650162162,0.11655494444836108,-0.23301053184528425,0.24454788247583048,-1,0.27483726742748155,1,0.19375872343640363,-1
2026-04-27 16:00:00+00:00,0.2449,0.00020631221167141428,0.12140361869653095,-0.23301053184528425,0.2449505310730478,1,0.2765118238607132,1,0.19399636700562242,-1
2026-04-27 17:00:00+00:00,0.245,3.253906631873429e-05,0.12764793899218763,-0.23273866397803275,0.24500797220095138,1,0.2783574695966967,1,0.19412835161605171,-1
2026-04-27 18:00:00+00:00,0.2458,4.8913071282221205e-05,0.12172998947141782,-0.23219093253526196,0.2458120231269628,1,0.2776185881549727,1,0.1948689467345165,-1
2026-04-27 19:00:00+00:00,0.2453,0.000707876314958317,0.11672511870498155,-0.23301053184528425,0.24547370353311432,1,0.2756707089658535,1,0.19431322509791416,-1
2026-04-27 20:00:00+00:00,0.2458,-0.00019534363653884358,0.1278490585922345,-0.23301053184528425,0.24575198922359126,-1,0.27932256353986984,1,0.19470929771327886,-1
2026-04-27 21:00:00+00:00,0.2451,9.201873959361084e-05,0.12764793899218763,-0.23301053184528425,0.24512255483079207,1,0.27847108489040967,1,0.1941547960517683,-1
2026-04-27 22:00:00+00:00,0.2469,-0.0004302668144734459,0.11672511870498155,-0.23219093253526196,0.24679378997446974,-1,0.2774688057222553,1,0.1957410209469167,-1
2026-04-27 23:00:00+00:00,0.2482,-0.0017786028262333114,0.12764793899218763,-0.2528682038046858,0.2477589431273,-1,0.28199315899551075,1,0.1927447296167448,-1
2026-04-28 00:00:00+00:00,0.2478,0.00023520297489831857,0.12338944236082904,-0.2623867892629468,0.24785829015191965,1,0.2803423154275997,1,0.190611091091191,-1
2026-04-28 01:00:00+00:00,0.2478,0.00016738735556839565,0.12338944236082904,-0.2623867892629468,0.247841482058399,1,0.2803423154275997,1,0.190611091091191,-1
2026-04-28 02:00:00+00:00,0.2474,0.00028912076751569507,0.1173244864449938,-0.24037609697259146,0.24747153881906417,1,0.2781974035476021,1,0.19453855370640358,-1
2026-04-28 03:00:00+00:00,0.2473,0.00018478387143428353,0.1173244864449938,-0.26199466901463164,0.24734570127370475,1,0.2780849551225626,1,0.19030109065250922,-1
2026-04-28 04:00:00+00:00,0.2475,0.00016738735556839565,0.12632127586927577,-0.23955649766256912,0.24754143183798932,1,0.2808250444687512,1,0.19477676040958083,-1
2026-04-28 05:00:00+00:00,0.2478,-0.0002839192218591382,0.1173244864449938,-0.2621312092853277,0.24772965480347256,-1,0.2786471972477599,1,0.19065981369558188,-1
2026-04-28 06:00:00+00:00,0.2464,0.00019358610310046958,0.1138183333054526,-0.24037609697259146,0.2464477042330933,1,0.27610316026661263,1,0.19375222163806727,-1
2026-04-28 07:00:00+00:00,0.2471,-0.001324651775777901,0.1124666220736228,-0.24037609697259146,0.24677289524398419,-1,0.276513525081034,1,0.19430265408590267,-1
2026-04-28 08:00:00+00:00,0.2468,-0.0006923889335459893,0.11850482463638033,-0.23955649766256912,0.2466291775558102,-1,0.2778504770526561,1,0.19422587664276586,-1
2026-04-28 09:00:00+00:00,0.246,0.00014870160691423374,0.1173244864449938,-0.23955649766256912,0.24603658331523237,1,0.27662312559704977,1,0.1935962951949773,-1
2026-04-28 10:00:00+00:00,0.2465,0.00018478387143428353,0.1124666220736228,-0.24037609697259146,0.24654555343294876,1,0.27584210413789917,1,0.1938308548449009,-1
2026-04-28 11:00:00+00:00,0.2456,0.00011520010324252465,0.115166737745775,-0.23955649766256912,0.24562829477510562,1,0.2755780617019358,1,0.19328150447108305,-1
2026-04-28 12:00:00+00:00,0.2464,-2.7971658356864813e-05,0.1124666220736228,-0.23992716818772136,0.24639310787977334,-1,0.2757302006473767,1,0.19383922211454108,-1
2026-04-28 13:00:00+00:00,0.2464,-0.00029433458363503504,0.12632127586927577,-0.23955649766256912,0.24632748663071202,-1,0.2795769331600012,1,0.1939110859188716,-1
2026-04-28 14:00:00+00:00,0.2461,-0.0001189239890558035,0.1173244864449938,-0.24037609697259146,0.2460707345465101,-1,0.2767355740220892,1,0.19351632201756638,-1
2026-04-28 15:00:00+00:00,0.2465,-9.917480680677605e-05,0.1124666220736228,-0.24037609697259146,0.24647555462232498,-1,0.27584210413789917,1,0.1938308548449009,-1
2026-04-28 16:00:00+00:00,0.2462,-0.0003414215466181602,0.11229644781700233,-0.26281426832465393,0.24611595636319325,-1,0.27545951355960213,1,0.18929941074985002,-1
2026-04-28 17:00:00+00:00,0.2462,-0.0003414215466181602,0.11842488853950593,-0.2621312092853277,0.24611595636319325,-1,0.27715283426791637,1,0.18942875759423836,-1
2026-04-28 18:00:00+00:00,0.2471,-0.0005271232169589688,0.1237134353157332,-0.25968603748922214,0.24696978217652363,-1,0.2796409750131235,1,0.1905866745306021,-1
2026-04-28 19:00:00+00:00,0.2474,-2.7971658356864813e-05,0.1124666220736228,-0.24740753854337408,0.24739307990850617,-1,0.27684923555260144,1,0.19317546508779468,-1
2026-04-28 20:00:00+00:00,0.2475,-0.0004011856308582047,0.11842488853950593,-0.26050563679924443,0.24740072647125072,-1,0.27861627327907923,1,0.1907387985437269,-1
2026-04-28 21:00:00+00:00,0.2476,-0.00010551949029662718,0.12359056196087591,-0.25968603748922214,0.24757387475258819,-1,0.28017239293702845,1,0.1909723213831529,-1
2026-04-28 22:00:00+00:00,0.2467,-0.00020610890868546505,0.12338944236082904,-0.26199466901463164,0.24664915817188415,-1,0.27909785801448284,1,0.18983938157692692,-1
2026-04-28 23:00:00+00:00,0.2468,-0.00044117264460232804,0.1124666220736228,-0.1569367893391262,0.24669114260553004,-1,0.27617781460946655,1,0.21095429585522554,-1
2026-04-29 00:00:00+00:00,0.247,4.96738194769682e-06,0.025093785138726826,-0.47757850904318794,0.24700122694638846,1,0.25327658723557245,1,0.15321004569598123,-1
2026-04-29 01:00:00+00:00,0.2474,0.000796684066789359,0.03438415725823534,-0.4281633050651944,0.24759717817204852,1,0.2560545780377556,1,0.1612318118996267,-1
2026-04-29 02:00:00+00:00,0.2474,0.0006342810312530788,0.03438415725823534,-0.3709081509001583,0.24755697090370277,1,0.2560545780377556,1,0.17073255205271434,-1
2026-04-29 03:00:00+00:00,0.2491,-0.0005358184807147615,0.0357663764326501,-0.26205187114485495,0.248966563368553,-1,0.2581706495667303,1,0.19167525333285973,-1
2026-04-29 04:00:00+00:00,0.2495,-0.0006800774554902134,0.03464302750268371,-0.35602827395711606,0.24933037835931968,-1,0.25829489671204703,1,0.17476297743791105,-1
2026-04-29 05:00:00+00:00,0.2494,-0.00040401068621636054,0.04300595435354268,-0.4010912792468923,0.24929926008622877,-1,0.26035966124459864,1,0.16699548130537686,-1
2026-04-29 06:00:00+00:00,0.2488,0.0007584520617038515,0.040873548234944795,-0.4335956838829003,0.24898877445208872,1,0.2591800280154677,1,0.16126575833058132,-1
2026-04-29 07:00:00+00:00,0.2495,0.0006935372450360821,0.025093785138726826,-0.3709081509001583,0.24967309756050085,1,0.25584011544645885,1,0.17218177743392168,-1
2026-04-29 08:00:00+00:00,0.2494,0.0007162351615349221,0.025943256724361992,-0.44776057225148963,0.2495786930347651,1,0.25595490841728774,1,0.15938098385973637,-1
2026-04-29 09:00:00+00:00,0.2528,0.0011660739676658137,0.03464302750268371,-0.2585895185178673,0.25309495543553184,1,0.2617112219992204,1,0.19519696852378438,-1
2026-04-29 10:00:00+00:00,0.2525,0.00035045122167566,0.03438415725823534,-0.2704124730075573,0.252588504440812,1,0.26133298688170287,1,0.19267383317217235,-1
2026-04-29 11:00:00+00:00,0.2513,0.0012954936072284821,0.03559551252913258,-0.37180734249867387,0.2516257685134483,1,0.2604062618474948,1,0.1732680993300316,-1
2026-04-29 12:00:00+00:00,0.2491,0.001020814585209594,0.04606156794999698,-0.36445476980606323,0.24935441474622452,1,0.2608422948003705,1,0.17301869503787828,-1
2026-04-29 13:00:00+00:00,0.2476,0.0006110743950683625,0.030745372412288537,-0.3041935358672696,0.2477513482580319,1,0.2553307882217146,1,0.18265899604488178,-1
2026-04-29 14:00:00+00:00,0.2463,-0.0005333760386767011,0.0236870778925357,-0.28349254884950953,0.24616866451038913,-1,0.2522037728111458,1,0.18550053317033716,-1
2026-04-29 15:00:00+00:00,0.2441,0.0006090817600029375,0.030745372412288537,-0.2734881291226509,0.24424872214499188,1,0.2517215080974174,1,0.1856920856193559,-1
2026-04-29 16:00:00+00:00,0.2435,0.0006321337499252408,0.030745372412288537,-0.28349254884950953,0.2436539732288168,1,0.25110277436182354,1,0.18339171671529475,-1
2026-04-29 17:00:00+00:00,0.2451,0.0014865173159771066,0.024235229249359055,-0.2889563316725823,0.24546461633124894,1,0.2511126190010261,1,0.18359090847705226,-1
2026-04-29 18:00:00+00:00,0.2417,0.0005083650295427592,0.04300595435354268,-0.28877927075496373,0.2418229030648037,1,0.2523212915910966,1,0.18107621445111624,-1
2026-04-29 19:00:00+00:00,0.2417,0.0002918714478047033,0.024235229249359055,-0.2835589970407752,0.24177055562501976,1,0.24762921261749493,1,0.18202395342986388,-1
2026-04-29 20:00:00+00:00,0.2432,0.0005286381477719999,0.040873548234944795,-0.2835589970407752,0.24332859878565527,1,0.25334639394437997,1,0.1831536014652168,-1
2026-04-29 21:00:00+00:00,0.2443,0.000609285090700252,0.04300595435354268,-0.2889563316725823,0.2444488937024084,1,0.2550355462792921,1,0.1829916725456706,-1
2026-04-29 22:00:00+00:00,0.2442,-0.00014269503886804995,0.03438415725823534,-0.2835589970407752,0.24416515635757502,-1,0.25274263523371027,1,0.18390670015545207,-1
2026-04-29 23:00:00+00:00,0.2446,0.0006349141211845516,0.03438415725823534,-0.28349254884950953,0.24475534930555704,1,0.25315662808421596,1,0.18422018032263285,-1
2026-04-30 00:00:00+00:00,0.2467,-0.003728678778019671,0.08412647337067453,-0.2197348968703087,0.2457818477566141,-1,0.26835198533662674,1,0.19803387990042703,-1
2026-04-30 01:00:00+00:00,0.2469,-0.003728678778019671,0.08173174044745846,-0.2197348968703087,0.24598110340943666,-1,0.2679271557866824,1,0.19819442621570912,-1
2026-04-30 02:00:00+00:00,0.2465,-0.0025634949317967564,0.08119463986222765,-0.2242153602856268,0.24586890774581183,-1,0.26734945780144426,1,0.19698875249954262,-1
2026-04-30 03:00:00+00:00,0.2468,-0.002342774735731052,0.07854136955329083,-0.2197348968703087,0.24622247995904994,-1,0.26696556007156946,1,0.19811415305806807,-1
2026-04-30 04:00:00+00:00,0.2449,-0.0007944596571485155,0.08106077858641626,-0.2242153602856268,0.24470551409579613,-1,0.265578573568965,1,0.19571012368007298,-1
2026-04-30 05:00:00+00:00,0.2452,-0.0010042793564997406,0.08106077858641626,-0.2197348968703087,0.24495387431194646,-1,0.265903904610495,1,0.19682978253581154,-1
2026-04-30 06:00:00+00:00,0.2456,-0.0017680877718090162,0.08106077858641626,-0.2191871654275379,0.2451661413063942,-1,0.266337679332535,1,0.19725889047866504,-1
2026-04-30 07:00:00+00:00,0.2468,-0.0037939554336910712,0.08173174044745846,-0.2197348968703087,0.245865425786452,-1,0.2678186393201831,1,0.19811415305806807,-1
2026-04-30 08:00:00+00:00,0.2466,-0.0017941336837236249,0.07623008604090452,-0.2242153602856268,0.24615796328864364,-1,0.26613339732297303,1,0.1970686668007595,-1
2026-04-30 09:00:00+00:00,0.2471,-0.0023202017023133247,0.08119463986222765,-0.2242153602856268,0.24652734275641458,-1,0.26800020698879057,1,0.19746823830684374,-1
2026-04-30 10:00:00+00:00,0.2459,-0.0005295479686646546,0.08119463986222765,-0.2242153602856268,0.24576981862618852,-1,0.26669870861409795,1,0.1965092666922415,-1
2026-04-30 11:00:00+00:00,0.2462,-0.0011452106128958864,0.07623008604090452,-0.2242153602856268,0.2459182105320471,-1,0.26570171298019446,1,0.19674900959589206,-1
2026-04-30 12:00:00+00:00,0.2458,-0.0015162414610526774,0.0765293218805885,-0.2197348968703087,0.24542759025177074,-1,0.26534941881477897,1,0.19731142148165773,-1
2026-04-30 13:00:00+00:00,0.246,0.0007648199598712384,0.07512968394639238,-0.2242153602856268,0.24618821767727167,1,0.26519389027796053,1,0.19658918099345835,-1
2026-04-30 14:00:00+00:00,0.2461,-0.0005395774668727052,0.08119463986222765,-0.2197348968703087,0.24596724580420987,-1,0.2669156250098801,1,0.19755224095458085,-1
2026-04-30 15:00:00+00:00,0.2475,-0.0005718687283991067,0.08119463986222765,-0.21955783595269016,0.24735850295244574,-1,0.2684340397803548,1,0.19871124604244927,-1
2026-04-30 16:00:00+00:00,0.2463,-0.0009204965961260562,0.07623008604090452,-0.22355497771288796,0.24607338600308165,-1,0.2658096340658891,1,0.19695894921676366,-1
2026-04-30 17:00:00+00:00,0.2462,0.0002179610760657708,0.08119463986222765,-0.2197348968703087,0.24625366786546782,1,0.2670240832077711,1,0.19763251411222188,-1
2026-04-30 18:00:00+00:00,0.2461,-0.0006519545902028491,0.08119463986222765,-0.2191871654275379,0.24593960626574796,-1,0.2669156250098801,1,0.1976604761677503,-1
2026-04-30 19:00:00+00:00,0.2463,-0.0007056139679905449,0.08106077858641626,-0.21955783595269016,0.2461262685805503,-1,0.26709678509610485,1,0.1977477975767889,-1
2026-04-30 20:00:00+00:00,0.2466,-0.0006204783104207001,0.08119463986222765,-0.2242153602856268,0.24644703750851188,-1,0.2674579159993353,1,0.1970686668007595,-1
2026-04-30 21:00:00+00:00,0.2464,-0.0008080753241836222,0.07512968394639238,-0.2191871654275379,0.24620097066629812,-1,0.2656250998556483,1,0.1979014275812014,-1
2026-04-30 22:00:00+00:00,0.2459,0.00016787662305936763,0.07512968394639238,-0.2191871654275379,0.24594128432685,1,0.2650860878835386,1,0.19749984189211617,-1
2026-04-30 23:00:00+00:00,0.2463,0.00017880037155119114,0.08412647337067453,-0.2197348968703087,0.24634404246880062,1,0.2679168787531867,1,0.1977127872698629,-1
2026-05-01 00:00:00+00:00,0.2464,0.0005033032929492515,0.10499990318138498,-0.267633107249861,0.2465240451449291,1,0.27367906789441615,1,0.18854243942954146,-1
2026-05-01 01:00:00+00:00,0.2473,-0.00016736913216355517,0.10569871428422901,-0.2668704559220414,0.24725861307715924,-1,0.27487072296086895,1,0.1893754814565706,-1
2026-05-01 02:00:00+00:00,0.2473,-0.00045031521095065865,0.10855016443732604,-0.267633107249861,0.24718866211878407,-1,0.27565562164385343,1,0.1892311090540812,-1
2026-05-01 03:00:00+00:00,0.2488,0.0007417212477248974,0.10515022098692849,-0.2668704559220414,0.24898460870206882,1,0.2763863157632686,1,0.19052413985602412,-1
2026-05-01 04:00:00+00:00,0.2487,0.0007026653201711663,0.10435006551349374,-0.2668704559220414,0.24887481427589841,1,0.27605425329875866,1,0.19044756262939389,-1
2026-05-01 05:00:00+00:00,0.2487,-0.00019725589709840006,0.10972054173342907,-0.2638830425540959,0.2486509472965182,-1,0.27754078421811074,1,0.19101735890862764,-1
2026-05-01 06:00:00+00:00,0.2484,0.00034086723061407386,0.10435006551349374,-0.267633107249861,0.2484846858525806,1,0.2757212566120292,1,0.19007281637296308,-1
2026-05-01 07:00:00+00:00,0.2486,0.0004049658364652185,0.10569871428422901,-0.267633107249861,0.24870069489456523,1,0.27631565599705626,1,0.19022585406730522,-1
2026-05-01 08:00:00+00:00,0.2493,0.00043802663727785077,0.10349150962412597,-0.2638830425540959,0.24940922396042906,1,0.27648276883331596,1,0.19147819692770754,-1
2026-05-01 09:00:00+00:00,0.2481,0.0007703573657942597,0.11000165278705544,-0.2638830425540959,0.24829119929889204,1,0.2769490470182676,1,0.1905565208895477,-1
2026-05-01 10:00:00+00:00,0.2481,0.00010728584170405235,0.10855016443732604,-0.2638830425540959,0.24812661904522454,1,0.27654735030262856,1,0.1905565208895477,-1
2026-05-01 11:00:00+00:00,0.2478,0.0011224286319122913,0.10569871428422901,-0.26776964752055704,0.24807829396832964,1,0.2754264664363256,1,0.18958781515098866,-1
2026-05-01 12:00:00+00:00,0.2488,0.0006909003067121735,0.10569871428422901,-0.2668704559220414,0.2489719553914862,1,0.27653795338723897,1,0.19052413985602412,-1
2026-05-01 13:00:00+00:00,0.2505,-0.00028161308214317275,0.10569871428422901,-0.28097186418114295,0.25042946585505826,-1,0.2784274812037916,1,0.18913991956944456,-1
2026-05-01 14:00:00+00:00,0.2503,0.00035157494698633864,0.10499990318138498,-0.2668704559220414,0.2503880146802024,1,0.27801083885540734,1,0.19167279825547764,-1
2026-05-01 15:00:00+00:00,0.2502,0.0008311382699977182,0.10515022098692849,-0.2684527065598833,0.2504080372370322,1,0.27794154422817446,1,0.1912933074916809,-1
2026-05-01 16:00:00+00:00,0.2495,0.00034086723061407386,0.10515022098692849,-0.26776964752055704,0.24958506087044627,1,0.27716392999572154,1,0.19088845795065243,-1
2026-05-01 17:00:00+00:00,0.2501,7.232808431172911e-05,0.10294335826730261,-0.2631639930738952,0.2501180899080827,1,0.2772179988574135,1,0.19223082140917783,-1
2026-05-01 18:00:00+00:00,0.2498,0.0009314049231636668,0.10972054173342907,-0.2684527065598833,0.250032773336094,1,0.2787683469951108,1,0.19098748285940004,-1
2026-05-01 19:00:00+00:00,0.2498,0.00010728584170405235,0.1031351281804426,-0.2684527065598833,0.24982680144093952,1,0.27693857366445684,1,0.19098748285940004,-1
2026-05-01 20:00:00+00:00,0.2485,0.0005033032929492515,0.10435006551349374,-0.267633107249861,0.24862510234786883,1,0.27583225550760565,1,0.19014933522013414,-1
2026-05-01 21:00:00+00:00,0.2487,0.0004371755761468585,0.1012568382429711,-0.2668704559220414,0.24880874933533237,1,0.2752016740448041,1,0.19044756262939389,-1
2026-05-01 22:00:00+00:00,0.2482,-0.00019642201878603457,0.10402807868515782,-0.26776964752055704,0.2481512528426016,-1,0.27541056596805097,1,0.18989384875090956,-1
2026-05-01 23:00:00+00:00,0.2482,-0.00019725589709840006,0.10435006551349374,-0.2684527065598833,0.2481510459147399,-1,0.27549925882087617,1,0.1897641843302766,-1
2026-05-02 00:00:00+00:00,0.2484,-0.0007380391778530796,0.09360458408647482,-0.24621858106880812,0.24821673870354816,-1,0.27277436023552987,1,0.19418703042358865,-1
2026-05-02 01:00:00+00:00,0.2481,0.0002132451683472559,0.095485417971691,-0.24621858106880812,0.24815291176765583,1,0.27295782843881744,1,0.19395250502452632,-1
2026-05-02 02:00:00+00:00,0.2482,-0.0013267652050947107,0.09273006195476459,-0.24092986758281998,0.24787091523347854,-1,0.2723164841918359,1,0.19505957118911446,-1
2026-05-02 03:00:00+00:00,0.2481,-0.000166211466606064,0.09381357574442407,-0.24621858106880812,0.24805876636198168,-1,0.27250186726874254,1,0.19395250502452632,-1
2026-05-02 04:00:00+00:00,0.2479,-0.0002681625784709172,0.09478660686884696,-0.24621858106880812,0.2478335314093897,-1,0.2725472642657689,1,0.1937961547584848,-1
2026-05-02 05:00:00+00:00,0.2472,-0.000253463845588765,0.09327821331158795,-0.2446363304309662,0.24713735167724826,-1,0.2713680286548531,1,0.193554939096869,-1
2026-05-02 06:00:00+00:00,0.248,0.0004184930701953099,0.09327821331158795,-0.24621858106880812,0.248103808001358,1,0.27224624233982025,1,0.19387432989150558,-1
2026-05-02 07:00:00+00:00,0.2476,0.0009675002566398063,0.095485417971691,-0.24164891706302072,0.24783966898475085,1,0.27240773204938007,1,0.19444816501233264,-1
2026-05-02 08:00:00+00:00,0.2481,0.0003570591502856638,0.09493692467439047,-0.24539898175878586,0.2481886021923563,1,0.27280815395095215,1,0.19411153352474386,-1
2026-05-02 09:00:00+00:00,0.2488,0.0003435052036373325,0.09381357574442407,-0.2446363304309662,0.24888547877502648,1,0.27327071574551853,1,0.19480772187419498,-1
2026-05-02 10:00:00+00:00,0.2489,-0.0005728665316767007,0.09413676920095572,-0.170670655119174,0.24875745435397892,-1,0.2734689203268911,1,0.20984739042125677,-1
2026-05-02 11:00:00+00:00,0.2482,0.0002817136817989375,0.095485417971691,-0.19897496111349355,0.2482699311856459,1,0.27306784771670495,1,0.20341737680607813,-1
2026-05-02 12:00:00+00:00,0.2478,0.0006920210628580372,0.09856237805897254,-0.2603199893279104,0.24797154216792702,1,0.27346792727540103,1,0.1910054534755688,-1
2026-05-02 13:00:00+00:00,0.2488,0.00010689646957800064,0.09309200612452505,-0.2538798780132324,0.24882659726318243,1,0.2730736030228571,1,0.1930153043385156,-1
2026-05-02 14:00:00+00:00,0.2499,0.00048388694643996936,0.09327821331158795,-0.1714333064469936,0.25002095260924967,1,0.27433199984161727,1,0.21052986749487007,-1
2026-05-02 15:00:00+00:00,0.25,-0.0006316877776371533,0.10435738553773512,-0.1728646246614312,0.24984212792377083,-1,0.2774992702352037,1,0.2103128729604776,-1
2026-05-02 16:00:00+00:00,0.2506,-0.0005279882040590097,0.09856237805897254,-0.18875219702099338,0.2504677210799905,-1,0.27655796035195923,1,0.20749471001475328,-1
2026-05-02 17:00:00+00:00,0.2498,-0.0007288334219757355,0.10435738553773512,-0.25993625400603043,0.24961800374172466,-1,0.27727727081901554,1,0.1926209645572216,-1
2026-05-02 18:00:00+00:00,0.2504,-0.0015206088881535526,0.09856237805897254,-0.25911665469600814,0.2500195288816006,-1,0.27633724370363366,1,0.19324194107535117,-1
2026-05-02 19:00:00+00:00,0.2513,-0.00034036697646023807,0.09856237805897254,-0.39855421523561735,0.2512144803336763,-1,0.2773304686210988,1,0.16869514821762008,-1
2026-05-02 20:00:00+00:00,0.2511,-0.0006207144081638135,0.09292183186790458,-0.24621858106880812,0.25094418697480764,-1,0.27555110156904294,1,0.19629775901514937,-1
2026-05-02 21:00:00+00:00,0.2511,-0.00047341908180244827,0.09950724542089105,-0.24539898175878586,0.2509811526030919,-1,0.2773717076702871,1,0.1964587104718387,-1
2026-05-02 22:00:00+00:00,0.251,0.0004693106955618595,0.09292183186790458,-0.24539898175878586,0.25111782463060306,1,0.27544136397383423,1,0.1963804712402689,-1
2026-05-02 23:00:00+00:00,0.2501,0.0005428292080437593,0.09413676920095572,-0.24539898175878586,0.2502357984392768,1,0.2747873723332883,1,0.19567631815614042,-1
2026-05-03 00:00:00+00:00,0.2498,0.00010689646957800064,0.08672758564305542,-0.20972221067316013,0.24982670416536565,1,0.27243176615979436,1,0.20254020033528475,-1
2026-05-03 01:00:00+00:00,0.2483,-0.000253463845588765,0.09295661775235856,-0.20972221067316013,0.24823707290234928,-1,0.2724879274718984,1,0.20132398616193434,-1
2026-05-03 02:00:00+00:00,0.2478,-5.6723163191451785e-05,0.09201175039044003,-0.2090391516338339,0.247785944398804,-1,0.27168239526709076,1,0.20105586757263366,-1
2026-05-03 03:00:00+00:00,0.2481,0.0004109166068776767,0.09780675786920263,-0.20972221067316013,0.24820196935918307,1,0.2735921923385635,1,0.2011618242721543,-1
2026-05-03 04:00:00+00:00,0.2484,-0.0006620818526673666,0.08672758564305542,-0.20890261136313787,0.24823559329914965,-1,0.27090492679781,1,0.20157020622556976,-1
2026-05-03 05:00:00+00:00,0.2484,-0.00047658359876851967,0.09323772880598491,-0.20972221067316013,0.2482816448393703,-1,0.272674309874219,1,0.2014050671068244,-1
2026-05-03 06:00:00+00:00,0.2485,-0.0006754708094616676,0.09201175039044003,-0.20972221067316013,0.24833220218149288,-1,0.27244985966050067,1,0.20148614805171441,-1
2026-05-03 07:00:00+00:00,0.2488,-0.000638400032947372,0.08596471732689481,-0.20655385770725748,0.248641216760808,-1,0.2711342479725121,1,0.2023695543967662,-1
2026-05-03 08:00:00+00:00,0.2483,-0.0003288965428362468,0.08672758564305542,-0.17127020242166738,0.24821834841661153,-1,0.27079586684338247,1,0.20921605836932813,-1
2026-05-03 09:00:00+00:00,0.2494,0.00017106043896289555,0.0746181071746301,-0.2817941459211045,0.24944266612261615,1,0.2687216647568703,1,0.18815458532506787,-1
2026-05-03 10:00:00+00:00,0.2486,-0.000100506195015966,0.07604698463030468,-0.2818936967899658,0.2485750154154928,-1,0.2682426989234659,1,0.18753237220852173,-1
2026-05-03 11:00:00+00:00,0.2496,-0.0002625866972059017,0.07408592206014922,-0.19032984461034047,0.24953446696480558,-1,0.26879407300019337,1,0.2063409281632965,-1
2026-05-03 12:00:00+00:00,0.2501,0.0007504418887691432,0.07171658787286275,-0.1784256742632486,0.2502877559575374,1,0.2686951392972368,1,0.20923021723717014,-1
2026-05-03 13:00:00+00:00,0.2498,-0.0005904976580552056,0.07375955128526235,-0.2546797987823692,0.24965253722751357,-1,0.26892167036839565,1,0.1936361337909125,-1
2026-05-03 14:00:00+00:00,0.2501,0.0009147972366484115,0.08360977864953231,-0.1916852285399041,0.2503288954693946,1,0.27190986060365946,1,0.2064742297767779,-1
2026-05-03 15:00:00+00:00,0.2507,-0.0006754708094616676,0.0711684365160394,-0.18361273706760894,0.25053071664748594,-1,0.2691921512949144,1,0.20864709166024606,-1
2026-05-03 16:00:00+00:00,0.2511,0.0006710322302134511,0.016953598786523052,-0.18091681138451204,0.251268552738842,1,0.2553933396000521,1,0.20954414953115696,-1
2026-05-03 17:00:00+00:00,0.2507,-0.0007288334219757355,0.09415886582550774,-0.19193658266712596,0.250517348030626,-1,0.27545268484379987,1,0.2069175536741662,-1
2026-05-03 18:00:00+00:00,0.2507,0.0001549485054245858,0.07918159693851894,-0.19193658266712596,0.25073884859999845,1,0.2713578968322609,1,0.2069175536741662,-1
2026-05-03 19:00:00+00:00,0.2509,-0.0004451497961501319,0.08433201082497127,-0.18091681138451204,0.2507883367714216,-1,0.27297670563426174,1,0.20937724857573592,-1
2026-05-03 20:00:00+00:00,0.2502,-0.0007979955072710146,0.07953698827887988,-0.18401116822164393,0.25000042116617804,-1,0.27091295941304033,1,0.20814801346130304,-1
2026-05-03 21:00:00+00:00,0.2493,0.00018031493859047636,0.07985773458316936,-0.19193658266712596,0.24934495656723912,1,0.27002504801264826,1,0.20576205078168983,-1
2026-05-03 22:00:00+00:00,0.251,-0.0008280369667038738,0.07859212091696136,-0.19193658266712596,0.2507922487460867,-1,0.27152251389661686,1,0.20716516143683975,-1
2026-05-03 23:00:00+00:00,0.2495,-0.000974539792082644,0.07875963853268823,-0.18091681138451204,0.24925697076194125,-1,0.269945086161061,1,0.2082089418877884,-1
2026-05-04 00:00:00+00:00,0.249,7.012067256522872e-05,0.08447280126039154,-0.1962623774436284,0.2490174606596382,1,0.2709476686784605,1,0.20462734978984795,-1
2026-05-04 01:00:00+00:00,0.2521,0.0012757829511050305,0.01855720257556727,-0.1962623774436284,0.25242183013101926,1,0.25682194833798705,1,0.2071749192049023,-1
2026-05-04 02:00:00+00:00,0.2535,-0.00036505674747022644,-0.027489063617526524,-0.19601102331640655,0.2534074750039809,-1,0.24662642921350977,-1,0.20837780446378917,-1
2026-05-04 03:00:00+00:00,0.2537,0.0008661887640545796,0.019902133910662256,-0.1962623774436284,0.25391984729032135,1,0.2587997510058325,1,0.2084897937417045,-1
2026-05-04 04:00:00+00:00,0.2534,-0.00021455559160691331,0.005665372815477895,-0.19172334936272392,0.2533456374451904,-1,0.25483967978207694,1,0.20919062519103937,-1
2026-05-04 05:00:00+00:00,0.2531,0.0008870039150635365,-0.003862778166280263,-0.19511183171789093,0.2533246002868436,1,0.25212421667668206,-1,0.2082361632439317,-1
2026-05-04 06:00:00+00:00,0.2531,-0.0004328337259099221,-0.003862778166280263,-0.1962623774436284,0.25299047348906606,-1,0.25212421667668206,-1,0.20799671579040369,-1
2026-05-04 07:00:00+00:00,0.2517,0.0004942215498068133,0.08676829912016788,-0.18833696299814637,0.2518244263086353,1,0.2745150815298918,1,0.20849205586438488,-1
2026-05-04 08:00:00+00:00,0.2516,-0.0006004993698930302,0.08784097212887773,-0.182889536197408,0.2514489597128723,-1,0.27470052298917375,1,0.20954761413130382,-1
2026-05-04 09:00:00+00:00,0.253,0.0007225063220140257,0.08536159187397675,-0.19601102331640655,0.25318286015032226,1,0.2755450347087559,1,0.20796680287707558,-1
2026-05-04 10:00:00+00:00,0.2483,0.000580878093246666,0.09264926306711471,-0.1962623774436284,0.24844427392927887,1,0.27240418989994425,1,0.20405209217999698,-1
2026-05-04 11:00:00+00:00,0.2485,0.0006042873488686789,0.08759060825391464,-0.19601102331640655,0.24865021078686197,1,0.27124797890640034,1,0.2042677885966533,-1
2026-05-04 12:00:00+00:00,0.2491,-8.602416967287769e-05,0.08823444718394517,-0.19601102331640655,0.2490785723009977,-1,0.2720780216463468,1,0.2047609905007096,-1
2026-05-04 13:00:00+00:00,0.25,-0.0012641881155198364,0.08701950985089403,-0.19511183171789093,0.24968415265841268,-1,0.27272949078936437,1,0.20568566104694955,-1
2026-05-04 14:00:00+00:00,0.2524,-0.0012306936304569006,0.023462685313085874,-0.1962623774436284,0.2520895639926635,-1,0.2583920011119337,1,0.20742145818055271,-1
2026-05-04 15:00:00+00:00,0.2508,0.0006471455482916392,0.014935838620567783,-0.19511183171789093,0.2509623566320312,1,0.25457402226117504,1,0.2063438551622998,-1
2026-05-04 16:00:00+00:00,0.2506,0.00026287342988364203,0.01659616070647299,-0.19186650799606847,0.2506658847408233,1,0.2547937012869203,1,0.20684951215694664,-1
2026-05-04 17:00:00+00:00,0.2521,0.0005905298953395979,0.008025387591925814,-0.19511183171789093,0.2522489165521255,1,0.2541313404564975,1,0.2074134205997439,-1
2026-05-04 18:00:00+00:00,0.2522,-0.00021819128955643188,0.030179335956655975,-0.1962623774436284,0.25214497815963527,-1,0.25992724358440583,1,0.20725709886345242,-1
2026-05-04 19:00:00+00:00,0.2511,-0.00017131353301838757,0.09119390797818473,-0.19601102331640655,0.25105698685633104,-1,0.2750753813603239,1,0.20640499684756394,-1
2026-05-04 20:00:00+00:00,0.2498,-0.00035511194422438035,0.0873758912945774,-0.18833696299814637,0.24971130878491968,-1,0.27260844247738936,1,0.20691821833501528,-1
2026-05-04 21:00:00+00:00,0.251,0.0005988986493143157,0.08555336178711674,-0.19172334936272392,0.2511503685842544,1,0.2734192416474559,1,0.20720934065884325,-1
2026-05-04 22:00:00+00:00,0.2503,0.0003042809517307507,0.09765168221623446,-0.19601102331640655,0.2503761731106438,1,0.27597544121525913,1,0.20574739430882222,-1
2026-05-04 23:00:00+00:00,0.2499,8.980122209249077e-06,0.09765168221623446,-0.19601102331640655,0.24990224414261644,1,0.2755344097470765,1,0.20541859303945134,-1
2026-05-05 00:00:00+00:00,0.2507,-0.0008774803186289109,0.04248788205493013,-0.2167752016921591,0.2504801121718494,-1,0.26158123548663215,1,0.2018413117905363,-1
2026-05-05 01:00:00+00:00,0.251,-8.468109785200297e-05,0.04113655804058166,-0.2181868207384593,0.2509787459443602,-1,0.2615405915241201,1,0.2017977823258017,-1
2026-05-05 02:00:00+00:00,0.2516,0.00046697774691705944,0.050018141445995846,-0.2181868207384593,0.2517175190383766,1,0.26450460630071293,1,0.20228016746283548,-1
2026-05-05 03:00:00+00:00,0.2526,-0.00026934592562657196,0.010587578222729316,-0.2181868207384593,0.252531972381079,-1,0.25528863018473197,1,0.20308414269122513,-1
2026-05-05 04:00:00+00:00,0.2522,0.0003663889029917181,0.047044850255319896,-0.2167752016921591,0.2522924202111705,1,0.26434822650947115,1,0.20304897819534604,-1
2026-05-05 05:00:00+00:00,0.2529,0.0005759985897949939,0.01473426581629431,-0.2167752016921591,0.25304571200428505,1,0.25665388326858446,1,0.20361255585092394,-1
2026-05-05 06:00:00+00:00,0.2548,0.00040305339213020613,-0.0654628980409909,-0.21793546661123744,0.25490271870348513,1,0.2386542914918351,-1,0.2049043852843352,-1
2026-05-05 07:00:00+00:00,0.2566,0.0007156323861824127,-0.0007677323699617377,-0.21793546661123744,0.2567836969922131,1,0.256403075476206,-1,0.20635190448964053,-1
2026-05-05 08:00:00+00:00,0.2568,0.0006718493543578984,-0.025771142718217538,-0.19843158930919186,0.2569725888845725,1,0.25026651977352676,-1,0.21058007456175862,-1
2026-05-05 09:00:00+00:00,0.2574,0.000653174085251743,-0.030733186774903005,-0.19923547733481942,0.25756818192960346,1,0.2496096027689231,-1,0.21090247394373868,-1
2026-05-05 10:00:00+00:00,0.2591,0.0001911617161312709,-0.046471526785464734,-0.1892665124277074,0.25914953473507124,1,0.24733471995796358,-1,0.21442233005310346,-1
2026-05-05 11:00:00+00:00,0.2585,0.0005893865043901786,0.01414119022152017,-0.21793546661123744,0.25865240131861333,1,0.2621814664818027,1,0.20787984142857396,-1
2026-05-05 12:00:00+00:00,0.2588,0.0008181223016314838,-0.05350225032148545,-0.21793546661123744,0.25901181668582496,1,0.24531750548790976,-1,0.20812109462945816,-1
2026-05-05 13:00:00+00:00,0.2586,-0.0013470195007179483,-0.056313358510161095,-0.18433198393766886,0.25825189526168496,-1,0.24443981124372027,-1,0.21506718816463938,-1
2026-05-05 14:00:00+00:00,0.257,-0.0006849443541791864,0.018525699921035397,-0.18433198393766886,0.25682402957283096,-1,0.26180547988228176,1,0.21373653270809098,-1
2026-05-05 15:00:00+00:00,0.2568,4.2893287359402174e-05,0.04895227000795017,-0.21793546661123744,0.25681101523243194,1,0.26968371376133027,1,0.20651273995689665,-1
2026-05-05 16:00:00+00:00,0.2575,-0.0006161184961169595,0.0710664200964562,-0.21793546661123744,0.25734139835097175,-1,0.276465527918315,1,0.2070756640922932,-1
2026-05-05 17:00:00+00:00,0.2582,0.0006195021391802422,-0.02447617549723312,-0.18803833112203672,0.2583600050089417,1,0.2519569659566596,-1,0.21394011668558646,-1
2026-05-05 18:00:00+00:00,0.2579,0.00015568753616634003,0.05685238441940914,-0.19008029665485981,0.2579401549413082,1,0.2729870333871831,1,0.213255636242266,-1
2026-05-05 19:00:00+00:00,0.2587,0.000750790418384093,0.0333350226853515,-0.18849581331182116,0.25889430241230355,1,0.26746911771507376,1,0.21425636726229896,-1
2026-05-05 20:00:00+00:00,0.2613,-0.0007397955040364503,0.00837425717095117,-0.2167752016921591,0.26110676292156937,-1,0.2634973812752054,1,0.21037548771785852,-1
2026-05-05 21:00:00+00:00,0.264,0.0007615051150152124,-0.037023822729568404,-0.1892665124277074,0.264201113915283,1,0.25440443905180693,-1,0.21847740306452842,-1
2026-05-05 22:00:00+00:00,0.2625,0.00046697774691705944,0.007183052600329171,-0.18803833112203672,0.2626226102844748,1,0.2643923395584184,1,0.21750302335385924,-1
2026-05-05 23:00:00+00:00,0.262,-0.0003609021759130327,-0.003961123471083974,-0.1892665124277074,0.2619054606906582,-1,0.2609642383946797,-1,0.2168222712231305,-1
2026-05-06 00:00:00+00:00,0.2608,0.00038983786540535526,-0.0022114772307577075,-0.1916852285399041,0.2609016895352255,1,0.26022388400671664,-1,0.21530779338578038,-1
2026-05-06 01:00:00+00:00,0.2632,0.00011251632708513155,-0.006049918697984673,-0.1801864922256344,0.2632296159633973,1,0.2616124684592353,-1,0.21980212443353686,-1
2026-05-06 02:00:00+00:00,0.262,0.00019614179709364116,0.01473533630306925,-0.17733425186045718,0.26205139419094825,1,0.2658892423862778,1,0.21942494808897908,-1
2026-05-06 03:00:00+00:00,0.264,0.0008442546259049129,-0.03295459751945633,-0.18361273706760894,0.264222977332817,1,0.255441777158544,-1,0.21971612364700824,-1
2026-05-06 04:00:00+00:00,0.2623,-0.0010254340986953366,-0.0037614478618375304,-0.1907860369413885,0.26203116649499053,-1,0.26131522547594305,-1,0.2167409474672375,-1
2026-05-06 05:00:00+00:00,0.2641,-0.0012343967455413056,-0.010837316510439976,-0.17856374142090556,0.26377419694598714,-1,0.26125331776900174,-1,0.2209119217327445,-1
2026-05-06 06:00:00+00:00,0.2637,-0.001047985466156084,-0.008231530546778823,-0.1811869337837688,0.2634237909893684,-1,0.2615382548367845,-1,0.21999947490971097,-1
2026-05-06 07:00:00+00:00,0.265,-0.0010254340986953366,-0.006321436255793687,-0.17733425186045718,0.2647283992419843,-1,0.26333010302668064,-1,0.22193744749457808,-1
2026-05-06 08:00:00+00:00,0.2721,0.0009237116849869991,-0.03058908279843134,-0.18091681138451204,0.2723514580689837,1,0.2639027233252171,-1,0.22706874985036962,-1
2026-05-06 09:00:00+00:00,0.2731,0.0009237116849869991,-0.10977328555682055,-0.17856374142090556,0.2733523822074217,1,0.2447077748479523,-1,0.2284401583688471,-1
2026-05-06 10:00:00+00:00,0.271,0.0008235052565914556,-0.0957160665081982,-0.17733425186045718,0.2712232618405687,1,0.24626366093004062,-1,0.22696244630577608,-1
2026-05-06 11:00:00+00:00,0.2718,-0.00034259371610575367,-0.03408605255382852,-0.1515395454242816,0.2717068989767858,-1,0.26269152871091084,-1,0.2335805431774539,-1
2026-05-06 12:00:00+00:00,0.2719,-0.001047985466156084,-0.10231057054685848,-0.18091681138451204,0.27161520200989486,-1,0.24545749139252337,-1,0.22690184889494852,-1
2026-05-06 13:00:00+00:00,0.2652,0.0005257932296909427,-0.049477164736446345,-0.18401116822164393,0.2653394770293396,1,0.25239797144618226,-1,0.22062691115082964,-1
2026-05-06 14:00:00+00:00,0.2657,0.0005394847493782424,0.028339674651618154,-0.17733425186045718,0.265843379770032,1,0.27333756342549914,1,0.22252369735588448,-1
2026-05-06 15:00:00+00:00,0.2676,-0.000579815668480894,-0.10166917921040944,-0.17141380957906868,0.2674448863001369,-1,0.24173066432950036,-1,0.2254457421482011,-1
2026-05-06 16:00:00+00:00,0.2668,-0.00017131353301838757,-0.0625387384587374,-0.17733425186045718,0.2667542974642339,-1,0.2506256961173923,-1,0.22344494713793744,-1
2026-05-06 17:00:00+00:00,0.2658,-0.00021819128955643188,-0.1151787719766052,-0.1811869337837688,0.26574201108180434,-1,0.23688276926400723,-1,0.22175146162685316,-1
2026-05-06 18:00:00+00:00,0.2659,0.0005060744103064534,-0.005936311384182257,-0.16558085861895513,0.2660345992414437,1,0.26432621067634987,-1,0.2253240165007801,-1
2026-05-06 19:00:00+00:00,0.2664,-0.00014267662434955632,-0.08660947751729024,-0.16739884210187714,0.266361993658646,-1,0.2442981635757687,-1,0.2253376843793754,-1
2026-05-06 20:00:00+00:00,0.2662,0.00045890600977062525,-0.02066002487536494,-0.18082098901495147,0.2663221888142472,1,0.26075672410033984,-1,0.2221664591620763,-1
2026-05-06 21:00:00+00:00,0.2686,0.0006716956490241066,-0.04798799890946374,-0.17856374142090556,0.26878047805770533,1,0.25601480764746665,-1,0.22467604005079578,-1
2026-05-06 22:00:00+00:00,0.2658,0.0008442546259049129,-0.012279585346536758,-0.16424449950651537,0.2660244976328135,1,0.2625560441934076,-1,0.22554047813819958,-1
2026-05-06 23:00:00+00:00,0.267,0.00013322820578406478,-0.01890901340661591,-0.16424449950651537,0.26703557430064184,1,0.26199872700601723,-1,0.22655871957448945,-1
2026-05-07 00:00:00+00:00,0.2655,0.0009314049231636668,0.011314578921310256,-0.18141416387477072,0.2657474032054963,1,0.2685210795956251,1,0.22145085179533675,-1
2026-05-07 01:00:00+00:00,0.2653,-0.00018580079767062518,0.005380357735155817,-0.1801864922256344,0.2652507116274292,-1,0.2667312557885191,1,0.22155586478805975,-1
2026-05-07 02:00:00+00:00,0.2647,-0.00028661479573428844,0.009034143664203156,-0.18184201683336892,0.26462414393482375,-1,0.26710217227473015,1,0.22068913722287484,-1
2026-05-07 03:00:00+00:00,0.2638,-0.0006370302738552218,0.0917970334311028,-0.17733425186045718,0.2636320049284113,-1,0.2891623438196539,1,0.22093244773233844,-1
2026-05-07 04:00:00+00:00,0.2652,0.00023772570188429625,0.031021097697603885,-0.17176261041596552,0.2652630523504249,1,0.27355572696583,1,0.22334589041961017,-1
2026-05-07 05:00:00+00:00,0.2662,0.0002799281797018138,0.014951503336614696,-0.17856374142090556,0.26627452731209733,1,0.27020999319985867,1,0.2226685102811684,-1
2026-05-07 06:00:00+00:00,0.2676,0.000903293667299902,0.10537337017028711,-0.17072437236527052,0.2678418305909469,1,0.29733715543293726,1,0.2256012264246948,-1
2026-05-07 07:00:00+00:00,0.2684,-0.00026864475076004236,0.015445441410423368,-0.17638993397129488,0.2683279054332431,-1,0.27257773691628423,1,0.22499731552342203,-1
2026-05-07 08:00:00+00:00,0.2679,0.0004371755761468585,-0.025055828319724752,-0.17856374142090556,0.2680171449414377,1,0.261270938707717,-1,0.2240905105346545,-1
2026-05-07 09:00:00+00:00,0.2668,0.0008469494381305225,0.0035560372581466843,-0.1907860369413885,0.267026061828049,1,0.2677504396382989,1,0.22045933962736927,-1
2026-05-07 10:00:00+00:00,0.2671,0.0006909003067121735,-0.0033388153700196705,-0.17072437236527052,0.26728460323579567,1,0.2662096895328787,-1,0.2251796994694917,-1
2026-05-07 11:00:00+00:00,0.268,0.00042532271564721836,0.012654334731840473,-0.1604994475253228,0.2681140107317518,1,0.2714129102193526,1,0.2282605028253957,-1
2026-05-07 12:00:00+00:00,0.2693,0.0004049658364652185,0.015069420782036234,-0.18129005284388758,0.26940907938498154,1,0.27338892651534297,1,0.22464827277556657,-1
2026-05-07 13:00:00+00:00,0.2662,0.0006052817145760501,0.07476924041707075,-0.18401116822164393,0.26636117476556864,1,0.2868665561202348,1,0.22145883766346472,-1
2026-05-07 14:00:00+00:00,0.2637,0.0007694326205086002,0.09064238157274572,-0.17856374142090556,0.2639029774607539,1,0.28871916692777866,1,0.22057733343780658,-1
2026-05-07 15:00:00+00:00,0.2618,0.0007703573657942597,0.08590527650930867,-0.17733425186045718,0.2620017572609832,1,0.28528427234826387,1,0.2192574481286058,-1
2026-05-07 16:00:00+00:00,0.262,0.0006909003067121735,0.08469033917625751,-0.1745207344450813,0.26218107842672583,1,0.2851555562973531,1,0.2200431732876606,-1
2026-05-07 17:00:00+00:00,0.2628,0.0007267840374785792,0.08357268105007988,-0.16875620077695466,0.26299106826932306,1,0.2857067592916387,1,0.22199105445962725,-1
2026-05-07 18:00:00+00:00,0.2635,0.0005890047038076555,0.08469033917625751,-0.17543054805947703,0.2636552484560004,1,0.28678812627615474,1,0.22110170956475228,-1
2026-05-07 19:00:00+00:00,0.263,0.0007703573657942597,0.08590527650930867,-0.16875620077695466,0.2632026820459839,1,0.28659191607178536,1,0.2221599974234474,-1
2026-05-07 20:00:00+00:00,0.2616,0.0006909003067121735,0.08590527650930867,-0.1604994475253228,0.2617808019711125,1,0.285066331727677,1,0.22280950574299818,-1
2026-05-07 21:00:00+00:00,0.2616,0.0007703573657942597,0.07340316984157898,-0.17733425186045718,0.2618016031301498,1,0.2815245878030894,1,0.21908994816823255,-1
2026-05-07 22:00:00+00:00,0.2619,-0.00014763167575117202,0.07604698463030468,-0.16875620077695466,0.26186133811805024,-1,0.2825935754145444,1,0.22123081112243678,-1
2026-05-07 23:00:00+00:00,0.2627,0.0006909003067121735,0.08357268105007988,-0.1515395454242816,0.2628815622240491,1,0.2855980428687728,1,0.22576014971566274,-1
2026-05-08 00:00:00+00:00,0.262,0.0008379091207859376,0.07707434588615777,-0.20378385638067797,0.2622196241893519,1,0.2829920625284524,1,0.21369732557305643,-1
2026-05-08 01:00:00+00:00,0.2619,0.0008333583326634062,0.0927851943087659,-0.22629491995757375,0.2621183475155487,1,0.28736349452247045,1,0.20886076453440883,-1
2026-05-08 02:00:00+00:00,0.2613,0.0008379091207859376,0.10338582703093101,-0.2364909027497634,0.2615190374071666,1,0.28976058109177566,1,0.20626840751228814,-1
2026-05-08 03:00:00+00:00,0.2619,0.0006455351323719831,0.07288480215875934,-0.22348140254219787,0.26206912023182094,1,0.2817013743585234,1,0.20944922536703348,-1
2026-05-08 04:00:00+00:00,0.2623,0.0006349141211845516,0.07195071510577136,-0.23172027699264816,0.2624665908538332,1,0.2818682045609554,1,0.208047955804621,-1
2026-05-08 05:00:00+00:00,0.2613,0.0008379091207859376,0.07848107693750044,-0.20961680734079152,0.2615190374071666,1,0.2826332863659572,1,0.2118868413998308,-1
2026-05-08 06:00:00+00:00,0.2615,0.0006110743950683625,0.07100584774385285,-0.23083243012510052,0.2616598447878649,1,0.2807431322737013,1,0.2075976545667479,-1
2026-05-08 07:00:00+00:00,0.262,0.0007162351615349221,0.07057796708989643,-0.2243912161565936,0.26218772083042685,1,0.28115959753191916,1,0.2093386525199702,-1
2026-05-08 08:00:00+00:00,0.2634,-0.0009256744257103152,-0.08616627898444931,-0.20892737012699336,0.263156290171648,-1,0.24165413515830908,-1,0.21373702819796114,-1
2026-05-08 09:00:00+00:00,0.2635,-0.0006986330770858481,0.08545691273042681,-0.23172027699264816,0.2633159744748324,-1,0.2870080547543155,1,0.20899975735614806,-1
2026-05-08 10:00:00+00:00,0.264,-0.0006986330770858481,-0.0714709317830321,-0.2243912161565936,0.2638156252802875,-1,0.24579016186295655,-1,0.21093665750103865,-1
2026-05-08 11:00:00+00:00,0.2644,-0.0007397955040364503,-0.08972108738414722,-0.20961680734079152,0.26420447040360867,-1,0.24171081217987814,-1,0.2144006156376398,-1
2026-05-08 12:00:00+00:00,0.2641,0.0008057887903122779,-0.08711632896218995,-0.20378385638067797,0.26431289458203605,1,0.24206626000197273,-1,0.21541016673222976,-1
2026-05-08 13:00:00+00:00,0.264,0.0005286381477719999,0.07548604950429351,-0.22629491995757375,0.2641395973660074,1,0.28469976038707695,1,0.21053547856847626,-1
2026-05-08 14:00:00+00:00,0.2673,0.0008296678772515872,-0.0023467385016536233,-0.2280139298082803,0.2675218622468525,1,0.2666734522579054,-1,0.21280105035553745,-1
2026-05-08 15:00:00+00:00,0.2696,-0.001297742230252151,0.05540165422583536,-0.23482369418756432,0.2692503556179348,-1,0.28495778123104026,1,0.2131754818234705,-1
2026-05-08 16:00:00+00:00,0.2691,-0.001297742230252151,0.009910569162962169,-0.23172027699264816,0.2687510040681983,-1,0.2717801933453041,1,0.21344149792994094,-1
2026-05-08 17:00:00+00:00,0.2709,-0.0011459957802914457,0.0342258768303466,-0.20378385638067797,0.27058972756252797,-1,0.2803322833794746,1,0.2209565095333625,-1
2026-05-08 18:00:00+00:00,0.2718,-0.0013741487684448678,0.03623518799783417,-0.23172027699264816,0.2714267628651428,-1,0.28182933415920736,1,0.2155830514208768,-1
2026-05-08 19:00:00+00:00,0.2718,-0.001298449445327648,0.05540165422583536,-0.23083243012510052,0.2714473104650775,-1,0.2872831043716496,1,0.2157745411519773,-1
2026-05-08 20:00:00+00:00,0.2715,0.0007807751176148575,-0.016566889937040172,-0.23172027699264816,0.27171206322050245,1,0.26703914267571166,-1,0.21534510103299506,-1
2026-05-08 21:00:00+00:00,0.276,6.172967883014615e-05,-0.03559247222921363,-0.23130149395403662,0.2760170379172243,1,0.2663492436003487,-1,0.2190060536699754,-1
2026-05-08 22:00:00+00:00,0.275,0.0007815040516261549,-0.018806930289845137,-0.20378385638067797,0.275214997614008,1,0.2698764245502159,-1,0.22430062798698672,-1
2026-05-08 23:00:00+00:00,0.2734,0.0007815040516261549,0.015834600102823632,-0.2243912161565936,0.2736137467187992,1,0.2777636367134577,1,0.21844728091206048,-1
2026-05-09 00:00:00+00:00,0.2757,-0.0026401941211495338,0.11942523437713375,-0.1920184955838847,0.27497305853635806,-1,0.31067226691545063,1,0.22753289525048798,-1
2026-05-09 01:00:00+00:00,0.2776,-0.002558129580696297,0.12158298307635254,-0.19264634805967248,0.276890770765309,-1,0.3134889811815422,1,0.22895715284625945,-1
2026-05-09 02:00:00+00:00,0.2773,-0.0006357958828879987,0.12268338517086468,-0.19264634805967248,0.2771237498371763,-1,0.313494977055341,1,0.22870972076465323,-1
2026-05-09 03:00:00+00:00,0.2763,-5.1847605484949505e-05,0.11807682993681134,-0.20234381927472814,0.27628567487796934,-1,0.31092883569593804,1,0.22568572014894736,-1
2026-05-09 04:00:00+00:00,0.2752,-2.4863075412708856e-05,0.12158298307635254,-0.19264634805967248,0.2751931577667063,-1,0.3107787018053329,1,0.22697769619340993,-1
2026-05-09 05:00:00+00:00,0.276,0.0004770234489872029,0.11942523437713375,-0.19022744681021098,0.2761316898790035,1,0.3110103216128559,1,0.22818881424765633,-1
2026-05-09 06:00:00+00:00,0.2749,-0.00022480167151813738,0.11655494444836108,-0.19245816244430877,0.2748382089661237,-1,0.30888293056342875,1,0.22677293550102207,-1
2026-05-09 07:00:00+00:00,0.2752,-0.0009001243489269692,0.12764793899218763,-0.19022744681021098,0.27495239723253306,-1,0.31266928829800383,1,0.22752739739476455,-1
2026-05-09 08:00:00+00:00,0.2758,0.000135801771418125,0.11672511870498155,-0.17882642575668725,0.27583745667184073,1,0.3099469283847631,1,0.2306380364022176,-1
2026-05-09 09:00:00+00:00,0.2731,0.00012589149683328642,0.12158298307635254,-0.1763190050599671,0.27313438313201177,1,0.30840720735114974,1,0.22895352226637655,-1
2026-05-09 10:00:00+00:00,0.2731,-9.07233759639223e-05,0.12158298307635254,-0.17126585076975345,0.2730752245698966,-1,0.30840720735114974,1,0.23011338776129223,-1
2026-05-09 11:00:00+00:00,0.2736,-6.184158561669497e-05,0.12701302165593478,-0.17126585076975345,0.27358308066533993,-1,0.31065414127001933,1,0.23053468653053663,-1
2026-05-09 12:00:00+00:00,0.2732,-0.00039564902056734615,0.11807682993681134,-0.1909006123819663,0.27309193006787214,-1,0.3074403109378584,1,0.2257218559257129,-1
2026-05-09 13:00:00+00:00,0.2725,-0.0005806334938995901,0.12268338517086468,-0.18931763319581524,0.27234182329870166,-1,0.30806845022567775,1,0.22550018535312744,-1
2026-05-09 14:00:00+00:00,0.2712,-2.4863075412708856e-05,0.12764793899218763,-0.1781369885428891,0.2711932572177716,-1,0.30812467654948633,1,0.22694769388672464,-1
2026-05-09 15:00:00+00:00,0.2704,-2.4863075412708856e-05,0.12268338517086468,-0.17882642575668725,0.2703932771079846,-1,0.30569434473769996,1,0.22612228079463248,-1
2026-05-09 16:00:00+00:00,0.2706,-2.4863075412708856e-05,0.12276332126773908,-0.19180768174015803,0.2705932721354314,-1,0.3059449050864063,1,0.22337099280391454,-1
2026-05-09 17:00:00+00:00,0.2717,0.0003663756350308792,0.12158298307635254,-0.1585608966875197,0.2717995624975608,1,0.306826211048361,1,0.23186089927133982,-1
2026-05-09 18:00:00+00:00,0.272,-2.4863075412708856e-05,0.12268338517086468,-0.19180768174015803,0.27199323732755853,-1,0.3075031870142545,1,0.22452664465138492,-1
2026-05-09 19:00:00+00:00,0.2727,-0.0010165921038855245,0.12701302165593478,-0.1763190050599671,0.27242291619773606,-1,0.30963225264742056,1,0.2286181820653273,-1
2026-05-09 20:00:00+00:00,0.2724,-0.00021246008917563092,0.13057977250063454,-0.17882642575668725,0.2723421320192444,-1,0.31039675896505514,1,0.22779478287151586,-1
2026-05-09 21:00:00+00:00,0.2721,-2.4863075412708856e-05,0.12158298307635254,-0.1781369885428891,0.2720932348412819,-1,0.3072779242777292,1,0.22770083888856113,-1
2026-05-09 22:00:00+00:00,0.2723,-2.4863075412708856e-05,0.12158298307635254,-0.16752079878856088,0.2722932298687286,-1,0.3075037808924133,1,0.23030018287313006,-1
2026-05-09 23:00:00+00:00,0.2708,1.735382475622057e-05,0.12701302165593478,-0.17126585076975345,0.27080469945652064,1,0.3074749322219343,1,0.22817541342276798,-1
2026-05-10 00:00:00+00:00,0.2704,0.0008379091207859376,0.08218413288729932,-0.20998755643929432,0.27062666557557535,1,0.2935613002914513,1,0.21918470753158303,-1
2026-05-10 01:00:00+00:00,0.2697,0.0008379091207859376,0.08406714850457567,-0.1858488786719276,0.2699260787933901,1,0.2933532102282812,1,0.2239586309351512,-1
2026-05-10 02:00:00+00:00,0.2703,0.0006935372450360821,0.0827207019483312,-0.20378385638067797,0.27048752813869087,1,0.29361023463115427,1,0.22046712634502727,-1
2026-05-10 03:00:00+00:00,0.27,0.0010595057439503344,0.08406714850457567,-0.20560183986359998,0.27028621814897846,1,0.2936795208069556,1,0.21982243770609203,-1
2026-05-10 04:00:00+00:00,0.2702,0.0006503121070230153,0.0992084749837951,-0.20378385638067797,0.27037577147828323,1,0.2983809126130937,1,0.22038556248030472,-1
2026-05-10 05:00:00+00:00,0.2697,0.0008379091207859376,0.08439133754740237,-0.18602574800823057,0.2699260787933901,1,0.2934483275418776,1,0.22391902302355413,-1
2026-05-10 06:00:00+00:00,0.2696,0.0008379091207859376,0.08746829763468393,-0.19873070209046434,0.26982599496736365,1,0.2942435061308318,1,0.22101016080358746,-1
2026-05-10 07:00:00+00:00,0.2707,0.0007360352781198517,0.08218413288729932,-0.20127563288746703,0.2708993180933628,1,0.29388699700035453,1,0.22134787605835932,-1
2026-05-10 08:00:00+00:00,0.2731,0.0006036591579591748,0.08334365324380096,-0.18602574800823057,0.2732649090854707,1,0.2968365592351559,1,0.22674188056259784,-1
2026-05-10 09:00:00+00:00,0.2719,0.0009223646058190824,0.08163598153047597,-0.20961680734079152,0.2721509066322323,1,0.2950280194951593,1,0.2204823275033065,-1
2026-05-10 10:00:00+00:00,0.2726,0.0007584520617038515,0.08182775144361595,-0.18237758987189115,0.2728068324583577,1,0.29584429061852385,1,0.22715393817574034,-1
2026-05-10 11:00:00+00:00,0.2728,0.0008379091207859376,0.08439133754740237,-0.19873070209046434,0.27302867740021064,1,0.29682129682396813,1,0.22363342680719087,-1
2026-05-10 12:00:00+00:00,0.273,0.001020814585209594,0.0830426887766671,-0.1858488786719276,0.2732788246716953,1,0.2966385766013333,1,0.22669894788763917,-1
2026-05-10 13:00:00+00:00,0.2744,0.0006674763779530615,0.08406714850457567,-0.19498565010927177,0.2745832166577035,1,0.29846540929418003,1,0.22578907019580932,-1
2026-05-10 14:00:00+00:00,0.2755,0.0004927018719299059,0.0872427877004994,-0.18602574800823057,0.27563577281072904,1,0.3006150120306027,1,0.22873448588427575,-1
2026-05-10 15:00:00+00:00,0.2815,0.0006776648308706032,0.08309411738015278,-0.19873070209046434,0.28169082730106265,1,0.3058903073459124,1,0.23076543125448762,-1
2026-05-10 16:00:00+00:00,0.2846,0.000767180126925026,0.0825105036621862,-0.20378385638067797,0.28481842323839374,1,0.30907846889953206,1,0.2321307590003506,-1
2026-05-10 17:00:00+00:00,0.2869,0.000570481406266588,0.0830426887766671,-0.20560183986359998,0.28706371781000095,1,0.31174215247956966,1,0.23358169399214,-1
2026-05-10 18:00:00+00:00,0.2868,-0.00048099258894094334,0.08182775144361595,-0.20378385638067797,0.28666208449631825,-1,0.3112551083983589,1,0.23392516402424648,-1
2026-05-10 19:00:00+00:00,0.287,0.0006090817600029375,0.0830426887766671,-0.20378385638067797,0.28717485971164547,1,0.3118508112988375,1,0.23408829175369153,-1
2026-05-10 20:00:00+00:00,0.2778,-2.7482230919899185e-05,0.08406714850457567,-0.19873070209046434,0.27779236554115694,-1,0.30216359585248986,1,0.2277322799378212,-1
2026-05-10 21:00:00+00:00,0.2794,0.0007213333052791332,0.08218413288729932,-0.20961680734079152,0.27960161323192245,1,0.3033322015585484,1,0.22656403936897332,-1
2026-05-10 22:00:00+00:00,0.2832,0.0007815040516261549,0.08182775144361595,-0.19873070209046434,0.2834214084519529,1,0.3073481405105134,1,0.23215904131890197,-1
2026-05-10 23:00:00+00:00,0.2824,0.0003545775819920167,0.08182775144361595,-0.20378385638067797,0.28250015046365984,1,0.3064799254243255,1,0.2303363539764547,-1
2026-05-11 00:00:00+00:00,0.2796,-0.001049093296734819,0.12036572100895819,-0.14424687793551283,0.27930682732386636,-1,0.31536343364708386,1,0.2420424520397924,-1
2026-05-11 01:00:00+00:00,0.2804,-0.0018290437373586416,0.1210892162697329,-0.16924384017804034,0.2798876048754387,-1,0.3164946606412771,1,0.23674256212225084,-1
2026-05-11 02:00:00+00:00,0.2776,-0.000202111673456008,0.12058771644636175,-0.16924384017804034,0.2775438994689257,-1,0.31317713127234853,1,0.2343785137130415,-1
2026-05-11 03:00:00+00:00,0.2765,0.0006949327761654349,0.11798027679383603,-0.14050182595432026,0.27669221569336694,1,0.31112386037251477,1,0.24025695465528785,-1
2026-05-11 04:00:00+00:00,0.2772,-0.000202111673456008,0.11663162802310076,-0.14050182595432026,0.2771439803054258,-1,0.311491140166183,1,0.24086520011011134,-1
2026-05-11 05:00:00+00:00,0.2786,-0.0005191513348871249,0.11663162802310076,-0.15459153016606567,0.2784554019754768,-1,0.31306432774277987,1,0.2386947481409563,-1
2026-05-11 06:00:00+00:00,0.2783,-0.00034238573485346563,0.11663162802310076,-0.17004525796658423,0.2782047303604038,-1,0.3127272161192234,1,0.23478129249443028,-1
2026-05-11 07:00:00+00:00,0.2778,-0.00025793024982032124,0.12638272392512423,-0.1719296922319352,0.27772835621654657,-1,0.31522420711116594,1,0.23391825999884264,-1
2026-05-11 08:00:00+00:00,0.2765,-0.0005423830588748168,0.11663162802310076,-0.14875857920595212,0.2763500717471688,-1,0.3107045463778846,1,0.23828137940594785,-1
2026-05-11 09:00:00+00:00,0.2783,-0.0009515727978398996,0.11663162802310076,-0.13154192385327906,0.27803530324944825,-1,0.3127272161192234,1,0.2439974427434297,-1
2026-05-11 10:00:00+00:00,0.2788,-0.0004997388461691087,0.1168580250133301,-0.14424687793551283,0.2786607076174942,-1,0.3133600045569197,1,0.24134991283510057,-1
2026-05-11 11:00:00+00:00,0.2794,-0.0015740296160859726,0.12058771644636175,-0.17101122560008844,0.27896056206015957,-1,0.3152078187229617,1,0.23548170418969416,-1
2026-05-11 12:00:00+00:00,0.2787,0.00015793084818088021,0.11577307213373299,-0.1675321023422631,0.27874401880326,1,0.3129079339763397,1,0.23571037626176897,-1
2026-05-11 13:00:00+00:00,0.2807,-0.00018834565922331016,0.1212395340752764,-0.1571222178140394,0.2806471363519316,-1,0.3168809075866405,1,0.23988610916255826,-1
2026-05-11 14:00:00+00:00,0.2803,-0.00017653603822859158,0.11663162802310076,-0.15459153016606567,0.2802505213159985,-1,0.3149746269429332,1,0.2401512487577532,-1
2026-05-11 15:00:00+00:00,0.2824,-5.87242892121266e-05,0.1212395340752764,-0.1673401363770602,0.2823834167476511,-1,0.3188000295777245,1,0.23888550277194906,-1
2026-05-11 16:00:00+00:00,0.2816,-0.0002598151170200104,0.1210892162697329,-0.16924384017804034,0.2815268455667725,-1,0.31784913137155363,1,0.23775572572619774,-1
2026-05-11 17:00:00+00:00,0.2817,-0.0004137742211443993,0.12161040397967005,-0.1675321023422631,0.28158346391338057,-1,0.31812776501365353,1,0.2382476246607116,-1
2026-05-11 18:00:00+00:00,0.2802,0.0008785783673751056,0.11663162802310076,-0.16924384017804034,0.28044628583339887,1,0.31486225640174775,1,0.23657370152159304,-1
2026-05-11 19:00:00+00:00,0.2812,0.0002095359874456898,0.11663162802310076,-0.17101122560008844,0.28125892769319033,1,0.31598596181360267,1,0.2369987659919184,-1
2026-05-11 20:00:00+00:00,0.2809,-0.0007239893502630231,0.11408799119933914,-0.17252286709175443,0.28069670499210136,-1,0.31484697442403853,1,0.23638831775207073,-1
2026-05-11 21:00:00+00:00,0.2805,0.00046484429133030326,0.11663162802310076,-0.16829952228887804,0.28063041913366465,1,0.31519936802530424,1,0.23705073801501686,-1
2026-05-11 22:00:00+00:00,0.2807,-0.0007979955072710146,0.11685923164152583,-0.17004525796658423,0.2804760920117753,-1,0.3154959089468882,1,0.2368059964182055,-1
2026-05-11 23:00:00+00:00,0.2804,0.0008785783673751056,0.12638272392512423,0.05894790687068958,0.2806464616262849,1,0.31817446966872187,1,0.29742588325497543,1
2026-05-12 00:00:00+00:00,0.2813,0.00013245423438879646,0.10348047252314145,0.01912107691922562,0.28133726184382357,1,0.3119684896566505,1,0.28673051210153466,1
2026-05-12 01:00:00+00:00,0.2777,-0.00033603848080712527,0.10348047252314145,0.01910949528007395,0.2776066977913241,-1,0.30797600276449294,1,0.2830577356103337,1
2026-05-12 02:00:00+00:00,0.2783,-0.0005271232169589688,0.10348047252314145,0.01912107691922562,0.2781533402659916,-1,0.30864141724651917,1,0.2836725969351479,1
2026-05-12 03:00:00+00:00,0.2772,0.00010032838640113915,0.10383001115958351,-0.018270158017606862,0.2772278124238749,1,0.3075289651669544,1,0.2721814962227461,-1
2026-05-12 04:00:00+00:00,0.2775,-0.00017958616470646973,0.10397701755464879,0.018402393117669,0.2774501693138788,-1,0.3079070497008134,1,0.2826539410681104,1
2026-05-12 05:00:00+00:00,0.2776,-0.0005271232169589688,0.11191483638049371,0.01912107691922562,0.27745370915501,-1,0.31047272800785264,1,0.2829590833963243,1
2026-05-12 06:00:00+00:00,0.2769,-0.00020333116581357937,0.11053876704289438,0.01976674472437381,0.2768437033238146,-1,0.3092639740698891,1,0.2824278655800099,1
2026-05-12 07:00:00+00:00,0.2769,-0.0014138426594975495,0.09283509596888859,0.018725861988702148,0.276508783591977,-1,0.30383704641057874,1,0.2821340442339663,1
2026-05-12 08:00:00+00:00,0.2762,2.1978264947514115e-05,0.08990326246044171,-0.018270158017606862,0.27620607046348744,1,0.302181703430913,1,0.27119960049322683,-1
2026-05-12 09:00:00+00:00,0.2759,0.00016738735556839565,0.09010438206048858,0.018402393117669,0.27594618603677273,1,0.30191419765559646,1,0.2810242246511411,1
2026-05-12 10:00:00+00:00,0.2745,-0.0003295636240842242,0.10397701755464879,-0.018270158017606862,0.27440954969057346,-1,0.30457832483918296,1,0.26953037775304406,-1
2026-05-12 11:00:00+00:00,0.2745,-0.00019793973851525164,0.08990326246044171,-0.0189772601800118,0.274445670918897,-1,0.30032178708104856,1,0.26933985960593615,-1
2026-05-12 12:00:00+00:00,0.2743,0.00010032838640113915,0.08990326246044171,0.01910949528007395,0.27432752145695843,1,0.3001029733928292,1,0.2795921385592889,1
2026-05-12 13:00:00+00:00,0.2719,6.424612188108932e-05,0.10159421409922806,-0.018270158017606862,0.2719174690816938,1,0.3009754096021412,1,0.2669774488562939,-1
2026-05-12 14:00:00+00:00,0.2694,-0.00039556593773040863,0.08990326246044171,0.013491456121995494,0.26929345561043033,-1,0.29474203803145527,1,0.27305922692499623,1
2026-05-12 15:00:00+00:00,0.2691,0.0001789873576603509,0.10365064677976192,0.014039892631483563,0.2691481698087112,1,0.2984891860423566,1,0.2729047819730952,1
2026-05-12 16:00:00+00:00,0.2677,-0.0002711960941257328,0.10383001115958351,0.0717080278118856,0.2676274106490217,-1,0.29698955258006376,1,0.2876012517792223,1
2026-05-12 17:00:00+00:00,0.2704,-0.000501529880354308,0.10159421409922806,0.013491456121995494,0.27026442032182396,-1,0.29931500829870905,1,0.274072809801481,1
2026-05-12 18:00:00+00:00,0.2704,-0.0004149905314272315,0.0922165573877002,0.04115887485619131,0.27028780984083906,-1,0.29652125480649943,1,0.2817615706126944,1
2026-05-12 19:00:00+00:00,0.272,0.00019965558827566903,0.09593446504395459,-0.018258576378455193,0.27205431174165196,1,0.29938684445974817,1,0.26707873162082846,-1
2026-05-12 20:00:00+00:00,0.2721,-0.001860591175798476,0.11191483638049371,0.026032591329114653,0.27159420382692717,-1,0.3043214311633166,1,0.27927647392277777,1
2026-05-12 21:00:00+00:00,0.2719,-0.000474744166965549,0.08985042848604487,-0.019261210221897127,0.27177094769683996,-1,0.297461492646132,1,0.2667129913343596,-1
2026-05-12 22:00:00+00:00,0.2717,4.5660084667508817e-05,0.10348047252314145,-0.01865379130897865,0.27171240612823444,1,0.30132185794423016,1,0.26667874323971674,-1
2026-05-12 23:00:00+00:00,0.2711,8.829887826904834e-05,0.11191483638049371,-0.0189772601800118,0.2711239388827715,1,0.30320301355521917,1,0.266003773913185,-1
2026-05-13 00:00:00+00:00,0.2716,-0.0008231051856206613,0.047558058710170374,-0.026014631949583675,0.2713765366111389,-1,0.28482884453983115,1,0.2646255383218736,-1
2026-05-13 01:00:00+00:00,0.2733,-0.0005560052275795765,0.05187222021410656,0.010309891688114695,0.273148086007703,-1,0.28785080656440337,1,0.276132268501416,1
2026-05-13 02:00:00+00:00,0.2735,-0.0003414215466181602,0.05214688184203549,0.010321473327266361,0.27340663714595187,-1,0.2881405850892484,1,0.27633754156892126,1
2026-05-13 03:00:00+00:00,0.2741,-0.00030309963432971276,0.05983358771846826,0.008353856084581342,0.27401693297965796,-1,0.2910009672436208,1,0.27639938293763533,1
2026-05-13 04:00:00+00:00,0.2744,0.00020513047446439622,0.05294546745533592,0.008353856084581342,0.27445629357575957,1,0.2893197168501728,1,0.2767018995917079,1
2026-05-13 05:00:00+00:00,0.2731,0.0008964564005962778,0.05214688184203549,-0.02640984688010714,0.2733449320120348,1,0.28771917289898985,1,0.26598187878682955,-1
2026-05-13 06:00:00+00:00,0.2727,0.00017488143933258634,0.05161826663966285,-0.027973148480288545,0.27274769433881174,1,0.28714593087812695,1,0.26517742794803745,-1
2026-05-13 07:00:00+00:00,0.2733,0.00018580518782440985,0.053955366420515904,0.010309891688114695,0.2733507852757701,1,0.28845106687803845,1,0.276132268501416,1
2026-05-13 08:00:00+00:00,0.274,0.0006826211620357153,0.05507871535048229,-0.02640984688010714,0.2741871020510422,1,0.28951491679232155,1,0.2668584210457389,-1
2026-05-13 09:00:00+00:00,0.2772,-0.0008570577423879357,0.05214688184203549,0.009926258396742906,0.27696252537308025,-1,0.29203864784913947,1,0.2799652604673486,1
2026-05-13 10:00:00+00:00,0.274,0.00031921670439488816,0.05214688184203549,-0.02798224919226871,0.2740874793386945,1,0.28866735032707147,1,0.26643914197154683,-1
2026-05-13 11:00:00+00:00,0.2706,0.000585531180289325,0.05294546745533592,0.002088217966218963,0.2707584911336084,1,0.2853131026955422,1,0.2711656621890771,1
2026-05-13 12:00:00+00:00,0.2679,0.00043689159102909054,0.05156822628434829,-0.0606683835375684,0.268017068828568,1,0.28207754145371805,1,0.25213014258017,-1
2026-05-13 13:00:00+00:00,0.2657,0.0005010756952561803,0.05161826663966285,0.1841059805394548,0.2658331691733613,1,0.27977511490399093,1,0.3194094535891655,1
2026-05-13 14:00:00+00:00,0.266,0.00017488143933258634,0.05161826663966285,0.031390374427834766,0.2660465225307075,1,0.2800910070171682,1,0.27448227398271513,1
2026-05-13 15:00:00+00:00,0.262,9.042595429944195e-05,0.05983358771846826,-0.32759678547239773,0.2620236926712265,1,0.27815488295450075,1,0.18881122724600244,-1
2026-05-13 16:00:00+00:00,0.2643,0.000203415677814248,0.05214688184203549,0.1841059805394548,0.2643537682321116,1,0.27844810471330284,1,0.31772645308098024,1
2026-05-13 17:00:00+00:00,0.2641,0.00017488143933258634,0.05161826663966285,0.14932093049466832,0.2641461902269167,1,0.27809035696704554,1,0.3066321282614128,1
2026-05-13 18:00:00+00:00,0.2647,-0.00037750381113820994,0.04948586052106499,0.18428284987575777,0.26460009359990155,-1,0.2781284256404459,1,0.31826359646232016,1
2026-05-13 19:00:00+00:00,0.2639,0.00034730288931556766,0.05294546745533592,0.09750156066922974,0.2639916691500493,1,0.2782488093176408,1,0.2909268334687646,1
2026-05-13 20:00:00+00:00,0.2648,0.00015769933530064106,0.05156822628434829,0.03827434904038449,0.2648417620768269,1,0.27881348628945324,1,0.2751315021765588,1
2026-05-13 21:00:00+00:00,0.264,0.00032457001038648626,0.05214688184203549,-0.2646594583803116,0.26408570038987794,1,0.278132045570609,1,0.2026113566462418,-1
2026-05-13 22:00:00+00:00,0.265,-0.0005560052275795765,0.04948586052106499,0.008898359734703301,0.26485269956839114,-1,0.27844364486104334,1,0.26736858797475627,1
2026-05-13 23:00:00+00:00,0.2648,8.51470662535392e-05,0.05327183823022281,-0.007062195417820217,0.2648225479030742,1,0.2792888811045319,1,0.262936518533525,-1
2026-05-14 00:00:00+00:00,0.2656,0.00039350551538010653,0.11578548766991954,0.05879942826694972,0.26570453563120977,1,0.2982037284004812,1,0.2816854001453615,1
2026-05-14 01:00:00+00:00,0.2655,0.0006030574821950072,0.11386446986843939,0.0034365601035479913,0.265660160049527,1,0.29751936358565084,1,0.2664139762751928,1
2026-05-14 02:00:00+00:00,0.2648,0.0002172359601632378,0.11386446986843939,-0.08358555216008975,0.2648575303308533,1,0.296734943418005,1,0.24356632123425936,-1
2026-05-14 03:00:00+00:00,0.263,0.00012185672663826988,0.1160929443049147,0.03775879475681071,0.26303205027183685,1,0.29537536655339747,1,0.27312042822202776,1
2026-05-14 04:00:00+00:00,0.2646,0.00015465741350001677,0.11578548766991954,0.0049274710371181194,0.2646409255162478,1,0.2970809733989734,1,0.26590702635914043,1
2026-05-14 05:00:00+00:00,0.2662,-0.002636277131834738,0.11386446986843939,0.11002304344234715,0.2654991472544465,-1,0.2983037837532966,1,0.297160069868194,1
2026-05-14 06:00:00+00:00,0.2654,-0.0006306624211224618,0.11151013591057152,0.04400148692598376,0.26523267496178693,-1,0.29670793104888155,1,0.2773387293692494,1
2026-05-14 07:00:00+00:00,0.2645,0.0007923317999914616,0.12818665630166404,0.10196551653181737,0.26470965480821523,1,0.300674386744899,1,0.29289282813737555,1
2026-05-14 08:00:00+00:00,0.2651,0.0004951154809709426,0.11561531341329907,0.15208582239694998,0.26523128761258813,1,0.29759170414343344,1,0.3086453662266614,1
2026-05-14 09:00:00+00:00,0.2647,0.0004079432013814224,0.12887661324113703,0.005080383396135835,0.2648080045937777,1,0.30110942065900775,1,0.26604819926976564,1
2026-05-14 10:00:00+00:00,0.2648,5.1346286384980596e-05,0.11386446986843939,0.0023148875823564984,0.26481359684570555,1,0.296734943418005,1,0.2654136922720684,1
2026-05-14 11:00:00+00:00,0.264,0.000707876314958317,0.1160929443049147,0.10004007938158518,0.2641869455064908,1,0.2964984668064522,1,0.2917768163719864,1
2026-05-14 12:00:00+00:00,0.2666,0.0004079432013814224,0.11713719890174934,0.1293233740281707,0.2667087798439786,1,0.2997313599480284,1,0.3034062849531182,1
2026-05-14 13:00:00+00:00,0.2669,-5.534400147939812e-05,0.12818665630166404,-0.1805682479641258,0.26688522909474943,-1,0.30340262314636496,1,0.2228069738367516,-1
2026-05-14 14:00:00+00:00,0.2703,-0.0004812334805860662,0.11629406390496157,-0.0017598060898216983,0.27016995388397985,-1,0.3036350592218982,1,0.26982474271690443,-1
2026-05-14 15:00:00+00:00,0.2703,0.0002172359601632378,0.11604011033051785,-0.0021303834327116235,0.2703587252584201,1,0.3035579598035331,1,0.26972477030560177,-1
2026-05-14 16:00:00+00:00,0.2722,0.0005562627055736503,0.11713719890174934,0.033418490731148595,0.27235145682944456,1,0.30602729249007254,1,0.281450216445963,1
2026-05-14 17:00:00+00:00,0.2723,-0.00021657152517291878,0.11578548766991954,0.032227258208849606,0.2722410339591086,-1,0.3057261869105837,1,0.28121841862730207,1
2026-05-14 18:00:00+00:00,0.2787,0.0008032555484832852,0.11713719890174934,0.033418490731148595,0.27892395725677505,1,0.31333507133351657,1,0.2881711069929827,1
2026-05-14 19:00:00+00:00,0.274,0.0007431593757588171,0.12199033416515795,0.03269980692959199,0.2742037013508672,1,0.3095496318177304,1,0.283107847980443,1
2026-05-14 20:00:00+00:00,0.2732,-0.0005553368564850516,0.11713719890174934,0.03406415853629678,0.27304832409031776,-1,0.3071515661582947,1,0.2826666494548503,1
2026-05-14 21:00:00+00:00,0.2735,0.0004275591454944509,0.11578548766991954,0.032227258208849606,0.273616962428689,1,0.3070734929123931,1,0.2824577212433607,1
2026-05-14 22:00:00+00:00,0.2721,0.00044402546590147215,0.1160929443049147,-0.0012872573690793166,0.2722208461566718,1,0.3055955788561956,1,0.27174996261231216,-1
2026-05-14 23:00:00+00:00,0.2706,0.0007309283048806204,0.1252548227932174,-0.0014195124662301451,0.2707978615017777,1,0.30670811766198103,1,0.2702161524292989,-1
2026-05-15 00:00:00+00:00,0.2724,-0.0006959965138434137,0.12309073625967008,0.04019279867579474,0.2722104765111234,-1,0.3080808691036473,1,0.2835715218338827,1
2026-05-15 01:00:00+00:00,0.2705,-0.0005786879136616109,0.12213734056022323,-0.042893892986551385,0.2703435102030987,-1,0.30564045848094207,1,0.25914252639391283,-1
2026-05-15 02:00:00+00:00,0.2709,-0.00040053201646779386,0.12734525542034067,0.00442075060739853,0.27079151760352566,-1,0.3076906836568703,1,0.27210023234880537,1
2026-05-15 03:00:00+00:00,0.2698,8.34211380262232e-05,0.1160929443049147,-0.037603224825599246,0.2698225079618463,1,0.3030124482741697,1,0.2598430302651866,-1
2026-05-15 04:00:00+00:00,0.2678,0.00016787662305936763,0.12887661324113703,-0.034464684208754384,0.2678449611335113,1,0.30463582490548646,1,0.2587275943764136,-1
2026-05-15 05:00:00+00:00,0.2655,-0.0005556359237393076,0.1160929443049147,0.1524945898758457,0.2653525196387349,-1,0.2981831171860343,1,0.3092374506685932,1
2026-05-15 06:00:00+00:00,0.2674,0.0001400031657587889,0.11561531341329907,-0.18286247226881466,0.2674374394672847,1,0.30017360123709586,1,0.22271283192849414,-1
2026-05-15 07:00:00+00:00,0.2683,-0.0008180264943618069,0.11629406390496157,-0.03993672442048826,0.2680806132358894,-1,0.30138840691540986,1,0.2577961182072727,-1
2026-05-15 08:00:00+00:00,0.2678,-0.0010381438583538102,0.1160929443049147,-0.263222362740883,0.2675221293345513,-1,0.3007662477680602,1,0.20582330757625514,-1
2026-05-15 09:00:00+00:00,0.2667,0.00031505746690947955,0.11561531341329907,-0.03678328524245134,0.266784039064297,1,0.29938780646945945,1,0.25706812971879495,-1
2026-05-15 10:00:00+00:00,0.2683,-0.0027428132628818792,0.12199033416515795,-0.0005685735675227232,0.26756511149325557,-1,0.3031100956813761,1,0.2681474950710778,-1
2026-05-15 11:00:00+00:00,0.2672,-0.0006709056938995649,0.11561531341329907,-0.0012872573690793166,0.26702079412043445,-1,0.29994908844634255,1,0.2668562661154348,-1
2026-05-15 12:00:00+00:00,0.2655,-0.0004287285415562162,0.1252548227932174,0.018816450993664677,0.2653861969692637,-1,0.30092758772821865,1,0.27054306523951727,1
2026-05-15 13:00:00+00:00,0.258,-0.0007291907670572826,0.12309073625967008,-0.28072228342065986,0.25781193735720365,-1,0.29179465575896113,1,0.19485141650935803,-1
2026-05-15 14:00:00+00:00,0.2591,-0.0005994189555638219,0.12213734056022323,-0.20434280574987956,0.25894473708702886,-1,0.2927594927630761,1,0.21121388262930726,-1
2026-05-15 15:00:00+00:00,0.2583,-0.0001714407847777586,0.1160929443049147,-0.292276747964405,0.25825572064104435,-1,0.29009679536404015,1,0.19283693822648443,-1
2026-05-15 16:00:00+00:00,0.261,-0.001591175056664688,0.1160929443049147,-0.12513958721312857,0.2605850335399032,-1,0.29312916604728795,1,0.2302995424595122,-1
2026-05-15 17:00:00+00:00,0.2621,-6.24595343976561e-05,0.12199033416515795,-0.018450376149139896,0.2620836298672751,-1,0.2961056879541136,1,0.25730849487207386,-1
2026-05-15 18:00:00+00:00,0.2622,-0.0009398397707425085,0.11561531341329907,0.23215180293209972,0.26195368977631384,-1,0.2943362686775113,1,0.3307157927154778,1
2026-05-15 19:00:00+00:00,0.261,-0.0007944596571485155,0.1160929443049147,-0.23153508332614414,0.2607927283748583,-1,0.29312916604728795,1,0.20705517921450584,-1
2026-05-15 20:00:00+00:00,0.2608,-0.0005306461338151901,0.12199033416515795,-0.2450260415205271,0.2606616442005326,-1,0.2946370218177521,1,0.20412402780420402,-1
2026-05-15 21:00:00+00:00,0.2608,-0.0008295662543700106,0.11561531341329907,-0.008595638230485146,0.2605837388347449,-1,0.2927646791422385,1,0.25856786460707504,-1
2026-05-15 22:00:00+00:00,0.2616,-0.0009204965961260562,0.11561531341329907,0.21761927507092485,0.2613593088851245,-1,0.2936627303052516,1,0.3251985421252656,1
2026-05-15 23:00:00+00:00,0.2616,-0.0005695802588946185,0.11848560334207174,0.17620097179913655,0.26145104023057236,-1,0.29450683832035013,1,0.3120044939470461,1
2026-05-16 00:00:00+00:00,0.2618,0.0005915790233374795,0.05890312287760923,-0.37734947932577867,0.26195492120786,1,0.27768405549044484,1,0.1795100821199275,-1
2026-05-16 01:00:00+00:00,0.2618,0.0005213470760622348,0.055103879114401504,-0.08617042479960368,0.26193652424967995,1,0.27663106761987133,1,0.24018523272503894,-1
2026-05-16 02:00:00+00:00,0.2617,0.00034846356790209577,0.05560042414590883,-0.0527442817785879,0.26179120880627005,1,0.2766627439925968,1,0.24825452435582884,-1
2026-05-16 03:00:00+00:00,0.2612,0.00033933497133946264,0.05527405337102197,-0.09519410149991107,0.2612886493345729,1,0.27604404899018364,1,0.23748211037537084,-1
2026-05-16 04:00:00+00:00,0.2592,0.00015765167538562237,0.05613260926038972,-0.2629716263155469,0.2592408665355142,1,0.27416567412127435,1,0.1992635535440346,-1
2026-05-16 05:00:00+00:00,0.2587,9.042595429944195e-05,0.055103879114401504,-0.2629716263155469,0.25872339425208507,1,0.2733554514639447,1,0.19887917168920427,-1
2026-05-16 06:00:00+00:00,0.2563,9.042595429944195e-05,0.062129184748064954,-0.2676821178180996,0.2563231772199822,1,0.2727287790767638,1,0.1961081936899361,-1
2026-05-16 07:00:00+00:00,0.2554,0.0006271708749706141,0.062162173634154404,-0.3255592518034741,0.25556022968191033,1,0.2717800548289685,1,0.18443031428747694,-1
2026-05-16 08:00:00+00:00,0.2551,0.0006452129659414141,0.0544754677577215,-0.3050145761124004,0.2552646469380694,1,0.26938217410331866,1,0.1880374319325853,-1
2026-05-16 09:00:00+00:00,0.2534,0.0005241276851784839,0.055103879114401504,-0.4247347561479114,0.2535328487672414,1,0.267755204487683,1,0.16570921107271228,-1
2026-05-16 10:00:00+00:00,0.2539,9.042595429944195e-05,0.06792419222682751,-0.24287139821943077,0.25392296018787947,1,0.27174515064716503,1,0.1991521470205491,-1
2026-05-16 11:00:00+00:00,0.2541,0.0005010756952561803,0.05527405337102197,-0.3050145761124004,0.25422735523880735,1,0.268540554549792,1,0.1873003193025085,-1
2026-05-16 12:00:00+00:00,0.2546,0.0005010756952561803,0.054799460712625654,-0.26039998945257237,0.25472760583943466,1,0.2689413017911401,1,0.19623122762450934,-1
2026-05-16 13:00:00+00:00,0.2544,0.00024011452535334173,0.0544754677577215,-0.2629716263155469,0.254461092469551,1,0.26864298350405436,1,0.19557348773766361,-1
2026-05-16 14:00:00+00:00,0.2548,0.00038752068783497336,0.05890312287760923,-0.26604477687488093,0.25489875940568085,1,0.27025934812439023,1,0.19527994546580682,-1
2026-05-16 15:00:00+00:00,0.2556,0.0007858021810021515,0.055103879114401504,-0.2895908314485999,0.2558009299727303,1,0.27007983530801805,1,0.191334439894369,-1
2026-05-16 16:00:00+00:00,0.2554,2.991742724020707e-05,0.062162173634154404,-0.2929845756256266,0.2554076410252165,1,0.2717800548289685,1,0.1905369936253267,-1
2026-05-16 17:00:00+00:00,0.256,0.0006888022629065316,0.05527405337102197,-0.29365250868762083,0.25617639412266535,1,0.2705485319352489,1,0.19085709146899077,-1
2026-05-16 18:00:00+00:00,0.2554,-0.0006859826861888524,0.05527405337102197,-0.27784560893192317,0.2552248601002848,-1,0.26991443381352564,1,0.19344347185359442,-1
2026-05-16 19:00:00+00:00,0.2551,0.0004149057580663809,0.062162173634154404,-0.2772203056993893,0.2552058644192426,1,0.27146081435736047,1,0.19333710425480571,-1
2026-05-16 20:00:00+00:00,0.2552,0.00017488143933258634,0.05527405337102197,-0.2750329991191932,0.25524463364600203,1,0.2697030677729512,1,0.19383640931069765,-1
2026-05-16 21:00:00+00:00,0.2556,0.0006041188850483107,0.05560042414590883,-0.2895908314485999,0.25575445943825253,1,0.27021397540889475,1,0.191334439894369,-1
2026-05-16 22:00:00+00:00,0.2548,0.00017488143933258634,0.06792419222682751,-0.2579608318404582,0.2548445636873093,1,0.27270840639975447,1,0.196864975828619,-1
2026-05-16 23:00:00+00:00,0.2551,0.00017488143933258634,0.07663298200259609,-0.2750329991191932,0.2551446161563289,1,0.2754176319080882,1,0.19376045460485491,-1
2026-05-17 00:00:00+00:00,0.2545,0.0007162351615349221,0.11878011062106791,-0.25165581989351476,0.25468234714253296,1,0.2865981173931399,1,0.19787687940507373,-1
2026-05-17 01:00:00+00:00,0.2527,0.0007162351615349221,0.10499990318138498,-0.20840182335504354,0.2528810574574384,1,0.2806765440621711,1,0.2051622626232372,-1
2026-05-17 02:00:00+00:00,0.2534,-3.6526288798354604e-05,0.10349150962412597,-0.2565092675636904,0.25339074440745574,-1,0.2810298179797925,1,0.1960676985430665,-1
2026-05-17 03:00:00+00:00,0.2544,0.000600765905974816,0.11937630709367565,-0.20271621509387938,0.25455288076465743,1,0.2866563577396897,1,0.20772012409112786,-1
2026-05-17 04:00:00+00:00,0.2552,0.0003589010622633079,0.11878011062106791,-0.22040982236255846,0.2552916079892085,1,0.2873864029812546,1,0.20471888167021404,-1
2026-05-17 05:00:00+00:00,0.2553,1.6495393616402083e-05,0.11457068185027314,-0.2213196359769542,0.2553042113087238,1,0.2862913521509889,1,0.20461285639436516,-1
2026-05-17 06:00:00+00:00,0.2556,0.00039197445676704206,0.10877567437151056,-0.2149516132846523,0.2557002083094154,1,0.2849715631515645,1,0.20616196736841838,-1
2026-05-17 07:00:00+00:00,0.2562,-0.0008158568245532031,0.10294335826730261,-0.22264715509871202,0.25599106272458994,-1,0.2839794134636919,1,0.20506176662452236,-1
2026-05-17 08:00:00+00:00,0.2557,4.792919623478984e-05,0.11937630709367565,-0.21426217607085413,0.25571225578917994,1,0.2881211897564413,1,0.20638486578341966,-1
2026-05-17 09:00:00+00:00,0.2565,-0.0004526618076220067,0.10877567437151056,-0.23516254509236859,0.2563839185211531,-1,0.2859749841485771,1,0.20274846448333936,-1
2026-05-17 10:00:00+00:00,0.2573,-0.0014018933319132514,0.10349150962412597,-0.1498062306235933,0.25693954556406734,-1,0.28535505985083104,1,0.22150307868952518,-1
2026-05-17 11:00:00+00:00,0.2566,4.792919623478984e-05,0.10435006551349374,-0.22687395520029408,0.2566122989264903,1,0.28482316604930225,1,0.20451564924516405,-1
2026-05-17 12:00:00+00:00,0.2561,4.792919623478984e-05,0.10972054173342907,-0.24020119751744853,0.2561122749613179,1,0.2857989338088386,1,0.2014148669709778,-1
2026-05-17 13:00:00+00:00,0.2555,4.792919623478984e-05,0.10349150962412597,-0.3120382121872183,0.25551224620311097,1,0.2833587943718902,1,0.18701413410669088,-1
2026-05-17 14:00:00+00:00,0.2553,-0.00045030528216327887,0.10435006551349374,-0.3166717179332926,0.25518506294178817,-1,0.28338018040680774,1,0.1860038935045261,-1
2026-05-17 15:00:00+00:00,0.2552,1.6495393616402083e-05,0.10294335826730261,-0.2211058935986597,0.2552042096591708,1,0.2828709848397118,1,0.20457643232839287,-1
2026-05-17 16:00:00+00:00,0.2544,4.792919623478984e-05,0.11457068185027314,-0.3253527421462061,0.25441219347973165,1,0.2852820994407034,1,0.18374613232863227,-1
2026-05-17 17:00:00+00:00,0.2543,-3.6526288798354604e-05,0.10972054173342907,-0.3289243401311279,0.2542907115343962,-1,0.28379019471920214,1,0.18301906583347793,-1
2026-05-17 18:00:00+00:00,0.2544,0.0004752760013553661,0.1031351281804426,-0.3401686335173572,0.2545209389521591,1,0.28203832321952693,1,0.18104383747735794,-1
2026-05-17 19:00:00+00:00,0.2553,-0.0011676851845991935,0.10294335826730261,-0.3020271731094819,0.255002063953978,-1,0.2829818277021099,1,0.1887478790298319,-1
2026-05-17 20:00:00+00:00,0.2549,-0.0004423483951825758,0.10294335826730261,-0.4173289066949305,0.2547872703288007,-1,0.28253845625251783,1,0.1679291903745145,-1
2026-05-17 21:00:00+00:00,0.2554,-0.0003422730042285076,0.10856095741217332,-0.2986627409860441,0.2553125984331717,-1,0.284687446921824,1,0.18945815886792805,-1
2026-05-17 22:00:00+00:00,0.2539,-0.001715582100805181,0.10803967671031454,-0.3970171607350011,0.25346478713305187,-1,0.28286794560051076,1,0.17070267969954606,-1
2026-05-17 23:00:00+00:00,0.2521,0.0001430467399864297,0.1097869358277182,-0.20463446245030165,0.2521360646625553,1,0.2813537487724118,1,0.2054476735824596,-1
2026-05-18 00:00:00+00:00,0.2513,-0.00017650652778494286,0.11924758926470694,-0.18614846826723558,0.25125564782390714,-1,0.28312685095752577,1,0.20861677914787785,-1
2026-05-18 01:00:00+00:00,0.2513,-0.00017650652778494286,0.12547662137400997,-0.19583053451063342,0.25125564782390714,-1,0.2848959614057956,1,0.20660668431093662,-1
2026-05-18 02:00:00+00:00,0.2518,-0.0004111007477501154,0.11577307213373299,-0.18479561917715476,0.25169650610638267,-1,0.2827061994088351,1,0.20931483424061942,-1
2026-05-18 03:00:00+00:00,0.2502,-0.00017650652778494286,0.1140317113128277,-0.15983313036598548,0.25015584196395363,-1,0.2804210740254217,1,0.21324195663786014,-1
2026-05-18 04:00:00+00:00,0.2513,0.0005365330066632133,0.11541669069004962,-0.15312724140591166,0.25143486692161665,1,0.2820442956115567,1,0.21562056148225386,-1
2026-05-18 05:00:00+00:00,0.25,-0.000565481498836082,0.12638272392512423,-0.1982745028716985,0.24985866958892342,-1,0.28367909207268355,1,0.20503617254066134,-1
2026-05-18 06:00:00+00:00,0.2494,0.00042571520577867574,0.11541669069004962,-0.17004540209591612,0.2495061959753381,1,0.27991184769407973,1,0.2104004524207587,-1
2026-05-18 07:00:00+00:00,0.2494,0.000514540598412357,0.1140317113128277,-0.1612206608267683,0.24952835944548504,1,0.27952444389264663,1,0.21226539870764172,-1
2026-05-18 08:00:00+00:00,0.2499,0.0004985961094430676,0.11577307213373299,-0.18439964912623272,0.25002463023524313,1,0.28057299139105596,1,0.20781768662093977,-1
2026-05-18 09:00:00+00:00,0.2492,-0.000565481498836082,0.12058771644636175,-0.11967932989253488,0.24905912184623888,-1,0.2811373959404512,1,0.22109145888566914,-1
2026-05-18 10:00:00+00:00,0.2481,-0.00015966786256248636,0.12200210424303613,-0.22814548186848504,0.24806038956563908,-1,0.2802925824547912,1,0.19748969560521937,-1
2026-05-18 11:00:00+00:00,0.2506,-0.001473003896234181,0.11577307213373299,-0.1558130934598065,0.250231136958647,-1,0.28135891013444825,1,0.2144432102000116,-1
2026-05-18 12:00:00+00:00,0.2515,-0.0005421594914257914,0.11577307213373299,-0.13154192385327906,0.2513636838437944,-1,0.2823693770902384,1,0.22050074326256763,-1
2026-05-18 13:00:00+00:00,0.2492,-0.0012878573196557156,0.12638272392512423,-0.13861800223142196,0.24887927252588363,-1,0.28277131897805097,1,0.2169436808673501,-1
2026-05-18 14:00:00+00:00,0.2477,8.74646988590892e-05,0.11577307213373299,-0.2160238595044841,0.24772166595339662,1,0.27810296105468013,1,0.19957587243583028,-1
2026-05-18 15:00:00+00:00,0.2482,-0.0012607280519287961,0.12200210424303613,-0.2657284026565486,0.2478872844635559,-1,0.28040555810269724,1,0.19028186447720527,-1
2026-05-18 16:00:00+00:00,0.2488,-0.0010780198876279795,0.1222832152966625,-0.23565526488170352,0.2485319331686065,-1,0.2811624387513623,1,0.19656518291727995,-1
2026-05-18 17:00:00+00:00,0.2488,0.0009280573349536918,0.11579634322817119,-0.2587874637160675,0.24903100784261745,1,0.2793444767989304,1,0.19207038572154525,-1
2026-05-18 18:00:00+00:00,0.247,0.0005508948616763016,0.11577307213373299,-0.29246701088658966,0.24713610851813345,1,0.2773170423112878,1,0.18436570748477618,-1
2026-05-18 19:00:00+00:00,0.2508,0.000514540598412357,0.1168580250133301,-0.2591966782807609,0.25092907998768105,1,0.2818891289199264,1,0.1935351462760823,-1
2026-05-18 20:00:00+00:00,0.2503,0.00047764376484480493,0.11663162802310076,-0.26396229679519756,0.2504195827910544,1,0.28126346458728574,1,0.1922310245651326,-1
2026-05-18 21:00:00+00:00,0.2525,0.0010059862263145955,0.11530449928957281,-0.15459153016606567,0.2527541393310451,1,0.2833593125611045,1,0.21633317984777983,-1
2026-05-18 22:00:00+00:00,0.2517,0.0008035494819864403,0.11199332156767046,-0.13353784653034595,0.25190233468669515,1,0.2815278068536726,1,0.22023607861250297,-1
2026-05-18 23:00:00+00:00,0.2516,0.00047764376484480493,0.11337830094489235,-0.1667698803567804,0.25172020387626565,1,0.2818059816366831,1,0.2129528212016429,-1
2026-05-19 00:00:00+00:00,0.2526,-0.003561617276132782,0.12049415359111404,-0.18272584801616248,0.2517019357060385,-1,0.2849464772494656,1,0.21041491389866615,-1
2026-05-19 01:00:00+00:00,0.2514,-0.0005549182248874714,0.11496105462141448,-0.19702286241701936,0.251260532258438,-1,0.28202799830453495,1,0.2064426053839142,-1
2026-05-19 02:00:00+00:00,0.2509,0.0007538962113794148,0.11496105462141448,-0.1971355174443258,0.2510892238780552,1,0.28146708343121646,1,0.20600881021891734,-1
2026-05-19 03:00:00+00:00,0.2515,-0.00018662048253675618,0.12188384195098931,-0.18927701805911537,0.2514530693278905,-1,0.28410015416140694,1,0.2081306425004909,-1
2026-05-19 04:00:00+00:00,0.2521,-0.0015162414610526774,0.1222436424088003,-0.19497530272003458,0.2517180451687201,-1,0.28488040955322674,1,0.20744174047939876,-1
2026-05-19 05:00:00+00:00,0.2517,-0.0012312303772402094,0.1288289891623797,-0.17475983484873225,0.2513902900153441,-1,0.286307638356732,1,0.21134208303640736,-1
2026-05-19 06:00:00+00:00,0.2519,-0.0008862200639692656,0.12860194166151004,-0.17803118792878445,0.2516768600560381,-1,0.2864700877715149,1,0.21081922135942693,-1
2026-05-19 07:00:00+00:00,0.2526,-0.0010058720875545022,0.1222436424088003,-0.18272584801616248,0.2523460444554928,-1,0.28544542424888963,1,0.21041491389866615,-1
2026-05-19 08:00:00+00:00,0.2515,-0.0009202142242615538,0.1205354375106669,-0.19621506566485689,0.2512686725743159,-1,0.2837173304106661,1,0.20669161997047336,-1
2026-05-19 09:00:00+00:00,0.2505,-0.002055848602708916,0.12047059358349321,-0.2675907758187897,0.24998553893325207,-1,0.2825709060919907,1,0.19168782641182164,-1
2026-05-19 10:00:00+00:00,0.2499,-0.0009202142242615538,0.1269742215017507,-0.25761861258398006,0.2496701442398471,-1,0.28373339842840317,1,0.19314519760603976,-1
2026-05-19 11:00:00+00:00,0.2486,-0.000990835067918534,0.11984012739074294,-0.32060370008378763,0.24835380039385946,-1,0.2802509092768275,1,0.180411703173716,-1
2026-05-19 12:00:00+00:00,0.2498,-0.0036825521089365407,0.11911888235166342,-0.23703454884153688,0.24888179019857587,-1,0.28140065717187396,1,0.19708321463242415,-1
2026-05-19 13:00:00+00:00,0.2501,-0.0036825521089365407,0.12822204433309217,-0.1960305728706664,0.249180687464627,-1,0.28431502950727905,1,0.20557897465753217,-1
2026-05-19 14:00:00+00:00,0.2484,-0.0027428132628818792,0.12010724426437301,-0.26126677072031956,0.24771961869148226,-1,0.28010025546745976,1,0.19128674392270129,-1
2026-05-19 15:00:00+00:00,0.2485,-0.0008431477307117881,0.11496105462141448,-0.2628007570815939,0.24829056609318695,-1,0.27877469203928773,1,0.19107042711906339,-1
2026-05-19 16:00:00+00:00,0.2498,-0.0034539144306244235,0.11360934338958469,-0.1897084115360206,0.24893870045892802,-1,0.2798545324155754,1,0.2066346351513401,-1
2026-05-19 17:00:00+00:00,0.2491,-0.001725549959101172,0.11343916913296422,-0.25250412273076256,0.24867053614242035,-1,0.27902282580641763,1,0.19351408481015794,-1
2026-05-19 18:00:00+00:00,0.2486,-0.0012310568752018586,0.12370379340266446,-0.28153229978948696,0.24829414756032578,-1,0.28133579966727895,1,0.18760015809340053,-1
2026-05-19 19:00:00+00:00,0.2484,-0.0007944596571485155,0.12370379340266446,-0.3225255475461064,0.24820273459124445,-1,0.28110946354526184,1,0.17992044887615924,-1
2026-05-19 20:00:00+00:00,0.2493,-0.0012115703359122706,0.11360934338958469,-0.2925481719042278,0.24899813841545304,-1,0.2792943752249918,1,0.1860673711519711,-1
2026-05-19 21:00:00+00:00,0.2491,-0.0009398397707425085,0.12146468253967212,-0.3450387479156698,0.24886599589351555,-1,0.281271137094311,1,0.17641085436348744,-1
2026-05-19 22:00:00+00:00,0.2481,-0.0016291761297880045,0.12506123167796374,-0.40552297779669166,0.24769613047882102,-1,0.28115134604750763,1,0.16539042863046635,-1
2026-05-19 23:00:00+00:00,0.2482,-0.0007944596571485155,0.13057077064004224,-0.35154221179507766,0.24800289342007595,-1,0.2828185832255031,1,0.1746340533881059,-1
2026-05-20 00:00:00+00:00,0.2482,0.0005794103164714021,0.1179015938103639,-0.3448791897570808,0.24834385131099057,1,0.27925810636302106,1,0.1758015290732708,-1
2026-05-20 01:00:00+00:00,0.2479,0.0010595057439503344,0.12517102236394356,-0.3256236842402675,0.24816279066345096,1,0.28095554708854154,1,0.17900285488662807,-1
2026-05-20 02:00:00+00:00,0.2474,0.0008844470291327238,0.137998781820767,-0.30319399030093264,0.24761890898743916,1,0.28400880516399263,1,0.18269397214560856,-1
2026-05-20 03:00:00+00:00,0.2482,0.0011107266270204022,0.13897007778463297,-0.26497553534505375,0.24847583550939045,1,0.2852040675556834,1,0.19042517541323084,-1
2026-05-20 04:00:00+00:00,0.2486,3.392126419094184e-05,0.13897007778463297,-0.2320012669497941,0.24860843296930554,1,0.2856637034421551,1,0.19712615650493995,-1
2026-05-20 05:00:00+00:00,0.2501,0.00023568039725340107,0.12792900701627413,-0.23763014265388496,0.2501589506138322,1,0.2842317267998983,1,0.19720241631846305,-1
2026-05-20 06:00:00+00:00,0.2502,0.0008950629708221677,0.12550971857953855,-0.23685944353799873,0.2504240450075372,1,0.28365829201620063,1,0.19743336884764495,-1
2026-05-20 07:00:00+00:00,0.2491,0.0010595057439503344,0.14547892599621037,-0.2115988809274627,0.24936406274411305,1,0.28810740604387985,1,0.20159395312760922,-1
2026-05-20 08:00:00+00:00,0.25,-0.00010635279720651585,0.12517102236394356,-0.26655892174022455,0.24997341321451294,-1,0.28333556584161107,1,0.19150271692577617,-1
2026-05-20 09:00:00+00:00,0.2491,-5.0534220842202606e-05,0.1273981490986019,-0.30162638599998803,0.2490874122436471,-1,0.2829450110068264,1,0.1842379329780285,-1
2026-05-20 10:00:00+00:00,0.25,0.0008057887903122779,0.11695672644844539,-0.21653050010233746,0.2502015283813291,1,0.28101769652573516,1,0.20132699314312993,-1
2026-05-20 11:00:00+00:00,0.2488,0.0003478028924265785,0.1283430164605204,-0.2683010656084472,0.24888654840965688,1,0.2828713999779683,1,0.19025176905066202,-1
2026-05-20 12:00:00+00:00,0.2497,-0.0007090315686820446,0.1179015938103639,-0.2036856433471877,0.24952301756778034,-1,0.28094580644176614,1,0.20368497374901212,-1
2026-05-20 13:00:00+00:00,0.2486,0.0012177776888004056,0.13291105597473316,-0.3554023695745661,0.24890292394300947,1,0.2839380938649093,1,0.1742415943585972,-1
2026-05-20 14:00:00+00:00,0.2505,-0.0009881612282323295,0.11971471110077589,-0.2412843942865093,0.25025258787399535,-1,0.2823573963982348,1,0.19679735140868954,-1
2026-05-20 15:00:00+00:00,0.2502,7.261907234776076e-05,0.11695672644844539,-0.21016333133023446,0.2502181699516359,1,0.28124251068295575,1,0.20277505611721194,-1
2026-05-20 16:00:00+00:00,0.2501,0.0006976880422608909,0.11971471110077589,-0.23269561416384643,0.25027455266394205,1,0.2819065263041857,1,0.19817792211122606,-1
2026-05-20 17:00:00+00:00,0.2503,0.00038900811664101205,0.11652884579448898,-0.256040298797194,0.25039738767266473,1,0.2812345571871773,1,0.19375992633938943,-1
2026-05-20 18:00:00+00:00,0.2492,0.0007373202768605964,0.1206595784626944,-0.2283703491926669,0.2493838079673372,1,0.28115759976652516,1,0.19832070403599947,-1
2026-05-20 19:00:00+00:00,0.2502,0.0007347675920561601,0.12628706832573022,-0.23763014265388496,0.25038390640749253,1,0.28387887944318685,1,0.19728126574521973,-1
2026-05-20 20:00:00+00:00,0.2506,0.0007491731373602366,0.08075169199206032,-0.24691326999060093,0.2507878131317147,1,0.2716758790072736,1,0.19577083626915054,-1
2026-05-20 21:00:00+00:00,0.2498,0.0008379091207859376,0.11652884579448898,-0.23495755084628522,0.25000939741412254,1,0.28067276222675547,1,0.19749298146925431,-1
2026-05-20 22:00:00+00:00,0.2493,0.00022457255657857083,0.12258238081848416,-0.23494065624564572,0.2493559922252783,1,0.28181177156260523,1,0.19710100917925888,-1
2026-05-20 23:00:00+00:00,0.2492,0.0006632313539532507,0.08456169180960059,-0.295538170534157,0.24936533207405237,1,0.2711894024315495,1,0.1854374477674745,-1
2026-05-21 00:00:00+00:00,0.2506,0.0008402053054730932,0.047308797292174035,-0.19074057270152567,0.2508106439292331,1,0.2627404965036049,1,0.2070825424872616,-1
2026-05-21 01:00:00+00:00,0.251,-0.0002203967216322074,0.06702360069881035,-0.2278382516112368,0.2509446865185492,-1,0.26839949936282226,1,0.1998595135587206,-1
2026-05-21 02:00:00+00:00,0.2514,2.3770423554631775e-05,0.06377565030023295,-0.2278382516112368,0.25140597595550684,1,0.267955506567215,1,0.20017801477554723,-1
2026-05-21 03:00:00+00:00,0.2521,-1.2506523612024434e-05,0.046952695205017846,-0.25772080981362644,0.2520968471251132,-1,0.26421905936491563,1,0.19482564382962145,-1
2026-05-21 04:00:00+00:00,0.2515,0.00011162046571800826,0.048132010779069964,-0.21570838398756398,0.25152807411392175,1,0.2639012553250353,1,0.20270153081529008,-1
2026-05-21 05:00:00+00:00,0.2493,0.0006065757943331907,0.06876538217647281,-0.35773437732235525,0.2494512652177991,1,0.26704638574844874,1,0.17432521618058092,-1
2026-05-21 06:00:00+00:00,0.2481,0.00022618045177711605,0.0510343568252177,-0.326574909708006,0.24815612171666424,1,0.26109027990258293,1,0.17897694183693405,-1
2026-05-21 07:00:00+00:00,0.2492,0.0004263929273652248,0.06377565030023295,-0.33629858772113164,0.24930627977436123,1,0.26561062942143987,1,0.17803091218807052,-1
2026-05-21 08:00:00+00:00,0.2498,-0.000729104127268989,0.06512405474055535,-0.2295333498839431,0.2496179361688189,-1,0.2666093963992529,1,0.19856713366444415,-1
2026-05-21 09:00:00+00:00,0.2488,0.0009303016705438021,0.047308797292174035,-0.32045050906763944,0.2490315667523986,1,0.26085329421427333,1,0.1805845071376682,-1
2026-05-21 10:00:00+00:00,0.2466,0.00014874320607204892,0.11125657101732957,-0.3391109823934979,0.24663668280270856,1,0.2756202911377182,1,0.17567867362374423,-1
2026-05-21 11:00:00+00:00,0.2467,0.0005215003211415785,0.10927612046869613,-0.2797962465593773,0.24682868768164273,1,0.2751865259722748,1,0.18648984309345565,-1
2026-05-21 12:00:00+00:00,0.2475,-0.0005472545752974307,0.11744866578315591,-0.14844848214772016,0.24736459154744092,-1,0.2783444144517919,1,0.2133559931341077,-1
2026-05-21 13:00:00+00:00,0.2473,-0.0013192612587141202,0.1169438335722394,-0.269272854069532,0.246973961802789,-1,0.2779791214297529,1,0.1889210722052635,-1
2026-05-21 14:00:00+00:00,0.2471,-0.0004271608475179904,0.11102560928638242,-0.3271596981666312,0.24699447109509115,-1,0.27611535251033126,1,0.17815134018760106,-1
2026-05-21 15:00:00+00:00,0.2485,0.0006875343641123384,0.06862932035034726,-0.28527256448814187,0.24867091103635475,1,0.26615322210280234,1,0.18682461350285326,-1
2026-05-21 16:00:00+00:00,0.2485,0.0002045098515922931,0.1041934234440699,-0.2295333498839431,0.24855082589514169,1,0.2757890519561243,1,0.1975337578687525,-1
2026-05-21 17:00:00+00:00,0.2522,0.000665688324192069,0.05857655878855107,-0.14958086764229728,0.252367942487836,1,0.2674142575201038,1,0.21716155201576814,-1
2026-05-21 18:00:00+00:00,0.2516,-9.246158033232275e-05,0.05683016546457043,-0.24115579034252513,0.25157673774183753,-1,0.2663125689831289,1,0.19768695308205622,-1
2026-05-21 19:00:00+00:00,0.2524,1.5053112029150989e-05,0.06538413510986088,-0.21480087023761912,0.25240379943407276,1,0.2694544247818635,1,0.2036116005937985,-1
2026-05-21 20:00:00+00:00,0.2522,-9.585951604905497e-05,0.10717036225804792,-0.19264427650250585,0.2521758253887542,-1,0.2807298406756231,1,0.2080083341709779,-1
2026-05-21 21:00:00+00:00,0.2519,8.293187053525126e-05,0.10496799939741486,-0.15710210554324952,0.25192089140445745,1,0.27977904950717347,1,0.215277970219843,-1
2026-05-21 22:00:00+00:00,0.2508,0.0005242900380668838,0.10179204876166224,-0.2680199642872051,0.2509315264175296,1,0.2776740260475501,1,0.1918350416125012,-1
2026-05-21 23:00:00+00:00,0.2507,-0.0012539494717666074,0.112363194965683,-0.286043263604028,0.2503858318840658,-1,0.2805130365873303,1,0.18833338966043073,-1
2026-05-22 00:00:00+00:00,0.2493,0.0008057887903122779,0.09203520162513051,-0.31689697365760094,0.24950096410186134,1,0.2733333717542867,1,0.18159156500387816,-1
2026-05-22 01:00:00+00:00,0.2505,-2.189731217337136e-05,0.08352444488086458,-0.3590728803297929,0.25049451478335655,-1,0.27232150321620624,1,0.17493002559102802,-1
2026-05-22 02:00:00+00:00,0.2508,6.535506680932958e-05,0.08595531246887902,-0.3614496282762846,0.2508163915863866,1,0.27331121326267593,1,0.1747237544107575,-1
2026-05-22 03:00:00+00:00,0.2517,0.0006110743950683625,0.013642731140103408,-0.30338857694494004,0.25185385442870206,1,0.2551574060330533,1,0.18583316804026268,-1
2026-05-22 04:00:00+00:00,0.2517,3.392126419094184e-05,0.09203520162513051,-0.31204223666974096,0.25170853812700805,1,0.27596473995408727,1,0.18423196914589837,-1
2026-05-22 05:00:00+00:00,0.252,-0.0005037980906828785,0.07700010652990136,-0.29730548181408045,0.25187307485615507,-1,0.27217063224524435,1,0.18718989927011273,-1
2026-05-22 06:00:00+00:00,0.2503,0.00042750076299605716,-0.0042526850508320365,-0.3598319978065273,0.2504070263162639,1,0.2492378131057728,-1,0.17465772483176162,-1
2026-05-22 07:00:00+00:00,0.2516,0.0008168348710141718,0.08595531246887902,-0.3641455539593814,0.251805599612582,1,0.27418301936558714,1,0.1748091785773986,-1
2026-05-22 08:00:00+00:00,0.2516,0.0008112873998025545,0.04554684781565099,-0.3641455539593814,0.2518042027321418,1,0.26332456865276105,1,0.1748091785773986,-1
2026-05-22 09:00:00+00:00,0.2512,0.0005284870075575176,-0.0042526850508320365,-0.20763935486842244,0.25133279102237277,1,0.25013399381610113,-1,0.20410000202259468,-1
2026-05-22 10:00:00+00:00,0.2514,-8.715578352547081e-05,0.037466013675488026,-0.22627076070213892,0.25137808999082756,-1,0.2609976255656345,1,0.20049203804392138,-1
2026-05-22 11:00:00+00:00,0.2526,-0.0009811335870669247,0.04902205278911421,-0.23734706320696816,0.2523522871954543,-1,0.26529151095016734,1,0.1992300419356662,-1
2026-05-22 12:00:00+00:00,0.2542,-0.00037825222169776056,0.04817279979950084,-0.20720192644843252,0.2541038664677517,-1,0.26674527013042976,1,0.20662786718263726,-1
2026-05-22 13:00:00+00:00,0.2525,0.00020763530645853364,0.09187905217043164,-0.25529700856637283,0.2525524333582006,1,0.27679863735635146,1,0.19560830976296104,-1
2026-05-22 14:00:00+00:00,0.2495,-0.0012880617582584444,0.08039069093050297,-0.2904335150590592,0.24917883547558928,-1,0.2703857400081888,1,0.1866108439618935,-1
2026-05-22 15:00:00+00:00,0.2497,-0.001297742230252151,0.037466013675488026,-0.23506673909372,0.24937616393842107,-1,0.2592327251540928,1,0.19739236692500636,-1
2026-05-22 16:00:00+00:00,0.2494,9.91073351888731e-05,0.08840026775168645,-0.2904335150590592,0.2494247185942729,1,0.2724508691083082,1,0.1865360500364579,-1
2026-05-22 17:00:00+00:00,0.2489,-0.0007892021234014819,0.08840026775168645,-0.27812187328000915,0.24870364508353537,-1,0.271904656459735,1,0.1884682082364778,-1
2026-05-22 18:00:00+00:00,0.2457,0.0009522230248130706,0.08738049634839505,-0.39472680646699776,0.245934072624181,1,0.2681353193091386,1,0.1655684116847762,-1
2026-05-22 19:00:00+00:00,0.2443,0.0004954040907504425,0.08377719662412496,-0.37679831038351447,0.24442105720301122,1,0.2656485447708598,1,0.16760309724849456,-1
2026-05-22 20:00:00+00:00,0.2457,0.0004082463868967614,0.08209633160101044,-0.38691050964580376,0.24580032661485612,1,0.266722185012706,1,0.16686761439722927,-1
2026-05-22 21:00:00+00:00,0.246,0.00011310493577825493,0.08892696279671354,-0.3422075506663365,0.24602782538776613,1,0.2688782026271588,1,0.17470939354414927,-1
2026-05-22 22:00:00+00:00,0.2453,-0.00021497154183812843,0.08626242315877437,-0.38255446391511116,0.24524727314837644,-1,0.26739965498880985,1,0.16732323612982353,-1
2026-05-22 23:00:00+00:00,0.2424,-0.0017055971343253927,0.08377719662412496,-0.24340440032440833,0.24198691563253685,-1,0.2635825102433746,1,0.190030550980904,-1
2026-05-23 00:00:00+00:00,0.2434,-0.00012175946149100047,0.1210892162697329,-0.2117667488178044,0.24337036555124697,-1,0.2747318131244182,1,0.19694794037043895,-1
2026-05-23 01:00:00+00:00,0.2438,-8.516694841647757e-05,0.1206196745834019,-0.21565905419012574,0.24377923718214153,-1,0.2750541236655311,1,0.19650525281933653,-1
2026-05-23 02:00:00+00:00,0.2438,-0.000638400032947372,0.1206196745834019,-0.20830281473445658,0.243644407742303,-1,0.2750541236655311,1,0.1979561224428351,-1
2026-05-23 03:00:00+00:00,0.2438,0.00020474355962831593,0.1210892162697329,-0.22241238088035792,0.24384992159022503,1,0.27518330336784363,1,0.19518265962931436,-1
2026-05-23 04:00:00+00:00,0.2424,0.0004210213641563966,0.1212395340752764,-0.21195270700575788,0.24250207706547633,1,0.27364421802280603,1,0.19610231673655543,-1
2026-05-23 05:00:00+00:00,0.2421,0.0006949327761654349,0.1210892162697329,-0.22175160957138415,0.24226830169751945,1,0.2732644698332853,1,0.1939497789915122,-1
2026-05-23 06:00:00+00:00,0.2421,-0.0010136765884330916,0.1210892162697329,-0.2117667488178044,0.24185471323966706,-1,0.2732644698332853,1,0.1958960409354284,-1
2026-05-23 07:00:00+00:00,0.2378,0.0006471814555635245,0.12036572100895819,-0.21501020640830384,0.23795394956141022,1,0.26821682589870005,1,0.19179359694041823,-1
2026-05-23 08:00:00+00:00,0.2385,0.00038038880629715876,0.1210892162697329,-0.22241238088035792,0.23859073998744545,1,0.2692010576424558,1,0.19093955833302492,-1
2026-05-23 09:00:00+00:00,0.2383,-0.0004084363613351625,0.11823331489036032,-0.2117667488178044,0.23820268948902215,-1,0.2682082414157748,1,0.19282125797155136,-1
2026-05-23 10:00:00+00:00,0.2391,-0.001815610786725739,0.12036572100895819,-0.2164265733293382,0.2386662813122019,-1,0.2696831079578603,1,0.19256914829233882,-1
2026-05-23 11:00:00+00:00,0.2382,0.00045169519594893975,0.11823331489036032,-0.22241238088035792,0.23830761809913448,1,0.26809569074795453,1,0.19069938278795195,-1
2026-05-23 12:00:00+00:00,0.2382,-0.0010339850772077051,0.12036572100895819,-0.22591426475057838,0.23795383204353787,-1,0.2686679896092109,1,0.19003274362303538,-1
2026-05-23 13:00:00+00:00,0.2408,-0.0014052457879736126,0.12036572100895819,-0.22426988425129063,0.24046185445869986,-1,0.27160055372753145,1,0.19242314537118185,-1
2026-05-23 14:00:00+00:00,0.2427,-0.0006472767007854227,0.1210892162697329,-0.2225799504163204,0.24254295677541252,-1,0.27394170519842354,1,0.19426945959319925,-1
2026-05-23 15:00:00+00:00,0.2423,-0.0006472767007854227,0.1210892162697329,-0.22432816242251757,0.24214321560231747,-1,0.27349021495499803,1,0.193610510937249,-1
2026-05-23 16:00:00+00:00,0.2427,-0.0006290547764042664,0.1206196745834019,-0.29747469972164786,0.2425473764150971,-1,0.2738131083413634,1,0.18025119629543415,-1
2026-05-23 17:00:00+00:00,0.2426,-0.0005904976580552056,0.1210892162697329,-0.22432816242251757,0.24245678755562367,-1,0.2738288326375672,1,0.19385022679891295,-1
2026-05-23 18:00:00+00:00,0.2441,-0.0011371164014742062,0.1210892162697329,-0.15463933513728148,0.2438225876413636,-1,0.2755219210504128,1,0.20912635575228475,-1
2026-05-23 19:00:00+00:00,0.2443,-0.0013666793396612238,0.12161040397967005,-0.1378107006530131,0.2439663482867056,-1,0.2758914199248688,1,0.21284969888909133,-1
2026-05-23 20:00:00+00:00,0.2499,-0.0002012777951436425,0.12040495762406465,-0.18297118096563258,0.2498497057407222,-1,0.28187558776862587,1,0.2081147596986885,-1
2026-05-23 21:00:00+00:00,0.2478,0.00027660475280928925,0.1210892162697329,-0.2688524488661874,0.2478685521382327,1,0.2796982058020987,1,0.1893826403114708,-1
2026-05-23 22:00:00+00:00,0.2465,-0.00025793024982032124,0.12141320922463707,-0.3452315764658313,0.24643642839229205,-1,0.27832102195497993,1,0.17453589404397227,-1
2026-05-23 23:00:00+00:00,0.246,0.00010243006534644442,0.11577307213373299,-0.28308692151967957,0.24602519908662523,1,0.2761943012492988,1,0.18534975623079514,-1
2026-05-24 00:00:00+00:00,0.2462,2.4907437497350953e-05,0.1348745727906713,-0.4320822454632498,0.2462061322874813,1,0.2817496150230189,1,0.15982220334817254,-1
2026-05-24 01:00:00+00:00,0.2464,0.00018872991907492568,0.13120073864606666,-0.44147088551932584,0.24644650744059476,1,0.28094445206411106,1,0.1584573300670358,-1
2026-05-24 02:00:00+00:00,0.2457,0.0005053830557330706,0.13006680683466856,-0.22272897308028725,0.24582420399944843,1,0.2798288276366374,1,0.1966415063918804,-1
2026-05-24 03:00:00+00:00,0.2454,-1.183641268538371e-05,0.12885186950161745,-0.3811223404732375,0.2453970953615173,-1,0.27914780310430254,1,0.1676313447601396,-1
2026-05-24 04:00:00+00:00,0.2458,-0.0008985677785822669,0.13632119111887978,-0.4329814370617654,0.24557923124272488,-1,0.2816990741574243,1,0.15941912814562592,-1
2026-05-24 05:00:00+00:00,0.246,-0.000502429450816934,0.1229655869638821,-0.22272897308028725,0.24587643339944804,-1,0.27818799409486905,1,0.1968816059112844,-1
2026-05-24 06:00:00+00:00,0.2464,0.00022505329003075504,0.12902204375823792,-0.355686985379566,0.24645545937108648,1,0.2803330261197799,1,0.1726504872956093,-1
2026-05-24 07:00:00+00:00,0.2454,-0.0016106411835750689,0.12885186950161745,-0.38035968914541785,0.2450050667867765,-1,0.27914780310430254,1,0.16775923779050092,-1
2026-05-24 08:00:00+00:00,0.2459,0.0005802562243072297,0.13006680683466856,-0.37706647996596143,0.24604272641049652,1,0.28005660853011455,1,0.16865554998310717,-1
2026-05-24 09:00:00+00:00,0.2459,0.0005806320818051229,0.130023881483635,-0.35476584482104995,0.24604281888751747,1,0.2800445872598946,1,0.17245892710845068,-1
2026-05-24 10:00:00+00:00,0.2453,-0.0008359973868611181,0.12902204375823792,-0.263604494435252,0.2450950155361795,-1,0.27908153939603086,1,0.18845843089810468,-1
2026-05-24 11:00:00+00:00,0.2457,-0.0005049589855621871,0.1292082509453008,-0.2620222437974102,0.2455759628967079,-1,0.27958868205260917,1,0.1890646529623398,-1
2026-05-24 12:00:00+00:00,0.2451,-0.0004249225246080361,0.134266905758501,-0.29708816673470373,0.24499587361360883,-1,0.2803203892370761,1,0.18210403120430171,-1
2026-05-24 13:00:00+00:00,0.2439,-3.137595173699321e-06,0.13006680683466856,-0.3005002716750523,0.24389923474173766,-1,0.2777787995953434,1,0.1805951947609749,-1
2026-05-24 14:00:00+00:00,0.2429,-0.0002892421060464124,0.1229655869638821,-0.30034255397715787,0.24282975325208972,-1,0.27468237303107196,1,0.17988311557168876,-1
2026-05-24 15:00:00+00:00,0.243,-0.00045635632722642385,0.12885186950161745,-0.3019248046149997,0.24288913071235857,-1,0.2764177512402018,1,0.1796726598150321,-1
2026-05-24 16:00:00+00:00,0.2431,-0.00036037536934840653,0.12953462172018768,-0.3012629313448662,0.24301240853156328,-1,0.2767203703659907,1,0.1798656080306502,-1
2026-05-24 17:00:00+00:00,0.2432,-0.00045981818527856313,0.13465075160773113,-0.30050028001704665,0.24308819792362407,-1,0.2782541491680779,1,0.18007687986667664,-1
2026-05-24 18:00:00+00:00,0.2424,-5.9548047535793505e-05,0.1229655869638821,-0.3005002716750523,0.24238556598304034,-1,0.27411695027884664,1,0.17948452320647937,-1
2026-05-24 19:00:00+00:00,0.2425,0.0002918714478047033,0.13006680683466856,-0.3005002716750523,0.24257078915625688,1,0.27618433334100356,1,0.17955856797677908,-1
2026-05-24 20:00:00+00:00,0.2419,2.4907437497350953e-05,0.13476529679510438,-0.2805619443271061,0.24190602518416626,1,0.2767984750209846,1,0.18272137896037852,-1
2026-05-24 21:00:00+00:00,0.2394,-2.189731217337136e-05,0.1292082509453008,-0.27979929299928646,0.2393947578408605,-1,0.2724197414871577,1,0.18097094619551826,-1
2026-05-24 22:00:00+00:00,0.2411,3.392126419094184e-05,0.130023881483635,-0.3011052053049774,0.24110817855550915,1,0.2745780804732029,1,0.17841397992466948,-1
2026-05-24 23:00:00+00:00,0.2423,0.0002918714478047033,0.130023881483635,-0.30139946327356787,0.2423707307734476,1,0.2759447071698758,1,0.17924922655031963,-1
2026-05-25 00:00:00+00:00,0.2427,0.00013750637970686992,0.02517713759496067,-0.2332995702093236,0.24273337509294635,1,0.2488880632796823,1,0.19219808684823086,-1
2026-05-25 01:00:00+00:00,0.2409,0.00029519880637684837,0.031381984090199114,-0.30649498761810984,0.24097112388978337,1,0.24857979327938182,1,0.17730774976133437,-1
2026-05-25 02:00:00+00:00,0.2413,0.0003877571873354099,0.03682312946302886,-0.3059472561753391,0.24139358395205646,1,0.2503510422888463,1,0.1776994635769385,-1
2026-05-25 03:00:00+00:00,0.241,0.0004722126723685543,0.026528848826790512,-0.30551977711363193,0.24111383012794005,1,0.24747901296626296,1,0.1775544205152348,-1
2026-05-25 04:00:00+00:00,0.2427,4.940315517366216e-06,0.026528848826790512,-0.20703230782962573,0.2427011990175378,1,0.2492247155473528,1,0.19731349417825209,-1
2026-05-25 05:00:00+00:00,0.2433,-7.413750441661062e-05,0.031381984090199114,-0.3608234891547878,0.24328196301379226,-1,0.2510563042958638,1,0.1696049247936609,-1
2026-05-25 06:00:00+00:00,0.244,0.0002513146012630154,0.03682312946302886,-0.44092668538856367,0.24406132846875522,1,0.253152317938162,1,0.15699933032677207,-1
2026-05-25 07:00:00+00:00,0.2451,0.00017831110406021916,0.03682312946302886,-0.4795175683886996,0.24514370794829562,1,0.25429357838788325,1,0.15173699439957267,-1
2026-05-25 08:00:00+00:00,0.246,-0.00046324311203804026,0.025006963338340203,-0.4154841228463131,0.24588606858544756,-1,0.25222927600068257,1,0.1623650853759281,-1
2026-05-25 09:00:00+00:00,0.245,0.00029519880637684837,0.03152899048526439,-0.4798577158810406,0.24507233438354886,1,0.25284766709124856,1,0.15162350307433425,-1
2026-05-25 10:00:00+00:00,0.246,-0.00047670234920970316,0.03917185576997882,-0.4151439753539721,0.24588275916880445,-1,0.25582750063240156,1,0.16242032284647337,-1
2026-05-25 11:00:00+00:00,0.2449,0.00016738735556839565,0.03682312946302886,-0.4542380650438401,0.24494099659443874,1,0.25408607648793397,1,0.1554947391033671,-1
2026-05-25 12:00:00+00:00,0.2446,0.00016738735556839565,0.027877253267112913,-0.2305368911899316,0.24464094637402906,1,0.2515147099057331,1,0.19423860617605634,-1
2026-05-25 13:00:00+00:00,0.2453,0.0002045098515922931,0.03562399203989144,-0.36608187374605294,0.24535017139669318,1,0.25419608142255445,1,0.17010230965330966,-1
2026-05-25 14:00:00+00:00,0.2462,8.293187053525126e-05,0.03682312946302886,-0.4647494689857712,0.24622041867319344,1,0.2554348388376045,1,0.15468561158677013,-1
2026-05-25 15:00:00+00:00,0.2461,8.293187053525126e-05,0.026528848826790512,-0.4795175683886996,0.2461204103796625,1,0.2527161207095324,1,0.15235607638406704,-1
2026-05-25 16:00:00+00:00,0.2475,0.00019358610310046958,0.027877253267112913,-0.3497858501508755,0.2475479171984196,1,0.2544966913396114,1,0.1744476561448121,-1
2026-05-25 17:00:00+00:00,0.2466,8.404932684532299e-05,0.025006963338340203,-0.4151439753539721,0.2466207274350513,1,0.2528444693567818,1,0.16281646997536722,-1
2026-05-25 18:00:00+00:00,0.2464,0.0003877571873354099,0.02517713759496067,-0.45457821253618114,0.2464955618971683,1,0.2526824012860063,1,0.156393930392051,-1
2026-05-25 19:00:00+00:00,0.2455,8.293187053525126e-05,0.026528848826790512,-0.4332676636120754,0.2455203606184768,1,0.25209999038679487,1,0.15917898861245977,-1
2026-05-25 20:00:00+00:00,0.2445,0.000733600556525636,0.025006963338340203,-0.43964243805978265,0.24467943114341684,1,0.2506912926104345,1,0.1575232191941981,-1
2026-05-25 21:00:00+00:00,0.2447,-0.0002913325092779851,0.031381984090199114,-0.43998258555212366,0.24462872131838242,-1,0.252500935722145,1,0.15759845670525763,-1
2026-05-25 22:00:00+00:00,0.2427,0.0009044439181987231,0.026528848826790512,-0.20703230782962573,0.24291960783546215,1,0.2492247155473528,1,0.19731349417825209,-1
2026-05-25 23:00:00+00:00,0.2437,-0.0005491638953832185,0.03917185576997882,-0.2305368911899316,0.2435662054996121,-1,0.2534356174964076,1,0.19352390975104225,-1
2026-05-26 00:00:00+00:00,0.2421,-0.00045030528216327887,0.04329094935557168,-0.22863204861143735,0.24199100563339956,-1,0.2528109088149574,1,0.19261989968350263,-1
2026-05-26 01:00:00+00:00,0.2409,-0.0004768776758950461,0.04329094935557168,-0.22920581628602804,0.24078514755533692,-1,0.25155781880843964,1,0.19155521448111262,-1
2026-05-26 02:00:00+00:00,0.2407,5.582695346884467e-05,0.05086968361239215,-0.22920581628602804,0.2407134379227956,1,0.2532611141891653,1,0.19139618150935578,-1
2026-05-26 03:00:00+00:00,0.2408,7.481566922811159e-06,0.05086968361239215,-0.22920581628602804,0.24080180156805428,1,0.2533663327658953,1,0.1914756979952342,-1
2026-05-26 04:00:00+00:00,0.2411,-3.9323182747911126e-05,0.0566646910911547,-0.22920581628602804,0.24109051936704504,-1,0.25515634534513176,1,0.19171424745286947,-1
2026-05-26 05:00:00+00:00,0.2422,-0.0005287947590000996,0.04365289352533214,-0.23106331965696075,0.24207195976585616,-1,0.2530068907807893,1,0.1922315262540637,-1
2026-05-26 06:00:00+00:00,0.2421,0.0007039074347045934,0.043839100712395024,-0.2302437203469385,0.24227047598255877,1,0.2529495254456203,1,0.19230970966487335,-1
2026-05-26 07:00:00+00:00,0.2412,0.0007039074347045934,0.0566646910911547,-0.2276235656481862,0.24136984224284663,1,0.2552621754344495,1,0.19209746995022814,-1
2026-05-26 08:00:00+00:00,0.2421,4.792919623478984e-05,0.052471709190149665,-0.2299169200525822,0.2421116039364899,1,0.2551425919865541,1,0.1923725668049059,-1
2026-05-26 09:00:00+00:00,0.2423,-7.697391811033327e-05,0.04978753249371615,-0.22931510765076357,0.24228134993743528,-1,0.2546688720431451,1,0.19264738943671608,-1
2026-05-26 10:00:00+00:00,0.245,0.0009803671103853682,0.04329094935557168,-0.15413218372959467,0.24524030771768873,1,0.25583920966404194,1,0.21000388421643065,-1
2026-05-26 11:00:00+00:00,0.2443,1.6495393616402083e-05,0.052471709190149665,-0.1535204648251793,0.24430402985789745,1,0.2574611120293893,1,0.20953200861397064,-1
2026-05-26 12:00:00+00:00,0.2448,0.0005792959062431485,0.052471709190149665,-0.37864722506165216,0.2449418527212317,1,0.25798804840276096,1,0.167635893292696,-1
2026-05-26 13:00:00+00:00,0.2451,0.00040596660656302475,0.05086968361239215,-0.373298209734537,0.24519952261533098,1,0.2578907315652863,1,0.16874152070220252,-1
2026-05-26 14:00:00+00:00,0.244,0.00027444557723016347,0.04348271926871167,-0.22716334215673334,0.24406697391077056,1,0.2548438346862552,1,0.19441691180738702,-1
2026-05-26 15:00:00+00:00,0.2427,-0.00011311048726975167,0.0566646910911547,-0.23059997909190844,0.24267254963723084,-1,0.256849626774216,1,0.19271764407677475,-1
2026-05-26 16:00:00+00:00,0.2413,4.792919623478984e-05,0.052471709190149665,-0.23059997909190844,0.241311565592214,1,0.2542994937891594,1,0.19160596421807063,-1
2026-05-26 17:00:00+00:00,0.2398,-6.796009141674236e-05,0.05086968361239215,-0.22838621697600578,0.23978370372383276,-1,0.2523141469985951,1,0.19083687883150321,-1
2026-05-26 18:00:00+00:00,0.2396,0.00029749756715246684,0.05634241256468598,-0.22920581628602804,0.23967129102101659,1,0.2534871873627023,1,0.19052150016469316,-1
2026-05-26 19:00:00+00:00,0.2402,0.0003589010622633079,0.0523628402643946,-0.22852275724670182,0.24028622350708423,1,0.25311267616253674,1,0.19112910696678553,-1
2026-05-26 20:00:00+00:00,0.2405,-3.9323182747911126e-05,0.05006813282169821,-0.22838621697600578,0.24049054296049077,-1,0.25284792533419037,1,0.19139395062125322,-1
2026-05-26 21:00:00+00:00,0.2397,4.792919623478984e-05,0.04981920344063296,-0.22838621697600578,0.23971148890366223,1,0.25194412705206237,1,0.1907572971472532,-1
2026-05-26 22:00:00+00:00,0.24,-7.697391811033327e-05,0.056666405519590145,-0.22920581628602804,0.23998152697063338,-1,0.2539926498144843,1,0.19083956610820685,-1
2026-05-26 23:00:00+00:00,0.2401,7.481566922811159e-06,0.05006813282169821,-0.22838621697600578,0.24010179633093787,1,0.25242738824423744,1,0.19107562388425323,-1
2026-05-27 00:00:00+00:00,0.2417,-0.0005185677768591156,0.12978020584493766,-0.23404804882185823,0.24157469466079676,-1,0.27519432749713774,1,0.19126296072124793,-1
2026-05-27 01:00:00+00:00,0.2405,-0.0007639135125361417,0.11578548766991954,-0.23387099624623403,0.24031634895592316,-1,0.2700225778626345,1,0.1903470706257101,-1
2026-05-27 02:00:00+00:00,0.2407,0.0004263527449995323,0.12199033416515795,-0.23431992503110413,0.2408026449856522,1,0.2719291838632398,1,0.19041985926070176,-1
2026-05-27 03:00:00+00:00,0.2401,0.00017241931562815547,0.11578548766991954,-0.2142041431149398,0.24014140144678434,1,0.2695734758620314,1,0.19380477929398565,-1
2026-05-27 04:00:00+00:00,0.2397,-0.00010195085056096934,0.11578548766991954,-0.2142041431149398,0.2396755636267962,-1,0.26912437386142823,1,0.19348190585909356,-1
2026-05-27 05:00:00+00:00,0.24,0.00028667845303814797,0.11713719890174934,-0.2343199166891098,0.24006881269181587,1,0.2698256803733189,1,0.18986608476860803,-1
2026-05-27 06:00:00+00:00,0.2405,-0.0005460048070261236,0.1160929443049147,-0.1620997181267961,0.24036872168646672,-1,0.2701056108596657,1,0.20451071524966072,-1
2026-05-27 07:00:00+00:00,0.2404,0.00045589319183622564,0.12058950481157833,-0.1620997181267961,0.2405096217093143,1,0.27121007564857413,1,0.20442567960922428,-1
2026-05-27 08:00:00+00:00,0.2399,-1.7029407451939012e-05,0.11713719890174934,-0.3010803959529332,0.23989591467993768,-1,0.2697132530064967,1,0.177530384383758,-1
2026-05-27 09:00:00+00:00,0.2393,-0.0002037770409115899,0.11713719890174934,-0.21375521433006975,0.2392512411222485,-1,0.2690386888055634,1,0.19324576654117853,-1
2026-05-27 10:00:00+00:00,0.2396,-0.0005145710044077358,0.11629406390496157,-0.2142041431149398,0.23947674050294526,-1,0.2691489463173023,1,0.19340118750037052,-1
2026-05-27 11:00:00+00:00,0.2396,0.000149014188202999,0.12199033416515795,-0.1620997181267961,0.23963570645981194,1,0.2706864663632416,1,0.2037453944857327,-1
2026-05-27 12:00:00+00:00,0.2402,-0.00043236925033614585,0.11713719890174934,-0.1620997181267961,0.24009616735470832,-1,0.27005053510696336,1,0.20425560832835138,-1
2026-05-27 13:00:00+00:00,0.2391,-2.4293412990370126e-05,0.11578548766991954,-0.2133845438049175,0.23909419151550826,-1,0.2684507208605236,1,0.1931558412431405,-1
2026-05-27 14:00:00+00:00,0.24,-0.0005809004676966507,0.12181096978533636,-0.2335003257210818,0.23986062437335545,-1,0.2710897354327429,1,0.1900217610835557,-1
2026-05-27 15:00:00+00:00,0.2415,-0.0003807596377553751,0.11386446986843939,-0.2343199166891098,0.24140806405134205,-1,0.2706249578377954,1,0.19105274779841183,-1
2026-05-27 16:00:00+00:00,0.2411,2.9018924163668636e-05,0.1160929443049147,-0.2343199166891098,0.2411069965641318,1,0.2707794710114986,1,0.1907363043237975,-1
2026-05-27 17:00:00+00:00,0.2384,-0.0009166156558389865,0.11561531341329907,-0.2133845438049175,0.2381815789470192,-1,0.2676192465778745,1,0.19259034944527265,-1
2026-05-27 18:00:00+00:00,0.2398,-0.0003807596377553751,0.1160929443049147,-0.2343199166891098,0.23970871121951068,-1,0.26931944068252744,1,0.18970786303130088,-1
2026-05-27 19:00:00+00:00,0.241,-0.0009256458666608181,0.11386446986843939,-0.2226424026390435,0.240777022561128,-1,0.2700646577180484,1,0.19289664567947645,-1
2026-05-27 20:00:00+00:00,0.2404,-0.000606224693113609,0.12734525542034067,-0.16128011881677387,0.2402543077493574,-1,0.2730485062794818,1,0.20459329543470736,-1
2026-05-27 21:00:00+00:00,0.2375,-0.0003807596377553751,0.11848560334207174,-0.2142041431149398,0.23740958679997406,-1,0.2673752832610212,1,0.19170610196718696,-1
2026-05-27 22:00:00+00:00,0.2367,-0.00014018270064190239,0.12818665630166404,-0.2142041431149398,0.23666682108036766,-1,0.2690723150945844,1,0.19106035509740277,-1
2026-05-27 23:00:00+00:00,0.2372,-0.00010874889802351457,0.11629406390496157,-0.2142041431149398,0.23717420616393986,-1,0.2664529635495163,1,0.1914639468910179,-1
2026-05-28 00:00:00+00:00,0.2383,0.0004813955924548655,0.0544754677577215,-0.27226910108198676,0.2384147441861388,1,0.25164159972097544,1,0.18150102172405727,-1
2026-05-28 01:00:00+00:00,0.2374,-0.0001768256840264443,0.05613260926038972,-0.2714495017719645,0.23735802529382455,-1,0.2511069870231116,1,0.18096379441553767,-1
2026-05-28 02:00:00+00:00,0.237,3.843993035635974e-05,0.0544754677577215,-0.2709209806986011,0.23700911043859565,1,0.25026881717948457,1,0.18075439216948963,-1
2026-05-28 03:00:00+00:00,0.2322,-0.0015523631601239585,0.05442263378332467,-0.2714495017719645,0.23183982091092456,-1,0.24518712708905996,1,0.176999970780488,-1
2026-05-28 04:00:00+00:00,0.2312,0.00035167492281536016,0.057407301266168394,-0.2718201722971167,0.23128132154069006,1,0.24486093522462965,1,0.17617238299055435,-1
2026-05-28 05:00:00+00:00,0.2298,8.293187053525126e-05,0.0544754677577215,-0.27226910108198676,0.229819058534118,1,0.2426657138727661,1,0.17502700290469306,-1
2026-05-28 06:00:00+00:00,0.2302,6.598732372356117e-05,0.0544754677577215,-0.27109804161621964,0.23021519078311523,1,0.2430881085009171,1,0.1755371066871271,-1
2026-05-28 07:00:00+00:00,0.2315,-9.585951604905497e-05,0.052290227664726775,-0.2806097483876185,0.23147780958563285,-1,0.2439272685611027,1,0.17485728468762549,-1
2026-05-28 08:00:00+00:00,0.2302,0.0002875839468879571,0.05442263378332467,-0.2814235326147709,0.2302662113447772,1,0.243075265529292,1,0.17373392525951925,-1
2026-05-28 09:00:00+00:00,0.2316,-0.0009006268708005009,0.05527405337102197,-0.2691436035758142,0.23139150871724118,-1,0.2447618749851705,1,0.17695016550699583,-1
2026-05-28 10:00:00+00:00,0.2299,0.00019358610310046958,0.054676587357768376,-0.2806097483876185,0.22994450975319863,1,0.24282014350935163,1,0.17364876781721425,-1
2026-05-28 11:00:00+00:00,0.2302,0.00019346475952838505,0.05780700726114,-0.2709209806986011,0.23024453989595464,1,0.24389931667292417,1,0.17556819020006967,-1
2026-05-28 12:00:00+00:00,0.2318,0.00046052120680299154,0.054676587357768376,-0.2714495017719645,0.23190677339955731,1,0.24482692155488348,1,0.17669506127009954,-1
2026-05-28 13:00:00+00:00,0.2314,0.0006766106156205149,0.057407301266168394,-0.2806097483876185,0.23155662067608554,1,0.24507275264264403,1,0.17478175238322477,-1
2026-05-28 14:00:00+00:00,0.2322,0.0003877571873354099,0.057407301266168394,-0.2714495017719645,0.23229005467744512,1,0.2459200223147016,1,0.176999970780488,-1
2026-05-28 15:00:00+00:00,0.233,0.0006404924694794326,0.0544754677577215,-0.27226910108198676,0.2331492825474591,1,0.24604487089797433,1,0.17746428057786548,-1
2026-05-28 16:00:00+00:00,0.2345,-0.0007206111916724047,0.0544754677577215,-0.2919927627498359,0.2343310775465679,-1,0.24762885075354066,1,0.17511848905747976,-1
2026-05-28 17:00:00+00:00,0.2352,0.0006666912170115066,0.0544754677577215,-0.25203012338654485,0.23535685805637535,1,0.24836804135280496,1,0.18280245568184228,-1
2026-05-28 18:00:00+00:00,0.2364,-0.0005560052275795765,0.062129184748064954,-0.22229087199273548,0.23626859689799118,-1,0.25155319303061635,1,0.18928132748380733,-1
2026-05-28 19:00:00+00:00,0.2345,8.293187053525126e-05,0.05560042414590883,-0.2905081596061809,0.23451944833007252,1,0.2479075791603514,1,0.17537866359702986,-1
2026-05-28 20:00:00+00:00,0.2356,0.0002915792736581147,0.0544754677577215,-0.22392439595971678,0.2356687060930234,1,0.24879043598095602,1,0.1883328838461203,-1
2026-05-28 21:00:00+00:00,0.2356,0.0005242900380668838,0.05389681220003426,-0.36030203377234366,0.23572355511949747,1,0.2486465136572184,1,0.16432290385991588,-1
2026-05-28 22:00:00+00:00,0.2342,9.905102157758833e-05,0.062129184748064954,-0.2691436035758142,0.23422319889817178,1,0.24921217346772567,1,0.17893665268453549,-1
2026-05-28 23:00:00+00:00,0.2349,8.293187053525126e-05,0.062162173634154404,-0.2921504804477303,0.23491948150419634,1,0.24996528926908654,1,0.17538953441858315,-1
2026-05-29 00:00:00+00:00,0.2351,-0.0005145710044077358,0.026535329237091666,-0.2936686469516329,0.2349790554768048,-1,0.2414219626343143,1,0.17527257061793708,-1
2026-05-29 01:00:00+00:00,0.2349,-0.0005776579287825712,0.025943256724361992,-0.2695288156774257,0.23476434733671936,-1,0.24107380909070125,1,0.17940235488493206,-1
2026-05-29 02:00:00+00:00,0.2331,0.00015568753616634003,0.02980050505036999,-0.272594271194846,0.23313629358983687,1,0.24015103816619074,1,0.1774827240436058,-1
2026-05-29 03:00:00+00:00,0.2334,0.0005545607535177274,0.030745372412288537,-0.272594271194846,0.2335294703761476,1,0.2406874231459943,1,0.1777111445378704,-1
2026-05-29 04:00:00+00:00,0.2345,-5.572721560875791e-05,0.025093785138726826,-0.2935109292537385,0.23448693233205548,-1,0.24045894618114066,1,0.1748528317402235,-1
2026-05-29 05:00:00+00:00,0.2353,-0.0009026395905576735,0.03438415725823534,-0.2870211480607096,0.23508770473181287,-1,0.24353129430995918,1,0.17659167518440474,-1
2026-05-29 06:00:00+00:00,0.236,-0.00024873933663987406,0.03559551252913258,-0.2750360169869515,0.23594130481675607,-1,0.24455184160767518,1,0.17925256482753743,-1
2026-05-29 07:00:00+00:00,0.2349,0.00028193341795857357,0.030745372412288537,-0.2870211480607096,0.2349662354964397,1,0.24223425748497887,1,0.17629147684154983,-1
2026-05-29 08:00:00+00:00,0.2351,-0.0005145710044077358,0.0357663764326501,-0.2943305285637608,0.2349790554768048,-1,0.24366085794114128,1,0.17515659931020652,-1
2026-05-29 09:00:00+00:00,0.2355,0.0002653437329157454,0.024561600024245935,-0.2560102183840132,0.23556249674029417,1,0.2413558772757267,1,0.1823085707420718,-1
2026-05-29 10:00:00+00:00,0.2347,0.000689685875507745,0.04606156794999698,-0.2944882462616552,0.23486192510729284,1,0.2457634949403732,1,0.17483101111225713,-1
2026-05-29 11:00:00+00:00,0.2335,0.0006126916760922189,0.024235229249359055,-0.2729676682758671,0.23364310734222946,1,0.2392280560454492,1,0.17772091184196206,-1
2026-05-29 12:00:00+00:00,0.2325,-0.0005582643333623845,0.025943256724361992,-0.2729676682758671,0.23237023976611856,-1,0.23861073058147314,1,0.17695979444649326,-1
2026-05-29 13:00:00+00:00,0.2326,-0.0005834484623990075,0.02980050505036999,-0.272594271194846,0.23246432946987575,-1,0.23963591367419976,1,0.17710202321983143,-1
2026-05-29 14:00:00+00:00,0.2326,-0.00037073317545057333,0.04606156794999698,-0.2729676682758671,0.2325137834460461,-1,0.2435645032941236,1,0.17703590618604015,-1
2026-05-29 15:00:00+00:00,0.2358,0.0001064687455475527,0.024235229249359055,-0.34859107934463146,0.23582510666671405,1,0.2415844780107791,1,0.166399730494041,-1
2026-05-29 16:00:00+00:00,0.2353,-0.0007000027159907327,0.02980050505036999,-0.2936686552936273,0.23513534699642563,-1,0.242417585930951,1,0.1754216738509702,-1
2026-05-29 17:00:00+00:00,0.2349,0.0003884015760320719,0.02980050505036999,-0.28789792358079913,0.23499125325051592,1,0.24200548633735822,1,0.17613697653119717,-1
2026-05-29 18:00:00+00:00,0.2322,0.00021545637836728414,0.04703286391386298,-0.2564734673559797,0.23225003436097444,1,0.24338192885961257,1,0.1796706768115764,-1
2026-05-29 19:00:00+00:00,0.2329,6.856666723999667e-05,0.04606156794999698,-0.2564734673559797,0.2329159697242893,1,0.24387864495787354,1,0.18021231967879475,-1
2026-05-29 20:00:00+00:00,0.233,0.0003663889029917181,0.03559551252913258,-0.2550571004349454,0.2330853842553637,1,0.24144313175673018,1,0.18054523451917767,-1
2026-05-29 21:00:00+00:00,0.2322,-6.47410423023488e-05,0.03559551252913258,-0.272594271194846,0.23218496761658872,-1,0.24061414246314483,1,0.17679746256081194,-1
2026-05-29 22:00:00+00:00,0.233,0.00014347634919260798,0.04606156794999698,-0.272594271194846,0.23303343238768304,1,0.2439833588457902,1,0.17740658387885094,-1
2026-05-29 23:00:00+00:00,0.2329,0.00020289991363904068,0.03559551252913258,-0.2664778870828383,0.23294726018426803,1,0.241339508095032,1,0.178418388575256,-1
2026-05-30 00:00:00+00:00,0.2351,-0.00020963926862393916,0.027877253267112913,-0.254376733087773,0.23505071897374616,-1,0.24174615003613187,1,0.18229645261754815,-1
2026-05-30 01:00:00+00:00,0.2378,4.280828560382299e-05,0.026528848826790512,-0.35333901550202623,0.23781018002820983,1,0.2441929845783292,1,0.16701622589664092,-1
2026-05-30 02:00:00+00:00,0.2386,0.0006404924694794326,0.03743007429231637,-0.18677279074957118,0.23875287045417914,1,0.24770006129605227,1,0.19795024651958218,-1
2026-05-30 03:00:00+00:00,0.2364,-0.00047447928563006407,0.03917185576997882,-0.254376733087773,0.23628785970310487,-1,0.24584398841260055,1,0.1833044721343615,-1
2026-05-30 04:00:00+00:00,0.2351,0.00015980483125280565,0.03917185576997882,-0.26772557037930234,0.2351375731179305,1,0.24449205446616917,1,0.1798791767386509,-1
2026-05-30 05:00:00+00:00,0.2358,-0.00033638054333819036,0.03682312946302886,-0.2671778389365316,0.23572069480699062,-1,0.2446447400402402,1,0.18051360504929084,-1
2026-05-30 06:00:00+00:00,0.2354,-0.00011389112844751097,0.03917185576997882,-0.26564316335401117,0.23537319155501446,-1,0.24480403922303795,1,0.18048416248756266,-1
2026-05-30 07:00:00+00:00,0.2353,0.00039390750798647486,0.03917185576997882,-0.254376733087773,0.23539270469396803,1,0.24470004430408168,1,0.18245153254321175,-1
2026-05-30 08:00:00+00:00,0.2343,6.424612188108932e-05,0.03880461302128122,-0.26772557037930234,0.23431505334991123,1,0.2435706291403119,1,0.17926708256004215,-1
2026-05-30 09:00:00+00:00,0.2353,6.424612188108932e-05,0.026528848826790512,-0.2671778389365316,0.23531511759809695,1,0.2416257749002559,1,0.18013083659074697,-1
2026-05-30 10:00:00+00:00,0.2349,-0.00013147688828720697,0.033032476745048146,-0.26772557037930234,0.2348691181091133,-1,0.24278890653316257,1,0.1797261531939987,-1
2026-05-30 11:00:00+00:00,0.2353,0.0003589399486118839,0.03743007429231637,-0.26564316335401117,0.2353844737294995,1,0.24427420126974478,1,0.18040749122057562,-1
2026-05-30 12:00:00+00:00,0.2354,0.00016738735556839565,0.033032476745048146,-0.28772109991440264,0.2354394062814654,1,0.24330569858623444,1,0.17654310983592783,-1
2026-05-30 13:00:00+00:00,0.2359,0.0006514162179712562,0.026528848826790512,-0.28618642433188224,0.23605371914795661,1,0.2422419052229935,1,0.1771898155296724,-1
2026-05-30 14:00:00+00:00,0.2361,0.00035967733563056515,0.026528848826790512,-0.2878576401850987,0.23618493509264063,1,0.24244728199723936,1,0.17704391407254552,-1
2026-05-30 15:00:00+00:00,0.2365,0.00026766162619424146,0.026528848826790512,-0.28809177043955486,0.23656331044710557,1,0.24285803554573107,1,0.1773023447037992,-1
2026-05-30 16:00:00+00:00,0.2369,-0.0014125858169922556,0.026528848826790512,-0.2744925150039369,0.23656559466367813,-1,0.2432687890942228,1,0.18003397735513832,-1
2026-05-30 17:00:00+00:00,0.2371,-0.0011140130528800732,0.03917185576997882,-0.28772109991440264,0.2368360145740683,-1,0.24657195284529437,1,0.17781806007688397,-1
2026-05-30 18:00:00+00:00,0.2377,-0.0011884463348702486,0.03743007429231637,-0.2850985626974364,0.23741767410401937,-1,0.24676573583433203,1,0.1787361706644029,-1
2026-05-30 19:00:00+00:00,0.2372,-0.00020979259901489185,0.03917185576997882,-0.2882688313571734,0.2371502424150827,-1,0.2466759477642506,1,0.17779564620898272,-1
2026-05-30 20:00:00+00:00,0.2377,-0.0009695881800309671,0.03917185576997882,-0.28552604175914353,0.2374696405845366,-1,0.24719592235903193,1,0.17865978102252367,-1
2026-05-30 21:00:00+00:00,0.2376,-0.0011111332730117634,0.03917185576997882,-0.21562114539115815,0.23733614135254075,-1,0.2470919274400757,1,0.1915152504179887,-1
2026-05-30 22:00:00+00:00,0.2361,-0.00038334744233286687,0.033032476745048146,-0.3554214225273174,0.2360095090147173,-1,0.24402920746053505,1,0.16547729938362812,-1
2026-05-30 23:00:00+00:00,0.236,6.424612188108932e-05,0.03682312946302886,-0.27530629088909503,0.23601516257182692,1,0.24485224194018948,1,0.17920412408380154,-1
2026-05-31 00:00:00+00:00,0.2367,-0.00011154579197307114,0.04350221198381189,-0.2677934681942644,0.2366735985835508,-1,0.2472242275090409,1,0.1810910689905402,-1
2026-05-31 01:00:00+00:00,0.2369,0.00038752068783497336,0.047025247501247855,-0.277016728333851,0.23699182144115302,1,0.2483063729872932,1,0.1795801062643821,-1
2026-05-31 02:00:00+00:00,0.2374,0.00033737083212018025,0.04606156794999698,-0.28774019754091035,0.23748010534738936,1,0.2485907699141227,1,0.17803965112864795,-1
2026-05-31 03:00:00+00:00,0.2381,0.0005163798623370856,0.04703286391386298,-0.2905764116344025,0.23822298179515097,1,0.24956605194433143,1,0.17805889063853295,-1
2026-05-31 04:00:00+00:00,0.2387,-0.00028535168035558175,0.04703286391386298,-0.2750360253289459,0.23863189627111797,-1,0.2501949458173537,1,0.18130333418389566,-1
2026-05-31 05:00:00+00:00,0.2378,-0.0004825761351640481,0.04606156794999698,-0.2756003614128167,0.2376852710800039,-1,0.2490096254657893,1,0.18051784241710567,-1
2026-05-31 06:00:00+00:00,0.2379,0.00030013118777384257,0.03559551252913258,-0.2870211480607096,0.23797141192550836,1,0.24652069117994038,1,0.1785429644129617,-1
2026-05-31 07:00:00+00:00,0.2366,0.00015169867511234414,0.02980050505036999,-0.2664778870828383,0.23663589462904658,1,0.24375690961012753,1,0.18125285846674782,-1
2026-05-31 08:00:00+00:00,0.237,0.000696030298369427,0.047025247501247855,-0.26719693656303894,0.23716501660232905,1,0.2484111878344807,1,0.18142878445754734,-1
2026-05-31 09:00:00+00:00,0.2373,0.0008556998292136119,0.04703286391386298,-0.28774019754091035,0.237503144472422,1,0.24872752678030174,1,0.17796465548790297,-1
2026-05-31 10:00:00+00:00,0.2371,0.0008833062384713884,0.04350221198381189,-0.29311819729498756,0.2373095244326377,1,0.2476420124308982,1,0.17686094383868506,-1
2026-05-31 11:00:00+00:00,0.2371,0.0006866818635061548,0.03559551252913258,-0.28774019754091035,0.23726286818275114,1,0.24569170188635506,1,0.17781466420641293,-1
2026-05-31 12:00:00+00:00,0.2377,0.0005534676734668653,0.04703286391386298,-0.2851493174881568,0.23783159567960113,1,0.24914678936231657,1,0.17872709917767932,-1
2026-05-31 13:00:00+00:00,0.2368,0.00025815441262687876,0.04703286391386298,-0.2935109292537385,0.23686113885620327,1,0.2482034485527832,1,0.1765678062093174,-1
2026-05-31 14:00:00+00:00,0.234,0.0001857411355709069,0.04606156794999698,-0.272594271194846,0.23404346746244656,1,0.2450304977249567,1,0.17816798552639965,-1
2026-05-31 15:00:00+00:00,0.2338,0.0007689481593139403,0.030745372412288537,-0.2733164018757431,0.23397984921814846,1,0.24109991230305688,1,0.17788720099848213,-1
2026-05-31 16:00:00+00:00,0.233,0.0008181945837192385,0.030745372412288537,-0.272594271194846,0.23319071734931818,1,0.2402749339889318,1,0.17740658387885094,-1
2026-05-31 17:00:00+00:00,0.2335,0.0003343531010778608,0.023878847805675694,-0.2564734673559797,0.233578084502272,1,0.23914281479556818,1,0.18067658499355335,-1
2026-05-31 18:00:00+00:00,0.2331,0.00046697774691705944,0.03559551252913258,-0.272594271194846,0.23320887793261363,1,0.24154675541842835,1,0.1774827240436058,-1
2026-05-31 19:00:00+00:00,0.2328,0.00023815038613405929,0.02980050505036999,-0.26719693656303894,0.2328554480121127,1,0.23984196347099615,1,0.1782135908089326,-1
2026-05-31 20:00:00+00:00,0.2339,-0.00010874889802351457,0.03559551252913258,-0.2664778870828383,0.23387456501579063,-1,0.24237574471201367,1,0.17918446151890244,-1
2026-05-31 21:00:00+00:00,0.2349,0.00028193341795857357,0.030745372412288537,-0.2564734673559797,0.2349662354964397,1,0.24223425748497887,1,0.18175987072799007,-1
2026-05-31 22:00:00+00:00,0.2359,-0.0005992072491584991,0.023878847805675694,-0.25445058067929704,0.23575868935133415,-1,0.24160081374849907,1,0.1829032648558703,-1
2026-05-31 23:00:00+00:00,0.2357,0.0006014749844810174,0.03559551252913258,-0.2724172102772275,0.2358418102972401,1,0.24424097062258068,1,0.17949414691213614,-1
2026-06-01 00:00:00+00:00,0.2367,-0.0003066314336340734,0.12020128875533917,-0.20558792254412867,0.2366274314661242,-1,0.26693222981783266,1,0.19271368576160847,-1
2026-06-01 01:00:00+00:00,0.2334,0.0007329541339320938,0.12670491667359673,-0.20537066747129312,0.23357113420395942,1,0.26492814453671754,1,0.19006821848573943,-1
2026-06-01 02:00:00+00:00,0.2364,0.0005964302036092853,0.1357653907883884,-0.21811514420958644,0.23654103815566022,1,0.2707756657278355,1,0.1900733673022706,-1
2026-06-01 03:00:00+00:00,0.2369,-0.0007406894665051903,0.11882521941773984,-0.2362744045338363,0.23672459563348747,-1,0.2667903997858672,1,0.18704770787280786,-1
2026-06-01 04:00:00+00:00,0.2345,0.00018804669201803712,0.13402360931072596,-0.21914379175727544,0.23454410109568086,1,0.2681319465423834,1,0.18835185751516584,-1
2026-06-01 05:00:00+00:00,0.234,0.0008049634661668011,0.1357653907883884,-0.207509096516087,0.2341884372834724,1,0.26802667419760373,1,0.19014976886660628,-1
2026-06-01 06:00:00+00:00,0.233,0.0007858021810021515,0.12020128875533917,-0.21811514420958644,0.23318316386403035,1,0.26275965165844956,1,0.1873396555898014,-1
2026-06-01 07:00:00+00:00,0.231,0.00013426620668657206,0.12020128875533917,-0.2362744045338363,0.23103101757600414,1,0.26050420400472896,1,0.18238928036563368,-1
2026-06-01 08:00:00+00:00,0.2314,0.00018804669201803712,0.11176692489798691,-0.21914379175727544,0.23144351809612176,1,0.2587635575816006,1,0.18586191824737475,-1
2026-06-01 09:00:00+00:00,0.2318,-0.00027034735035423,0.12020128875533917,-0.20609272959505265,0.23173734195428786,-1,0.2614063830662172,1,0.1886290147792108,-1
2026-06-01 10:00:00+00:00,0.2313,0.00014597892212701676,0.11882521941773984,-0.20609272959505265,0.23133376738929157,1,0.26048383060561875,1,0.1882221359725257,-1
2026-06-01 11:00:00+00:00,0.2302,0.001073896984064086,0.11176692489798691,-0.2362744045338363,0.2304473438728802,1,0.257421654949371,1,0.1817576291782202,-1
2026-06-01 12:00:00+00:00,0.2306,0.0010380204980502967,0.10050300976254566,-0.21811514420958644,0.23083949180404714,1,0.2549806392069831,1,0.18540997673394075,-1
2026-06-01 13:00:00+00:00,0.2288,-0.0004378584226062901,0.11882521941773984,-0.20609272959505265,0.2286998399224747,-1,0.257668397935865,1,0.18618774193910023,-1
2026-06-01 14:00:00+00:00,0.2276,0.0005301755282266385,0.09757117625409878,-0.1920533509130695,0.22772069994347527,1,0.2509267034870309,1,0.18782982210887908,-1
2026-06-01 15:00:00+00:00,0.227,0.00034530378766604397,0.10050300976254566,-0.21914379175727544,0.22707839749449713,1,0.25100002211615424,1,0.18232781089954223,-1
2026-06-01 16:00:00+00:00,0.2304,0.0004427240964256911,0.10269786249386204,-0.21914379175727544,0.2305020262148819,1,0.2553192674695218,1,0.18505871203195826,-1
2026-06-01 17:00:00+00:00,0.2311,-0.0014722221716411848,0.09777229585414565,-0.20166432028692527,0.23076001978074925,-1,0.25483666566625096,1,0.188894035101774,-1
2026-06-01 18:00:00+00:00,0.2305,0.000440429392890549,0.11882521941773984,-0.21811514420958644,0.23060154133431401,1,0.2595828921512976,1,0.1853295734482799,-1
2026-06-01 19:00:00+00:00,0.2314,0.0004157449318546994,0.11226346992949425,-0.2362744045338363,0.23149622337803605,1,0.2588920772457126,1,0.1827051059593404,-1
2026-06-01 20:00:00+00:00,0.231,-0.0005261055650982293,0.11226346992949425,-0.2362744045338363,0.2308785015777628,-1,0.25844455420812285,1,0.18238928036563368,-1
2026-06-01 21:00:00+00:00,0.2295,0.00028389755717785596,0.11211646353442897,-0.21914379175727544,0.22956516373884778,1,0.2567285992970667,1,0.18433582643808344,-1
2026-06-01 22:00:00+00:00,0.2309,0.00025066001438910237,0.11193709915460738,-0.20609272959505265,0.2309578846517032,1,0.25824837497094133,1,0.18789663292717762,-1
2026-06-01 23:00:00+00:00,0.2311,0.0006071770014969526,0.12020128875533917,-0.21914379175727544,0.2312403612127839,1,0.260616976387415,1,0.1856209563827498,-1
2026-06-02 00:00:00+00:00,0.2297,-0.0012159821842849966,0.0872427877004994,-0.24733675381041514,0.22942085864212394,-1,0.25063981220845527,1,0.1793676044083421,-1
2026-06-02 01:00:00+00:00,0.2272,0.0008379091207859376,0.08746829763468393,-0.24733675381041514,0.22739045273214029,1,0.24796782119037455,1,0.1774154101940589,-1
2026-06-02 02:00:00+00:00,0.228,0.0008379091207859376,0.08163598153047597,-0.2273812175501896,0.22819112334035205,1,0.247393852316647,1,0.1816286851203292,-1
2026-06-02 03:00:00+00:00,0.228,0.0011660739676658137,0.0799494615061445,-0.24362701313547683,0.22826601993394482,1,0.24697696927043453,1,0.17870182161517947,-1
2026-06-02 04:00:00+00:00,0.226,0.0006110743950683625,0.0830426887766671,-0.2481563531204374,0.22613814501742818,1,0.2455689315454261,1,0.17633377468945818,-1
2026-06-02 05:00:00+00:00,0.2246,0.0011660739676658137,0.08841316499660244,-0.24434606261567754,0.22486205297001757,1,0.24536188621101085,1,0.17591043609512533,-1
2026-06-02 06:00:00+00:00,0.2239,0.000998102248839493,0.08746829763468393,-0.22997038128816996,0.22412358665612572,1,0.2443661759001974,1,0.17790134273106817,-1
2026-06-02 07:00:00+00:00,0.224,0.0007333645478095532,0.08309411738015278,-0.23531986489980108,0.22416433390967577,1,0.24340827298573492,1,0.17703123518122074,-1
2026-06-02 08:00:00+00:00,0.224,0.0009750502589171893,0.08439133754740237,-0.24362701313547683,0.22421851777359084,1,0.24372423199622018,1,0.1755667019377202,-1
2026-06-02 09:00:00+00:00,0.2233,0.0007039074347045934,0.08406714850457567,-0.24434606261567754,0.2234572378641279,1,0.24288384072664143,1,0.17489225458611526,-1
2026-06-02 10:00:00+00:00,0.2245,0.001250529452698958,0.0830426887766671,-0.22082873088060995,0.22478091947456028,1,0.24393904925640778,1,0.180016223305123,-1
2026-06-02 11:00:00+00:00,0.2232,0.0009579398512477454,0.08218413288729932,-0.22254103947427845,0.22341391461710855,1,0.24231835142400862,1,0.17866761693112015,-1
2026-06-02 12:00:00+00:00,0.2233,7.481566922811159e-06,0.08406714850457567,-0.2467172611159401,0.22330167064014336,1,0.24288384072664143,1,0.1744780416189952,-1
2026-06-02 13:00:00+00:00,0.223,0.000526618910035218,0.08359760681824467,-0.24362701313547683,0.22311746694438023,1,0.24244366601030062,1,0.17478292201835538,-1
2026-06-02 14:00:00+00:00,0.2195,-5.392192818802985e-05,0.0827207019483312,-0.22082873088060995,0.21948816445586328,-1,0.23842932482996065,1,0.1760069532983274,-1
2026-06-02 15:00:00+00:00,0.2154,0.0003908205163222217,0.08841316499660244,-0.22254103947427845,0.21548419919152983,1,0.23531144385508343,1,0.17242385612438746,-1
2026-06-02 16:00:00+00:00,0.2184,0.0005496708999575215,0.08163598153047597,-0.23531986489980108,0.2185200811240771,1,0.23697726906120925,1,0.17260545430169022,-1
2026-06-02 17:00:00+00:00,0.2187,0.00027444557723016347,0.08421746631011917,-0.23604192702356064,0.21876002948477674,1,0.23791617220276695,1,0.17271779169437199,-1
2026-06-02 18:00:00+00:00,0.2164,-0.0002886160080644486,0.0872427877004994,-0.22997038128816996,0.2163375525079613,-1,0.2361273633518055,1,0.17194216421171576,-1
2026-06-02 19:00:00+00:00,0.2157,0.0005496708999575215,0.08421746631011917,-0.22082873088060995,0.21581859660468602,1,0.23465257587625438,1,0.17295990809316272,-1
2026-06-02 20:00:00+00:00,0.2164,0.0007220954646927648,0.08439133754740237,-0.22082873088060995,0.21655631788998694,1,0.2354550169820627,1,0.17352120589411413,-1
2026-06-02 21:00:00+00:00,0.2168,0.0007039074347045934,0.08121124712520308,-0.23161351771543323,0.21695266085509599,1,0.2351412780484167,1,0.1719771728211978,-1
2026-06-02 22:00:00+00:00,0.2123,0.00027444557723016347,0.0830426887766671,-0.22997038128816996,0.2123582727920352,1,0.23068267330572548,1,0.16868447995446975,-1
2026-06-02 23:00:00+00:00,0.213,0.000614707879350701,0.0830426887766671,-0.22082873088060995,0.21313097302925407,1,0.2314432850406007,1,0.1707949022894931,-1
2026-06-03 00:00:00+00:00,0.2137,0.00013195128321541943,0.07913274554334224,-0.2222736374948814,0.2137281998496854,1,0.231297765336157,1,0.17110878517230835,-1
2026-06-03 01:00:00+00:00,0.2139,0.0006452129659414141,0.07887387529889386,-0.2378692574942259,0.21403805558625263,1,0.231454310544103,1,0.16861859980212887,-1
2026-06-03 02:00:00+00:00,0.2124,0.0005071235383043349,0.07815038003811915,-0.23416291030985806,0.21250774035606212,1,0.2296649871343358,1,0.16805786910646217,-1
2026-06-03 03:00:00+00:00,0.2088,0.00030694954710015944,0.07601797391952128,-0.2239859460885499,0.20886410090280277,1,0.22529143481776787,1,0.16689934562846573,-1
2026-06-03 04:00:00+00:00,0.2119,0.00043689159102909054,0.07875933011152066,-0.2239859460885499,0.2119925975542126,1,0.22926391228625315,1,0.1693772573691182,-1
2026-06-03 05:00:00+00:00,0.215,0.00028389755717785596,0.07841470686868975,-0.23859131961798546,0.21506104663987916,1,0.23253778663804844,1,0.1693634010679938,-1
2026-06-03 06:00:00+00:00,0.2154,0.00025066001438910237,0.07755615097932197,-0.2325197738825948,0.21545399893450354,1,0.23277048279519205,1,0.17071184034003264,-1
2026-06-03 07:00:00+00:00,0.2171,-0.00022428866094605242,0.07875933011152066,-0.2239859460885499,0.2170513123919519,-1,0.2348900205632164,1,0.1735337544824708,-1
2026-06-03 08:00:00+00:00,0.2167,0.00015570404296383824,0.07601797391952128,-0.22542336813656205,0.2167337436930568,1,0.2338153923611604,1,0.1729652211384126,-1
2026-06-03 09:00:00+00:00,0.2165,-0.0005453076524912768,0.07601797391952128,-0.2325197738825948,0.21638197307665258,-1,0.23359959596765678,1,0.17158362782552028,-1
2026-06-03 10:00:00+00:00,0.2176,-0.001382745283834941,0.08406629414225147,-0.2378692574942259,0.21729932255430506,-1,0.23668373751807342,1,0.17153533107500346,-1
2026-06-03 11:00:00+00:00,0.2162,-0.0013671563798083922,0.07815038003811915,-0.2239859460885499,0.2159046227501391,-1,0.2337738710849501,1,0.17281436075131362,-1
2026-06-03 12:00:00+00:00,0.2157,-0.0007811139453114099,0.07887387529889386,-0.2239859460885499,0.215531579508357,-1,0.23340203265246853,1,0.1724146975673374,-1
2026-06-03 13:00:00+00:00,0.2153,0.00028389755717785596,0.07887387529889386,-0.22973864417941153,0.21536113182123712,1,0.23296920551727618,1,0.1711077987947213,-1
2026-06-03 14:00:00+00:00,0.214,0.0005301755282266385,0.07840433361256287,-0.23416291030985806,0.21411348764456814,1,0.23145381459525324,1,0.1693238417550984,-1
2026-06-03 15:00:00+00:00,0.212,0.0001807036653079258,0.07755615097932197,-0.2325197738825948,0.2120383126385581,1,0.2290962969014889,1,0.16801722447579814,-1
2026-06-03 16:00:00+00:00,0.2095,0.0005301755282266385,0.07887387529889386,-0.2239859460885499,0.2096111012221356,1,0.22669321205698725,1,0.16745887408603238,-1
2026-06-03 17:00:00+00:00,0.2099,0.00011347794422174537,0.07887387529889386,-0.2239859460885499,0.20992382037201002,1,0.2271260391921796,1,0.16777860463321337,-1
2026-06-03 18:00:00+00:00,0.2084,9.042595429944195e-05,0.07887387529889386,-0.22973864417941153,0.2084188456209298,1,0.22550293743520833,1,0.16562408392391975,-1
2026-06-03 19:00:00+00:00,0.2048,0.00031880240759979954,0.07887387529889386,-0.2222736374948814,0.20486530114160398,1,0.2216074932184773,1,0.1639825886911032,-1
2026-06-03 20:00:00+00:00,0.2023,0.0005010756952561803,0.07601797391952128,-0.2239859460885499,0.20240139301381632,1,0.21827805202890055,1,0.16170372423677498,-1
2026-06-03 21:00:00+00:00,0.2055,0.0006452129659414141,0.07815038003811915,-0.2239859460885499,0.20563263404850354,1,0.22220411890822037,1,0.1642615686142227,-1
2026-06-03 22:00:00+00:00,0.2026,9.042595429944195e-05,0.07841470686868975,-0.2222736374948814,0.20261832112668127,1,0.2191263049900866,1,0.162221056976648,-1
2026-06-03 23:00:00+00:00,0.2004,0.0005301755282266385,0.07887387529889386,-0.2239859460885499,0.20050627534566098,1,0.21684639473136155,1,0.16018500413766534,-1
2026-06-04 00:00:00+00:00,0.1978,-0.00023175960893788203,0.05187222021410656,-0.2625594703834306,0.19775416326110962,-1,0.20833109966497987,1,0.1521241477216931,-1
2026-06-04 01:00:00+00:00,0.1924,-0.0002247319677724772,0.04948586052106499,-0.26006487480266866,0.1923567664275654,-1,0.20216059347647067,1,0.14834070122271611,-1
2026-06-04 02:00:00+00:00,0.195,-0.0005165940954846008,0.05214688184203549,-0.26869095736998966,0.19489929016667282,-1,0.20543844275101802,1,0.14905399177188705,-1
2026-06-04 03:00:00+00:00,0.1998,-0.0005140866794269862,0.052775293198715455,-0.26084716178976214,0.19969731187900966,-1,0.21062770829822752,1,0.15392565166247965,-1
2026-06-04 04:00:00+00:00,0.199,0.0006290784626787767,0.05161826663966285,-0.2708720531916169,0.19912522599843263,1,0.20954176840758074,1,0.1517801013218518,-1
2026-06-04 05:00:00+00:00,0.1967,-0.0002247319677724772,0.04948586052106499,-0.2708720531916169,0.19665580018868048,-1,0.2066787356383669,1,0.15002585894476508,-1
2026-06-04 06:00:00+00:00,0.1978,-0.00038423346387009944,0.05161826663966285,-0.2625594703834306,0.19772401322011318,-1,0.20827819995487168,1,0.1521241477216931,-1
2026-06-04 07:00:00+00:00,0.1948,0.00017770268989565296,0.06559560631114143,-0.27314469358364,0.194834619559895,1,0.2080064310056135,1,0.14823942418473196,-1
2026-06-04 08:00:00+00:00,0.1936,0.00017770268989565296,0.05161826663966285,-0.2625594703834306,0.19363440629771905,1,0.20385571037039008,1,0.14889400909463996,-1
2026-06-04 09:00:00+00:00,0.1906,0.0004886745559241711,0.04948586052106499,-0.2625594703834306,0.19069316413197557,1,0.20026927815288623,1,0.14658676721817343,-1
2026-06-04 10:00:00+00:00,0.1879,0.0011304595679042621,0.044814668103259646,-0.2625594703834306,0.18811253346041742,1,0.19651221152085355,1,0.14451024952935357,-1
2026-06-04 11:00:00+00:00,0.1903,0.000861818449411436,0.04948586052106499,-0.2625594703834306,0.1904640747420876,1,0.19995405893228885,1,0.1463560430305268,-1
2026-06-04 12:00:00+00:00,0.1919,0.00017770268989565296,0.04948586052106499,-0.2625594703834306,0.19193410417630313,1,0.20163522810880832,1,0.14758657203130893,-1
2026-06-04 13:00:00+00:00,0.1892,0.00014626888727726519,0.044814668103259646,-0.26399689243144264,0.18922767609749952,1,0.19787179574106167,1,0.14530104523530676,-1
2026-06-04 14:00:00+00:00,0.1896,0.0002694221804672286,0.044814668103259646,-0.2625594703834306,0.18965108932740654,1,0.19829012934727955,1,0.1458176865926846,-1
2026-06-04 15:00:00+00:00,0.1889,0.00014626888727726519,0.04948586052106499,-0.26121791088826496,0.18892763221362402,1,0.19848303590283428,1,0.14547436181369863,-1
2026-06-04 16:00:00+00:00,0.1872,0.00017770268989565296,0.04948586052106499,-0.2625594703834306,0.18723326889944736,1,0.1966967936527823,1,0.14397189309151137,-1
2026-06-04 17:00:00+00:00,0.1883,0.00014626888727726519,0.04948586052106499,-0.26399689243144264,0.18832754444587294,1,0.19785259746163944,1,0.144609866901735,-1
2026-06-04 18:00:00+00:00,0.1884,0.0001849666954340841,0.04948586052106499,-0.2625594703834306,0.1884348509484528,1,0.19795767053517194,1,0.144894789842098,-1
2026-06-04 19:00:00+00:00,0.1866,9.045031091295199e-05,0.05161826663966285,-0.26084716178976214,0.18661687879135078,1,0.19648489439625408,1,0.143756389390484,-1
2026-06-04 20:00:00+00:00,0.1845,0.00017770268989565296,0.05234800144208236,-0.26084716178976214,0.18453278905955148,1,0.19441546958651743,1,0.1421385522108483,-1
2026-06-04 21:00:00+00:00,0.1805,0.00014626888727726519,0.05214688184203549,-0.26960077098438534,0.1805264034651092,1,0.19016225085414745,1,0.13784501947556432,-1
2026-06-04 22:00:00+00:00,0.1819,0.0001849666954340841,0.04948586052106499,-0.2625594703834306,0.18193364855373442,1,0.19112792075556143,1,0.13989576577642052,-1
2026-06-04 23:00:00+00:00,0.1798,-0.0002786731526455684,0.04948586052106499,-0.2625594703834306,0.1797499015480253,-1,0.18892138621137955,1,0.13828069646289393,-1
2026-06-05 00:00:00+00:00,0.1747,-0.0007486493891061903,0.05161826663966285,-0.2625594703834306,0.1745692598970786,-1,0.18395450724022286,1,0.13435838527290084,-1
2026-06-05 01:00:00+00:00,0.1723,-0.0006447692847278081,0.05234800144208236,-0.2625594703834306,0.17218894205946333,-1,0.18155981251900788,1,0.1325125917717276,-1
2026-06-05 02:00:00+00:00,0.1636,-0.0006472767007854227,0.05187222021410656,-0.2625594703834306,0.16349413979586933,-1,0.17231025230126745,1,0.12582159032997467,-1
2026-06-05 03:00:00+00:00,0.1584,-0.0006447692847278081,0.05187222021410656,-0.26869095736998966,0.1582979014638363,-1,0.1668333983161416,1,0.12107770408547133,-1
2026-06-05 04:00:00+00:00,0.1687,-0.0006447692847278081,0.044814668103259646,-0.2625594703834306,0.16859126248073977,-1,0.17643219842239483,1,0.12974390151996779,-1
2026-06-05 05:00:00+00:00,0.1646,-0.0006447692847278081,0.05187222021410656,-0.2625594703834306,0.16449390518274906,-1,0.17336349345225321,1,0.12659067095546353,-1
2026-06-05 06:00:00+00:00,0.1617,0.0003163866970770335,0.05161826663966285,-0.2625594703834306,0.16175116782289978,1,0.17026584900254174,1,0.12436033714154589,-1
2026-06-05 07:00:00+00:00,0.1635,0.0006920210628580372,0.05161826663966285,-0.26084716178976214,0.16361318460232474,1,0.17216120168160526,1,0.1259601804144916,-1
2026-06-05 08:00:00+00:00,0.1609,9.585945355733187e-05,0.05547842134545391,-0.26121791088826496,0.16091542452535884,1,0.17007873473709242,1,0.12391119542522026,-1
2026-06-05 09:00:00+00:00,0.164,0.0006993991803969911,0.05547842134545391,-0.26084716178976214,0.16411474158599346,1,0.1733555779793857,1,0.1263453797429763,-1
2026-06-05 10:00:00+00:00,0.164,0.0002810711570408455,0.05161826663966285,-0.26084716178976214,0.16404610214844328,1,0.1726876885369007,1,0.1263453797429763,-1
2026-06-05 11:00:00+00:00,0.1624,0.0002726036652525193,0.04948586052106499,-0.26084716178976214,0.16244427686998134,1,0.17063867141672992,1,0.12511274189182528,-1
2026-06-05 12:00:00+00:00,0.1628,0.0008830447716066618,0.05214688184203549,-0.26084716178976214,0.1629438231806257,1,0.17151476143520888,1,0.12542090135461303,-1
2026-06-05 13:00:00+00:00,0.1598,-0.0003379193306219094,0.05214688184203549,-0.2625594703834306,0.159746009613678,-1,0.16835417000827016,1,0.12289908395311708,-1
2026-06-05 14:00:00+00:00,0.1604,0.0002726036652525193,0.05214688184203549,-0.2625594703834306,0.1604437315883313,1,0.1689862882936579,1,0.12336053232841038,-1
2026-06-05 15:00:00+00:00,0.1573,0.0003245322243186486,0.044814668103259646,-0.2625594703834306,0.1573510572032911,1,0.164509690645185,1,0.12097638238939497,-1
2026-06-05 16:00:00+00:00,0.1629,0.0002726036652525193,0.04948586052106499,-0.2625594703834306,0.16294441319039382,1,0.17116403678439226,1,0.12528323389213247,-1
2026-06-05 17:00:00+00:00,0.161,0.00032823955757667366,0.05161826663966285,-0.27407886953359645,0.16105285524288607,1,0.16952876740512812,1,0.12240380980490173,-1
2026-06-05 18:00:00+00:00,0.1577,0.0002726036652525193,0.05657453696192313,-0.2715044747853654,0.1577429954581038,1,0.16687900534450456,1,0.12020396631475698,-1
2026-06-05 19:00:00+00:00,0.1606,0.00032823955757667366,0.05161826663966285,-0.26869095736998966,0.16065272392551241,1,0.16910757792089176,1,0.12275933886443618,-1
2026-06-05 20:00:00+00:00,0.1624,0.0006471814555635245,0.05234800144208236,-0.26084716178976214,0.1625051362858411,1,0.17112776293143864,1,0.12511274189182528,-1
2026-06-05 21:00:00+00:00,0.1625,0.0006471814555635245,0.05214688184203549,-0.26084716178976214,0.1626052010249334,1,0.17119870229251502,1,0.12518978175752224,-1
2026-06-05 22:00:00+00:00,0.1597,0.0003163866970770335,0.05187222021410656,-0.26084716178976214,0.15975053494939453,1,0.16820261181242308,1,0.12303266551800801,-1
2026-06-05 23:00:00+00:00,0.1567,0.00032823955757667366,0.04948586052106499,-0.27238190068756846,0.15675144358111956,1,0.16464950622537922,1,0.11933697913474776,-1
2026-06-06 00:00:00+00:00,0.1613,3.9991015929400896e-05,0.07905802586766704,-0.19710722198413472,0.16130645067985316,1,0.17456968641358178,1,0.1324438474998652,-1
2026-06-06 01:00:00+00:00,0.1586,9.720467186393675e-05,0.08144438556070863,-0.2032024473916822,0.15861541741026763,1,0.17205766715204873,1,0.12943552255353677,-1
2026-06-06 02:00:00+00:00,0.1555,0.00035002894101508975,0.08191392724703962,-0.19710722198413472,0.15555443902738958,1,0.16877385097331382,1,0.12768145248747081,-1
2026-06-06 03:00:00+00:00,0.1552,0.00035002894101508975,0.08144438556070863,-0.20057115606748255,0.1552543340003271,1,0.16836916735181567,1,0.1269944585042285,-1
2026-06-06 04:00:00+00:00,0.1498,0.00011156087576442641,0.0727085974837882,-0.20580853650810854,0.14981671275141675,1,0.16109748337731586,1,0.12193553879639489,-1
2026-06-06 05:00:00+00:00,0.1538,3.9991015929400896e-05,0.0727085974837882,-0.20631334355903252,0.1538061507412363,1,0.1653991518253083,1,0.1251283128379804,-1
2026-06-06 06:00:00+00:00,0.1541,-0.00014760599783352106,0.07905802586766704,-0.19988835168731797,0.15407725559438049,-1,0.1667773631514752,1,0.1261804961023877,-1
2026-06-06 07:00:00+00:00,0.1574,8.003396612759436e-05,0.07905802586766704,-0.19988835168731797,0.15741259785038975,1,0.1703488446466074,1,0.12888260925707873,-1
2026-06-06 08:00:00+00:00,0.1595,-1.4503300647251205e-06,0.0821150468470865,-0.20057115606748255,0.15949976867252244,-1,0.17315012089745074,1,0.13051299053752866,-1
2026-06-06 09:00:00+00:00,0.1567,-9.012321641851738e-05,0.08191392724703962,-0.20631334355903252,0.15668587832834202,-1,0.1700762858361304,1,0.1274876893479293,-1
2026-06-06 10:00:00+00:00,0.1545,9.720467186393675e-05,0.07905802586766704,-0.20012136387207619,0.15451501885174243,1,0.16721026999937003,1,0.1264785504924249,-1
2026-06-06 11:00:00+00:00,0.1563,-3.60759892332793e-05,0.07905802586766704,-0.2006031026528605,0.15629436142459205,-1,0.16915835081489666,1,0.1278904623653053,-1
2026-06-06 12:00:00+00:00,0.1584,9.720467186393675e-05,0.07905802586766704,-0.20111400617228914,0.15841539796838836,1,0.17143111176634443,1,0.12954255966486472,-1
2026-06-06 13:00:00+00:00,0.1586,9.720467186393675e-05,0.08119043198626491,-0.19454507890459494,0.15861541741026763,1,0.17201397804020288,1,0.1305609581938474,-1
2026-06-06 14:00:00+00:00,0.16,3.9991015929400896e-05,0.07905802586766704,-0.19710722198413472,0.1600063986904929,1,0.17316273915792366,1,0.1313764141350182,-1
2026-06-06 15:00:00+00:00,0.1585,0.0002993787271276789,0.08144438556070863,-0.19710722198413472,0.1585474586319477,1,0.1719491818638066,1,0.1301447602525024,-1
2026-06-06 16:00:00+00:00,0.16,8.003396612759436e-05,0.07905802586766704,-0.20111400617228914,0.16001280594702894,1,0.17316273915792366,1,0.1308510703685502,-1
2026-06-06 17:00:00+00:00,0.1577,0.0001773954479967258,0.0727085974837882,-0.204820353356657,0.1577279777436379,1,0.1695932785621009,1,0.12849296305428878,-1
2026-06-06 18:00:00+00:00,0.1569,-8.824717823095975e-05,0.08119043198626491,-0.20559695686563026,0.15688615462865205,-1,0.17017019643447562,1,0.12774188478438128,-1
2026-06-06 19:00:00+00:00,0.1569,-4.4543481021605486e-05,0.08119043198626491,-0.20002710523368267,0.15689301128347977,-1,0.17017019643447562,1,0.12845537329783624,-1
2026-06-06 20:00:00+00:00,0.1571,3.9991015929400896e-05,0.08191392724703962,-0.19988835168731797,0.15710628271422772,1,0.1705104307904026,1,0.12863696260665225,-1
2026-06-06 21:00:00+00:00,0.157,-9.012321641851738e-05,0.07905802586766704,-0.20002710523368267,0.15698585129259537,-1,0.16991593779871259,1,0.12853724415398526,-1
2026-06-06 22:00:00+00:00,0.1559,9.720467186393675e-05,0.07905802586766704,-0.2032024473916822,0.15591515494489738,1,0.16872544396700187,1,0.1272320174407086,-1
2026-06-06 23:00:00+00:00,0.1573,9.720467186393675e-05,0.07905802586766704,-0.2032024473916822,0.1573152910380523,1,0.1702406179346337,1,0.12837457564736024,-1
2026-06-07 00:00:00+00:00,0.1575,0.0011241137441917344,0.09019151733605517,-0.23495052306911823,0.15767714746300507,1,0.17236545749593316,1,0.1245210695844698,-1
2026-06-07 01:00:00+00:00,0.161,0.0009221277166247577,0.09019151733605517,-0.24030000668074936,0.16114853103414334,1,0.17619580099584278,1,0.12660909635873094,-1
2026-06-07 02:00:00+00:00,0.1609,0.0009221277166247577,0.08780515764301358,-0.22441080835851362,0.16104843877884262,1,0.1756666581939295,1,0.1285569819879357,-1
2026-06-07 03:00:00+00:00,0.1614,0.0008004537573737421,0.09066105902238616,-0.23125957975153924,0.1615292449568449,1,0.17671651082994463,1,0.12807629948871943,-1
2026-06-07 04:00:00+00:00,0.1622,-0.00029810594375547883,0.08780515764301358,-0.23495052306911823,0.16215165442233292,-1,0.1770859661843093,1,0.12823693642286352,-1
2026-06-07 05:00:00+00:00,0.1612,0.0008343849305915876,0.08993756376161145,-0.2410220688045089,0.16133455897999732,1,0.1763698823174859,1,0.12667487457991042,-1
2026-06-07 06:00:00+00:00,0.1612,0.0008465355580033174,0.09066105902238616,-0.24860715491642515,0.1613365193080217,1,0.1764975312626213,1,0.12571766957846456,-1
2026-06-07 07:00:00+00:00,0.1624,0.0008660640225624818,0.09019151733605517,-0.22441080835851362,0.16254070972028217,1,0.1777279383958066,1,0.12975546224263987,-1
2026-06-07 08:00:00+00:00,0.1651,0.00107213975022305,0.08915266546512718,-0.2365936594963815,0.16527710519655747,1,0.18049516963523235,1,0.1303154033214214,-1
2026-06-07 09:00:00+00:00,0.1651,0.0012624594002915586,0.09066105902238616,-0.23125957975153924,0.16530856367087077,1,0.18076763282542666,1,0.13101237326882018,-1
2026-06-07 10:00:00+00:00,0.1643,0.000621102951321879,0.08145572925913466,-0.22478155745701642,0.1644020789123775,1,0.17824335050919776,1,0.13122487670732605,-1
2026-06-07 11:00:00+00:00,0.1647,-0.0008243550794928158,0.09066105902238616,-0.2410220688045089,0.16456428466490605,-1,0.18032967369077996,1,0.12942525957389112,-1
2026-06-07 12:00:00+00:00,0.1616,0.0008660640225624818,0.08915266546512718,-0.23495052306911823,0.16174001656895073,1,0.1766688032286708,1,0.1277625704434941,-1
2026-06-07 13:00:00+00:00,0.1619,0.000903990306125931,0.09001122135449495,-0.24030000668074936,0.16204642220271637,1,0.17714880437025257,1,0.12731684907129526,-1
2026-06-07 14:00:00+00:00,0.1627,0.0008660640225624818,0.08780515764301358,-0.22441080835851362,0.1628409696520315,1,0.1776318538729169,1,0.12999515829358074,-1
2026-06-07 15:00:00+00:00,0.1622,0.0008004537573737421,0.08145572925913466,-0.22612311695218212,0.1623298855762097,1,0.1759651336128538,1,0.12937394698357657,-1
2026-06-07 16:00:00+00:00,0.1626,0.0009221277166247577,0.08780515764301358,-0.22441080835851362,0.1627500071189547,1,0.17752267633519536,1,0.12991525960993378,-1
2026-06-07 17:00:00+00:00,0.163,0.00016968372607875195,0.09019151733605517,-0.2365936594963815,0.16302766079407777,1,0.17838456871007685,1,0.1286578482216335,-1
2026-06-07 18:00:00+00:00,0.1619,0.0008426706575426716,0.09086217862243304,-0.24041554904886053,0.1620364858777018,1,0.17729961459026392,1,0.1273021394308628,-1
2026-06-07 19:00:00+00:00,0.1586,0.0009221277166247577,0.08780515764301358,-0.22441080835851362,0.15874631690692628,1,0.17315557482633445,1,0.12671931226405594,-1
2026-06-07 20:00:00+00:00,0.1608,0.0009221277166247577,0.09066105902238616,-0.22441080835851362,0.16094834652354192,1,0.1760595721279746,1,0.12847708330428875,-1
2026-06-07 21:00:00+00:00,0.1607,0.0009028534440432691,0.09066105902238616,-0.22441080835851362,0.1608451540650214,1,0.17595008234431292,1,0.1283971846206418,-1
2026-06-07 22:00:00+00:00,0.1646,0.0014534831090401827,0.08780515764301358,-0.2365936594963815,0.16483941727207882,1,0.1797062270896258,1,0.12992074734528145,-1
2026-06-07 23:00:00+00:00,0.1653,0.0007990693905553995,0.08993756376161145,-0.23125957975153924,0.16543213895732586,1,0.18085571679330287,1,0.13117107995963645,-1
2026-06-08 00:00:00+00:00,0.1654,-0.0024045748458382766,0.12338944236082904,-0.22814079625838693,0.16500276110722528,-1,0.1871211419359362,1,0.13166041397806622,-1
2026-06-08 01:00:00+00:00,0.1633,3.9991015929400896e-05,0.12338944236082904,-0.2228514694930635,0.16330653066348433,1,0.184745359601804,1,0.13067816314222327,-1
2026-06-08 02:00:00+00:00,0.1636,9.720467186393675e-05,0.12338944236082904,-0.22681367949882758,0.16361590345724958,1,0.1850847570781086,1,0.130400534012209,-1
2026-06-08 03:00:00+00:00,0.1641,9.720467186393675e-05,0.12040019106670828,-0.22535966655520365,0.1641159520619478,1,0.1850962924070016,1,0.1309893905221448,-1
2026-06-08 04:00:00+00:00,0.1615,3.9991015929400896e-05,0.12275452502457615,-0.2228514694930635,0.16150645867821628,1,0.18259300646745283,1,0.12923774248297035,-1
2026-06-08 05:00:00+00:00,0.1608,0.00035002894101508975,0.115166737745775,-0.22753574162258716,0.16085629450549355,1,0.18042733029996447,1,0.12807622764279858,-1
2026-06-08 06:00:00+00:00,0.1618,-7.953639683108949e-05,0.1138183333054526,-0.22753574162258716,0.16178713152275567,-1,0.18130475377896885,1,0.12887272159580104,-1
2026-06-08 07:00:00+00:00,0.1639,-7.953639683108949e-05,0.12338944236082904,-0.22681367949882758,0.16388696450296447,-1,0.1854241545544132,1,0.13063965479584994,-1
2026-06-08 08:00:00+00:00,0.1634,-4.4543481021605486e-05,0.12338944236082904,-0.22681367949882758,0.1633927217573014,-1,0.18485849209390554,1,0.13024112015644834,-1
2026-06-08 09:00:00+00:00,0.1653,7.369721747443283e-05,0.1173244864449938,-0.22681367949882758,0.16531218259895486,1,0.1858772465902127,1,0.13175555178617449,-1
2026-06-08 10:00:00+00:00,0.1645,-0.000260850807264522,0.115166737745775,-0.2353450182060572,0.16445709563826696,-1,0.18457895419368256,1,0.13000404326356788,-1
2026-06-08 11:00:00+00:00,0.1676,-0.00022298687742006848,0.12275452502457615,-0.22774785544878404,0.16756263156583445,-1,0.18948970825972192,1,0.1334640739451926,-1
2026-06-08 12:00:00+00:00,0.1677,1.1898001782772874e-05,0.12338944236082904,-0.2353450182060572,0.16770199530676902,1,0.18972318925427145,1,0.13253299729665852,-1
2026-06-08 13:00:00+00:00,0.1663,-0.0024045748458382766,0.1173244864449938,-0.22774785544878404,0.1659005995896709,-1,0.1870017308406072,1,0.1324288514145915,-1
2026-06-08 14:00:00+00:00,0.1681,4.362985945792467e-05,0.1124666220736228,-0.22681367949882758,0.16810733433937183,1,0.1881097675682793,1,0.13398734576682353,-1
2026-06-08 15:00:00+00:00,0.1693,0.0001773954479967258,0.12359056196087591,-0.22681367949882758,0.1693300357133665,1,0.19157183410435752,1,0.13494382890138742,-1
2026-06-08 16:00:00+00:00,0.1679,9.720467186393675e-05,0.12275452502457615,-0.22814079625838693,0.16791632145765406,1,0.1898288903150794,1,0.13365044441908897,-1
2026-06-08 17:00:00+00:00,0.1699,-0.0024714328580240975,0.12359056196087591,-0.2228514694930635,0.16948062200316505,-1,0.19225076558966533,1,0.13595970555948397,-1
2026-06-08 18:00:00+00:00,0.171,-0.0006579061892935658,0.1124666220736228,-0.2228514694930635,0.1708875350413836,-1,0.19135496879343109,1,0.13683996262902745,-1
2026-06-08 19:00:00+00:00,0.1719,-0.0012555999300845628,0.12338944236082904,-0.2228514694930635,0.1716842978181791,-1,0.19447475392253588,1,0.1375601729586539,-1
2026-06-08 20:00:00+00:00,0.1708,9.720467186393675e-05,0.12040019106670828,-0.2228514694930635,0.17081660336490362,1,0.1926535450525038,1,0.13667991588911044,-1
2026-06-08 21:00:00+00:00,0.1718,-0.0001891793734918317,0.1237134353157332,-0.2228514694930635,0.17176750205770122,-1,0.1944246034287925,1,0.1374801495886954,-1
2026-06-08 22:00:00+00:00,0.1721,-0.0010221224933239868,0.1173244864449938,-0.22814079625838693,0.17192418258767175,-1,0.19352373949289536,1,0.13699369556000723,-1
2026-06-08 23:00:00+00:00,0.1704,-6.497159719666659e-05,0.12338944236082904,-0.22774785544878404,0.17038892919948537,-1,0.19277776654101286,1,0.13569378401110274,-1
2026-06-09 00:00:00+00:00,0.1669,0.0003396220046026198,0.017618212491366702,-0.2304026788991097,0.16695669253904014,1,0.1698665354564912,1,0.13255427070170822,-1
2026-06-09 01:00:00+00:00,0.1668,-0.0006709539595057366,0.0121964941816872,-0.22550255485077525,0.16668812241610548,-1,0.16884683194356348,1,0.13312558556626827,-1
2026-06-09 02:00:00+00:00,0.1675,1.735382475622057e-05,0.013368214669601185,-0.22740669383254972,0.16750290679086857,1,0.16975420976663172,1,0.1334299548577355,-1
2026-06-09 03:00:00+00:00,0.1664,7.563254560466399e-06,0.017081111906135902,-0.22550255485077525,0.16640125853031815,1,0.16926671062366433,1,0.13280633955771606,-1
2026-06-09 04:00:00+00:00,0.1686,9.555889625891482e-06,0.014427841597199077,-0.22550255485077525,0.1686016111306888,1,0.17105016690063773,1,0.13456219260475316,-1
2026-06-09 05:00:00+00:00,0.17,-0.000136701081102573,0.011016155990300666,-0.23911362043819112,0.16997676240455098,-1,0.1718830997348625,1,0.13384532157529197,-1
2026-06-09 06:00:00+00:00,0.1694,0.0005284809509346164,0.010668098997448994,-0.22831650744694545,0.16948954833329832,1,0.171216849906478,1,0.13482077108439444,-1
2026-06-09 07:00:00+00:00,0.1703,0.0001403176054113853,0.013368214669601185,-0.2304026788991097,0.17032389776480092,1,0.17259189207914855,1,0.1352545973666921,-1
2026-06-09 08:00:00+00:00,0.1689,0.00012185672663826988,0.016782175555066958,-0.22831650744694545,0.1689205828551834,1,0.17175842768151195,1,0.13442283492416895,-1
2026-06-09 09:00:00+00:00,0.1678,-0.0001770129004961664,0.017081111906135902,-0.23707009748189448,0.16777029986402792,-1,0.17069082958323845,1,0.13238345805704957,-1
2026-06-09 10:00:00+00:00,0.1678,8.931986564959364e-05,0.017081111906135902,-0.22550255485077525,0.1678149885428334,1,0.17069082958323845,1,0.13392370058764877,-1
2026-06-09 11:00:00+00:00,0.1674,0.0002325109592034882,0.010497924740828524,-0.2304026788991097,0.16743892685985604,1,0.1691666092427758,1,0.13295137756420586,-1
2026-06-09 12:00:00+00:00,0.1689,-0.001772237608897295,0.020702902354055665,-0.22550255485077525,0.1686009341540033,-1,0.17243316742262071,1,0.1348016271111673,-1
2026-06-09 13:00:00+00:00,0.1684,0.00011801561511685799,0.01211655808481281,-0.22550255485077525,0.1684198750023429,1,0.17045283994379923,1,0.13440256960047706,-1
2026-06-09 14:00:00+00:00,0.1663,-0.000136701081102573,0.010497924740828524,-0.22740669383254972,0.16627726816398133,-1,0.1680550006993645,1,0.1324740387632323,-1
2026-06-09 15:00:00+00:00,0.1631,3.3560130083713573e-05,0.010497924740828524,-0.22300795927001338,0.163105473749066,1,0.16482123039125884,1,0.13049769324943156,-1
2026-06-09 16:00:00+00:00,0.162,0.0004309951913037259,0.014427841597199077,-0.22550255485077525,0.1620698362694583,1,0.1643542528938512,1,0.12929463346364184,-1
2026-06-09 17:00:00+00:00,0.1652,-7.489959540725295e-05,0.017081111906135902,-0.22550255485077525,0.165187627050209,-1,0.1680460372297437,1,0.13184860153205946,-1
2026-06-09 18:00:00+00:00,0.1669,9.555889625891482e-06,0.010668098997448994,-0.22550255485077525,0.1669015948855988,1,0.16869003689132928,1,0.1332053970684063,-1
2026-06-09 19:00:00+00:00,0.1685,-0.00017031810254810993,0.020694599458197436,-0.22550255485077525,0.1684713038435275,-1,0.172023371646937,1,0.13448238110261512,-1
2026-06-09 20:00:00+00:00,0.1681,0.00044402546590147215,0.014427841597199077,-0.22550255485077525,0.16817465725445252,1,0.1705429006880024,1,0.1341631350940629,-1
2026-06-09 21:00:00+00:00,0.1661,0.00011801561511685799,0.016782175555066958,-0.22550255485077525,0.16611960355041067,1,0.1689110410769635,1,0.1325669050513019,-1
2026-06-09 22:00:00+00:00,0.1651,4.040581467852399e-05,0.01211655808481281,-0.22550255485077525,0.16510667113477884,1,0.16711261208266778,1,0.1317687900299214,-1
2026-06-09 23:00:00+00:00,0.1653,0.0003248814171037656,0.010668098997448994,-0.22740669383254972,0.16535371162272886,1,0.1670728765616341,1,0.131677442017813,-1
2026-06-10 00:00:00+00:00,0.1663,0.0008984835364427318,0.07039981850371349,-0.2695376292937577,0.16644948495694056,1,0.17842943567306185,1,0.12700872144615907,-1
2026-06-10 01:00:00+00:00,0.1648,0.00016968372607875195,0.07024950069816999,-0.2695376292937577,0.16482796625069948,1,0.17679345285832343,1,0.12586312263576077,-1
2026-06-10 02:00:00+00:00,0.1619,0.0009221277166247577,0.06874110714091099,-0.2712499378874262,0.16204936133184972,1,0.1734206190889118,1,0.12343675539030376,-1
2026-06-10 03:00:00+00:00,0.1624,0.0008140280514095876,0.06927767620194282,-0.2712499378874262,0.16253225197665538,1,0.17404956307797262,1,0.12381796834703725,-1
2026-06-10 04:00:00+00:00,0.1615,0.00011303127140207327,0.07024950069816999,-0.2685314472453059,0.16151825558203783,1,0.17325329269793224,1,0.1234669730265524,-1
2026-06-10 05:00:00+00:00,0.1604,0.0004733915865688389,0.0673935993187974,-0.2712499378874262,0.1604759499861095,1,0.17158251617161405,1,0.12229311652010329,-1
2026-06-10 06:00:00+00:00,0.1605,0.0015379385940733272,0.07024950069816999,-0.2695376292937577,0.16074702905341576,1,0.1721805168917531,1,0.12257907271261895,-1
2026-06-10 07:00:00+00:00,0.1614,0.0008004537573737421,0.07024950069816999,-0.2712499378874262,0.1615292449568449,1,0.1731460151173143,1,0.12305554243357027,-1
2026-06-10 08:00:00+00:00,0.1595,0.0008343849305915876,0.06959966303027876,-0.2712499378874262,0.1596331399336822,1,0.17099658495078213,1,0.12160693319798302,-1
2026-06-10 09:00:00+00:00,0.1604,0.0004733915865688389,0.06952600543739527,-0.2712499378874262,0.1604759499861095,1,0.1719487901626005,1,0.12229311652010329,-1
2026-06-10 10:00:00+00:00,0.1607,0.0008426706575426716,0.06977995901183899,-0.2712499378874262,0.16083547424673678,1,0.1723141443810866,1,0.12252184429414341,-1
2026-06-10 11:00:00+00:00,0.1596,0.0009221277166247577,0.06838472569722762,-0.2695376292937577,0.1597472394599334,1,0.17089603868497932,1,0.12189171342637996,-1
2026-06-10 12:00:00+00:00,0.1621,0.0009221277166247577,0.06874110714091099,-0.2712499378874262,0.16224954584245116,1,0.17363485086048552,1,0.12358924057299717,-1
2026-06-10 13:00:00+00:00,0.1649,0.00019748675643521777,0.07024950069816999,-0.2695376292937577,0.16493256878198187,1,0.17690073043894133,1,0.1259394958897873,-1
2026-06-10 14:00:00+00:00,0.1639,-0.0002397667778320719,0.07024950069816999,-0.2695376292937577,0.16386070693588725,-1,0.17582795463276218,1,0.12517576334952177,-1
2026-06-10 15:00:00+00:00,0.165,0.00012197209122834213,0.06874110714091099,-0.2695376292937577,0.16502012662247087,1,0.17674121154830422,1,0.12601586914381388,-1
2026-06-10 16:00:00+00:00,0.162,-0.00029810594375547883,0.06927767620194282,-0.2685314472453059,0.16195171403463585,-1,0.17362086957285447,1,0.12384922371703709,-1
2026-06-10 17:00:00+00:00,0.1618,0.0009188404156247318,0.06977995901183899,-0.2712499378874262,0.1619487367014299,1,0.17349364381368892,1,0.12336051279895707,-1
2026-06-10 18:00:00+00:00,0.1647,0.00020028365038477427,0.06952600543739527,-0.2722223905628848,0.164732990020789,1,0.17655838989887973,1,0.12544949491526533,-1
2026-06-10 19:00:00+00:00,0.1608,0.0008893998194400209,0.06855489995384809,-0.2695376292937577,0.160943079108801,1,0.1722102745687269,1,0.12280819247469861,-1
2026-06-10 20:00:00+00:00,0.1603,0.0008224955431979138,0.07402527188829561,-0.2695376292937577,0.16043190027183163,1,0.17261649321065659,1,0.12242632620456584,-1
2026-06-10 21:00:00+00:00,0.1595,0.0007990693905553995,0.06959966303027876,-0.2695376292937577,0.15962750250268284,1,0.17099658495078213,1,0.1218153401723534,-1
2026-06-10 22:00:00+00:00,0.1602,0.00020028365038477427,0.0673935993187974,-0.2712499378874262,0.16023208865410077,1,0.17136857288461707,1,0.12214063133740992,-1
2026-06-10 23:00:00+00:00,0.1607,0.0004733915865688389,0.06838472569722762,-0.27276524066769164,0.16077609203720572,1,0.17207389358819664,1,0.12233632719562662,-1
2026-06-11 00:00:00+00:00,0.1613,3.589842232021564e-05,0.04310909702904823,-0.21517432751281923,0.16130579051945487,1,0.16840555398285992,1,0.13007245711609633,-1
2026-06-11 01:00:00+00:00,0.1635,0.0004079432013814224,0.04459538385495585,-0.21439204052572586,0.16356671231991937,1,0.17095636939203876,1,0.1319497211717684,-1
2026-06-11 02:00:00+00:00,0.163,0.0004309951913037259,0.04459538385495585,-0.21517432751281923,0.1630702673575414,1,0.1704335670391579,1,0.1314433385612133,-1
2026-06-11 03:00:00+00:00,0.1665,0.00012185672663826988,0.04310909702904823,-0.2267090664106256,0.1665202903812199,1,0.17383462329910837,1,0.13272591906277184,-1
2026-06-11 04:00:00+00:00,0.1668,3.061524448276983e-05,0.04368775258673542,-0.21517432751281923,0.1668051067009508,1,0.1742486396130383,1,0.1345076617914747,-1
2026-06-11 05:00:00+00:00,0.1655,7.532804466736218e-05,0.04534489408940368,-0.2274718593066968,0.16551246726095376,1,0.17317732835315544,1,0.13182817044175127,-1
2026-06-11 06:00:00+00:00,0.1647,-5.794234743966019e-05,0.04310909702904823,-0.2267090664106256,0.1646904571718463,-1,0.17195533007425315,1,0.1312910442620932,-1
2026-06-11 07:00:00+00:00,0.1668,-0.0024981714857641828,0.04534489408940368,-0.21688663610648773,0.16638382505081092,-1,0.17453763365139774,1,0.1342775402420546,-1
2026-06-11 08:00:00+00:00,0.1669,0.000135801771418125,0.04448633820003592,-0.21517432751281923,0.16692266685471435,1,0.1744923967164717,1,0.13458830187648158,-1
2026-06-11 09:00:00+00:00,0.1664,-0.0002462746630173096,0.045960547182145234,-0.21688663610648773,0.16635902494184032,-1,0.17422630812883866,1,0.1339555317522655,-1
2026-06-11 10:00:00+00:00,0.1662,-0.0010758290658226732,0.04368775258673542,-0.21688663610648773,0.1660212933553979,-1,0.17362184594536548,1,0.13379452750737095,-1
2026-06-11 11:00:00+00:00,0.1669,6.25813109608636e-05,0.044316163943415456,-0.23190026861482424,0.16691044514763148,1,0.17446270512901813,1,0.13235590735965552,-1
2026-06-11 12:00:00+00:00,0.1658,0.00012185672663826988,0.04434143028051214,-0.2267090664106256,0.16582020507631387,1,0.17331724009335917,1,0.13216791219584126,-1
2026-06-11 13:00:00+00:00,0.1658,0.00035742325086005674,0.04459538385495585,-0.21832405815449987,0.16585927136684392,1,0.17336126021529066,1,0.1332808004991654,-1
2026-06-11 14:00:00+00:00,0.1654,5.998728665259596e-05,0.04368775258673542,-0.21688663610648773,0.16540992219481213,1,0.1727861210551351,1,0.13315051052779273,-1
2026-06-11 15:00:00+00:00,0.1662,-0.00015038923070801062,0.04368775258673542,-0.21784262782973915,0.16617500718922823,-1,0.17362184594536548,1,0.1336666821657385,-1
2026-06-11 16:00:00+00:00,0.1651,0.00045859341526883324,0.04459538385495585,-0.21688663610648773,0.16517573113643388,1,0.17262933692125745,1,0.13290900416045093,-1
2026-06-11 17:00:00+00:00,0.1707,6.25813109608636e-05,0.04310909702904823,-0.243321055262717,0.17071068296405448,1,0.17821964082377054,1,0.13383217297913588,-1
2026-06-11 18:00:00+00:00,0.1692,0.00012185672663826988,0.04368775258673542,-0.21688663610648773,0.16922061941442887,1,0.1767558142837295,1,0.13620959118078918,-1
2026-06-11 19:00:00+00:00,0.1694,-0.00013235962687784057,0.04534489408940368,-0.21517432751281923,0.1693775797630067,-1,0.17725824424788236,1,0.13660430400165355,-1
2026-06-11 20:00:00+00:00,0.1684,7.439827630728405e-05,0.04448633820003592,-0.21517432751281923,0.16841252913579743,1,0.17606063275646397,1,0.13579790315158477,-1
2026-06-11 21:00:00+00:00,0.1701,0.0005430489003019776,0.04661958609518232,-0.21439204052572586,0.17019239770390643,1,0.17821774433941492,1,0.13727613193466545,-1
2026-06-11 22:00:00+00:00,0.1711,3.3560130083713573e-05,0.04481270897492279,-0.2230181230930466,0.17110574223461184,1,0.1789418494893108,1,0.13689716969167223,-1
2026-06-11 23:00:00+00:00,0.1707,0.0002138999555434219,0.04368775258673542,-0.21517432751281923,0.17073651662772454,1,0.1783227984529115,1,0.13765262510674298,-1
2026-06-12 00:00:00+00:00,0.1702,0.000712986073660095,0.06524939056941881,-0.21766929055976297,0.17032139350053208,1,0.18167576852429926,1,0.13690741926176647,-1
2026-06-12 01:00:00+00:00,0.1696,-0.00041196290338563397,0.06524939056941881,-0.2080234228663913,0.1695301454813089,-1,0.18103531340611725,1,0.13774708695694485,-1
2026-06-12 02:00:00+00:00,0.1711,-0.0004523449765546136,0.06524939056941881,-0.2080234228663913,0.1710226212767693,-1,0.18263645120157232,1,0.1389653689760216,-1
2026-06-12 03:00:00+00:00,0.1718,-0.0014702986196707224,0.06752035127062937,-0.21521162972761282,0.17154758830289701,-1,0.18380057913618494,1,0.1385344983018232,-1
2026-06-12 04:00:00+00:00,0.1723,0.0001185255411057499,0.06524939056941881,-0.2080234228663913,0.17232042316104174,1,0.18391736143793636,1,0.139939994591283,-1
2026-06-12 05:00:00+00:00,0.1703,9.655323840967812e-06,0.06545051016946568,-0.2227743472861606,0.1703016443095883,1,0.18181907474662834,1,0.13629030964347144,-1
2026-06-12 06:00:00+00:00,0.1684,3.8105101951454415e-05,0.06524939056941881,-0.2080234228663913,0.16840641702142847,1,0.17975440316975322,1,0.13677246134168344,-1
2026-06-12 07:00:00+00:00,0.1692,0.00046288654295604295,0.06524939056941881,-0.2080234228663913,0.16927833853259566,1,0.18060834332732922,1,0.1374222117518577,-1
2026-06-12 08:00:00+00:00,0.1704,0.00010598386045755469,0.06975614833098483,-0.24848241811389202,0.17041806060687148,1,0.18271083431105767,1,0.13290920106019985,-1
2026-06-12 09:00:00+00:00,0.1719,8.293187053525126e-05,0.06975614833098483,-0.2063111142727228,0.17191425657969922,1,0.18431920433140148,1,0.13985438834761493,-1
2026-06-12 10:00:00+00:00,0.1713,5.5639414072190266e-05,0.0691000993305963,-0.22286049276396153,0.17130953129678603,1,0.18355539547975613,1,0.13707879583421329,-1
2026-06-12 11:00:00+00:00,0.1714,5.343835566548202e-05,0.06545051016946568,-0.2063111142727228,0.1714091595788953,1,0.18299347863518553,1,0.13944759838732518,-1
2026-06-12 12:00:00+00:00,0.1709,0.00017831110406021916,0.06524939056941881,-0.22589961048972473,0.1709304760847153,1,0.1824229661621783,1,0.13634371036595985,-1
2026-06-12 13:00:00+00:00,0.1684,8.293187053525126e-05,0.06545051016946568,-0.2193662594057906,0.16841396630611605,1,0.17979055893912044,1,0.13522983906519428,-1
2026-06-12 14:00:00+00:00,0.1729,0.00015593536773804746,0.06545051016946568,-0.2063111142727228,0.17292696332729546,1,0.1845949384832181,1,0.14066796826819442,-1
2026-06-12 15:00:00+00:00,0.1705,0.00035167492281536016,0.06524939056941881,-0.20946084491440345,0.17055997111889126,1,0.18199599608339032,1,0.13827914774921063,-1
2026-06-12 16:00:00+00:00,0.1734,0.0008872113184849665,0.06524939056941881,-0.20552882728562943,0.17355391070819065,1,0.1850915291546034,1,0.14118516235427875,-1
2026-06-12 17:00:00+00:00,0.1719,0.00010598386045755469,0.06524939056941881,-0.24773334436688838,0.17191821959108688,1,0.18349039135914832,1,0.13417964923879935,-1
2026-06-12 18:00:00+00:00,0.1711,0.0001789873576603509,0.06519655659502196,-0.2080234228663913,0.17113062747777957,1,0.1826268020468894,1,0.1389653689760216,-1
2026-06-12 19:00:00+00:00,0.1708,0.00022618045177711605,0.0691000993305963,-0.222138430640202,0.17083863599035168,1,0.1830196237474743,1,0.13677740873350755,-1
2026-06-12 20:00:00+00:00,0.1696,0.0004108091772577133,0.06519655659502196,-0.222138430640202,0.1696696875496253,1,0.18102574884367298,1,0.13581644333256956,-1
2026-06-12 21:00:00+00:00,0.1694,8.293187053525126e-05,0.06752035127062937,-0.2315098791729861,0.16941404924142553,1,0.1812329342588459,1,0.13439092494047583,-1
2026-06-12 22:00:00+00:00,0.1696,0.0001091306180673252,0.06752035127062937,-0.2242768596849959,0.16961850956278587,1,0.18144690466529081,1,0.13552631982021757,-1
2026-06-12 23:00:00+00:00,0.1697,0.0002107433213437039,0.06752035127062937,-0.2242768596849959,0.1697357669103184,1,0.18155388986851329,1,0.13560622920690402,-1
2026-06-13 00:00:00+00:00,0.1701,0.0009221277166247577,0.10349150962412597,-0.255578906961979,0.17025692626650799,1,0.18864708775991593,1,0.1317370107515175,-1
2026-06-13 01:00:00+00:00,0.1728,0.00012197209122834213,0.10499990318138498,-0.2569952738830133,0.17282107806280586,1,0.19193077488699314,1,0.13363865892911317,-1
2026-06-13 02:00:00+00:00,0.1719,-0.00024061245106714841,0.10435006551349374,-0.2631639930738952,0.171858643695282,-1,0.1908071014960057,1,0.13212506277584035,-1
2026-06-13 03:00:00+00:00,0.1704,0.0008140280514095876,0.11457068185027314,-0.2511504976538514,0.1705387668523527,1,0.191085179814056,1,0.13255506138667034,-1
2026-06-13 04:00:00+00:00,0.1704,0.00011303127140207327,0.10349150962412597,-0.23946399199390278,0.17041926161720894,1,0.18897979867307274,1,0.13411325404139612,-1
2026-06-13 05:00:00+00:00,0.1697,0.0008984835364427318,0.10877567437151056,-0.2684527065598833,0.1698525411737391,1,0.18920060354781104,1,0.12974610024515687,-1
2026-06-13 06:00:00+00:00,0.172,-0.00023358480990174363,0.11000165278705544,-0.2638830425540959,0.17195982810465182,-1,0.19200014545401867,1,0.13210689880291093,-1
2026-06-13 07:00:00+00:00,0.1732,0.00020028365038477427,0.11878011062106791,-0.2684527065598833,0.17323469260231117,1,0.19504437694495808,1,0.13242206577761442,-1
2026-06-13 08:00:00+00:00,0.1729,-0.00023358480990174363,0.10499990318138498,-0.2569952738830133,0.17285961790287385,-1,0.19204184593727497,1,0.13371599611599344,-1
2026-06-13 09:00:00+00:00,0.1725,-0.00020917864844876064,0.10435006551349374,-0.26776964752055704,0.17246392045680917,-1,0.19147309486946468,1,0.13197698996588195,-1
2026-06-13 10:00:00+00:00,0.1724,0.0009128259720825352,0.11937630709367565,-0.267633107249861,0.17255744304570517,1,0.19425926129843754,1,0.13191849252294216,-1
2026-06-13 11:00:00+00:00,0.1734,-0.00020215100728335583,0.12033998664492652,-0.267633107249861,0.17336495055809642,-1,0.19557443545797504,1,0.13268368099465297,-1
2026-06-13 12:00:00+00:00,0.1737,0.0008660640225624818,0.10972054173342907,-0.255578906961979,0.17385050048283876,1,0.19384332214992295,1,0.1345250956351475,-1
2026-06-13 13:00:00+00:00,0.1741,-0.00022465838953805928,0.10349150962412597,-0.2631639930738952,0.17406089136758712,-1,0.19308323326867352,1,0.13381601762230252,-1
2026-06-13 14:00:00+00:00,0.1746,0.0009873089290764134,0.10499990318138498,-0.2569952738830133,0.17477246926522955,1,0.193930053792066,1,0.1350307282929581,-1
2026-06-13 15:00:00+00:00,0.175,0.0008760069609385998,0.1031351281804426,-0.2631639930738952,0.17515336838424259,1,0.1940122113341871,1,0.1345077718776734,-1
2026-06-13 16:00:00+00:00,0.1734,0.00012197209122834213,0.10381788039901284,-0.2631639930738952,0.1734211512505239,1,0.19236968140233388,1,0.13327798653479184,-1
2026-06-13 17:00:00+00:00,0.1722,0.0012624594002915586,0.10532389613628915,-0.25485684483821935,0.17241753279299785,1,0.19132632692649898,1,0.13345972502996947,-1
2026-06-13 18:00:00+00:00,0.1721,0.0008426706575426716,0.10499990318138498,-0.24862993532438457,0.17224508474090477,1,0.19115327753502037,1,0.13421537259870953,-1
2026-06-13 19:00:00+00:00,0.1722,0.00020642757626148663,0.10499990318138498,-0.24672623152340442,0.17223555049780753,1,0.1912643485853022,1,0.13454925772970067,-1
2026-06-13 20:00:00+00:00,0.1717,0.00028473913541791874,0.10349150962412597,-0.2569952738830133,0.17174889667061874,1,0.19042154596341895,1,0.13278794987343015,-1
2026-06-13 21:00:00+00:00,0.1728,0.0008004537573737421,0.10381788039901284,-0.24950736122658768,0.17293837378279306,1,0.19170404236633964,1,0.13464308938535965,-1
2026-06-13 22:00:00+00:00,0.1716,0.00028473913541791874,0.10569871428422901,-0.23946399199390278,0.17164886819265102,1,0.1907311607767291,1,0.1350577135768989,-1
2026-06-13 23:00:00+00:00,0.1718,0.00020028365038477427,0.10515022098692849,-0.25485684483821935,0.17183441217711928,1,0.19084875019344674,1,0.1331497140542901,-1
2026-06-14 00:00:00+00:00,0.1715,0.0007491731373602366,0.030745372412288537,-0.26688055999741755,0.17162853133315673,1,0.17685472609056568,1,0.13132861670990653,-1
2026-06-14 01:00:00+00:00,0.1727,0.0007373202768605964,0.025093785138726826,-0.26809968501268777,0.1728273821667702,1,0.1770885288080298,1,0.1320864061050963,-1
2026-06-14 02:00:00+00:00,0.1723,0.0002918714478047033,0.04300595435354268,-0.2570581296932795,0.1723502967901982,1,0.17987157029849377,1,0.1332435975972036,-1
2026-06-14 03:00:00+00:00,0.1731,-0.0004443384441892645,0.02404902206229616,-0.2640994302942343,0.17302310210092248,-1,0.17731334607971114,1,0.13292300248424266,-1
2026-06-14 04:00:00+00:00,0.1719,3.392126419094184e-05,0.04703286391386298,-0.26688055999741755,0.1719058311642141,1,0.18017809462087597,1,0.1316349225214748,-1
2026-06-14 05:00:00+00:00,0.1721,0.0009841744723330403,0.03438415725823534,-0.2734881291226509,0.1722694598020159,1,0.17812042393006364,1,0.13092014721462988,-1
2026-06-14 06:00:00+00:00,0.1715,-5.9548047535793505e-05,0.03426961207086213,-0.2734881291226509,0.1714897878139085,-1,0.1774791041127091,1,0.1304637143945905,-1
2026-06-14 07:00:00+00:00,0.1711,-5.0534220842202606e-05,0.025093785138726826,-0.26688055999741755,0.17109135381327992,-1,0.17544787075306256,1,0.1310223108983382,-1
2026-06-14 08:00:00+00:00,0.171,-5.9548047535793505e-05,0.025093785138726826,-0.2713497000778569,0.1709898175870458,-1,0.17534532962462712,1,0.13036182537287128,-1
2026-06-14 09:00:00+00:00,0.1711,3.392126419094184e-05,0.0236870778925357,-0.27146524244596826,0.17110580402674247,1,0.17520124047091779,1,0.1304229901067268,-1
2026-06-14 10:00:00+00:00,0.1699,3.392126419094184e-05,0.02980050505036999,-0.2734881291226509,0.16990576332053506,1,0.17503930237853196,1,0.1292465602078188,-1
2026-06-14 11:00:00+00:00,0.1698,3.392126419094184e-05,0.025093785138726826,-0.2713497000778569,0.16980575992835112,1,0.17411483608340164,1,0.12944700554569322,-1
2026-06-14 12:00:00+00:00,0.1684,-1.9100418223814836e-05,0.02980050505036999,-0.28349254884950953,0.16839678352028925,-1,0.17349392890255905,1,0.1268302467961217,-1
2026-06-14 13:00:00+00:00,0.1676,-2.7482230919899185e-05,0.024235229249359055,-0.2734881291226509,0.16759539404138912,-1,0.171711444082301,1,0.1274969010643345,-1
2026-06-14 14:00:00+00:00,0.1669,0.0007443852952014367,0.03426961207086213,-0.2713497000778569,0.16702428415767992,1,0.1727187316408813,1,0.12723619096334626,-1
2026-06-14 15:00:00+00:00,0.167,-1.9100418223814836e-05,0.025093785138726826,-0.2553458210996109,0.1669968102606194,-1,0.17124368448720892,1,0.12936630982349004,-1
2026-06-14 16:00:00+00:00,0.1671,-1.9100418223814836e-05,0.0236870778925357,-0.26688055999741755,0.16709680835059582,-1,0.1711053610911184,1,0.12795925278265527,-1
2026-06-14 17:00:00+00:00,0.1667,-5.9548047535793505e-05,0.03438415725823534,-0.2720717622016166,0.1666900736360265,-1,0.1725315204482371,1,0.12699199177175832,-1
2026-06-14 18:00:00+00:00,0.1661,0.000664717652327092,0.025093785138726826,-0.28349254884950953,0.16621044630578932,1,0.17032081433128982,1,0.12509800470805116,-1
2026-06-14 19:00:00+00:00,0.1661,0.0003763269328378477,0.04325990792798639,-0.2570581296932795,0.16616251966672374,1,0.1734431577287155,1,0.12844899338883065,-1
2026-06-14 20:00:00+00:00,0.1669,0.0009750502589171893,0.04300595435354268,-0.2584955517412916,0.16706281525184066,1,0.1742342720999339,1,0.12888226058247185,-1
2026-06-14 21:00:00+00:00,0.1739,-0.00046874460564224745,0.03559551252913258,-0.2720717622016166,0.17381850441487895,-1,0.1802015476931132,1,0.13247694882488767,-1
2026-06-14 22:00:00+00:00,0.175,-0.0005323389459119351,0.02961586597616467,-0.28349254884950953,0.1749068654762319,-1,0.1802602860316422,1,0.13180102844015024,-1
2026-06-14 23:00:00+00:00,0.183,-8.330080728421243e-05,0.04300595435354268,-0.2570581296932795,0.1829847565871701,-1,0.19104177228452907,1,0.14151815647294405,-1
2026-06-15 00:00:00+00:00,0.1831,-0.0002481057147053599,0.10129294090830258,-0.21378086106333458,0.18305457747866402,-1,0.20261859969056975,1,0.14785788716787748,-1
2026-06-15 01:00:00+00:00,0.1805,-0.00016365022967221543,0.10170543301809126,-0.23807544843257,0.18047046355043347,-1,0.1998238464693445,1,0.14225985205465552,-1
2026-06-15 02:00:00+00:00,0.1801,-0.0005959567952842685,0.10170543301809126,-0.22844534553835472,0.17999270015738023,-1,0.1993810235408806,1,0.143318138888203,-1
2026-06-15 03:00:00+00:00,0.1813,-0.0013706745357227365,0.10414884228767517,-0.22558913945245362,0.18105166693745567,-1,0.20120050739140652,1,0.14468572527803145,-1
2026-06-15 04:00:00+00:00,0.1797,-0.00016365022967221543,0.10414884228767517,-0.22558913945245362,0.17967059445990524,-1,0.19942488239512274,1,0.14340885180619004,-1
2026-06-15 05:00:00+00:00,0.181,-0.0009083101380253182,0.10010340744033376,-0.23304959209573464,0.1808356705073875,-1,0.20005662244536537,1,0.1433726864796006,-1
2026-06-15 06:00:00+00:00,0.1813,-0.0013706745357227365,0.1001692699873838,-0.23304959209573464,0.18105166693745567,-1,0.2004014065198467,1,0.14361032076658337,-1
2026-06-15 07:00:00+00:00,0.1802,0.0006471814555635245,0.10414884228767517,-0.227005506373488,0.1803166598442646,1,0.19997976520646144,1,0.14360433422740734,-1
2026-06-15 08:00:00+00:00,0.1812,0.0002106988297876679,0.10367930060134417,-0.227005506373488,0.18123818265033612,1,0.20099513307530437,1,0.1444012506215661,-1
2026-06-15 09:00:00+00:00,0.1814,-0.0001950840322906032,0.10589841491909634,-0.23649319779472816,0.18136461520815864,-1,0.20166400130382292,1,0.14319557309194653,-1
2026-06-15 10:00:00+00:00,0.1828,-0.0008758808457336255,0.1001692699873838,-0.22487275275905136,0.18263995908001956,-1,0.20205944352911184,1,0.1459873400936013,-1
2026-06-15 11:00:00+00:00,0.1852,0.0006154757170833488,0.1001692699873838,-0.227005506373488,0.18531402118784066,1,0.2047123027439361,1,0.14758891619820114,-1
2026-06-15 12:00:00+00:00,0.1873,-0.00038433111551028717,0.10129294090830258,-0.21378086106333458,0.18722802861337248,-1,0.20726632289483182,1,0.15124949353655626,-1
2026-06-15 13:00:00+00:00,0.1893,-0.00038433111551028717,0.09994080110274778,-0.23649319779472816,0.18922726009883295,-1,0.20919647022480098,1,0.14943176398183836,-1
2026-06-15 14:00:00+00:00,0.1874,-0.0003868385315679017,0.10010340744033376,-0.23304959209573464,0.18732752047902376,-1,0.2071304477694004,1,0.1484422179352329,-1
2026-06-15 15:00:00+00:00,0.1889,-0.0003868385315679017,0.10170543301809126,-0.23649319779472816,0.188826940333445,-1,0.20912312796708687,1,0.14911600748108433,-1
2026-06-15 16:00:00+00:00,0.1877,-0.0003868385315679017,0.10414884228767517,-0.22508433240152964,0.187627404449908,-1,0.2083030073765417,1,0.14986885492773933,-1
2026-06-15 17:00:00+00:00,0.1876,-0.0013706745357227365,0.10170543301809126,-0.23725584912254774,0.187343037603236,-1,0.2076839534495791,1,0.14797690102821187,-1
2026-06-15 18:00:00+00:00,0.1873,-0.00035460243320345453,0.095731372331953,-0.2329913139245077,0.18723359473869045,-1,0.2061167965742183,1,0.14837165308288647,-1
2026-06-15 19:00:00+00:00,0.1862,-0.0008728112945953019,0.10582085726094552,-0.2329913139245077,0.18603755343985523,-1,0.20698415037639822,1,0.14750027658320053,-1
2026-06-15 20:00:00+00:00,0.1807,0.00010710831575909287,0.09912450691095313,-0.22682259473362587,0.18071935550920717,1,0.19952962160063212,1,0.1440291346204675,-1
2026-06-15 21:00:00+00:00,0.1794,-0.0002481057147053599,0.10010340744033376,-0.22585125602640269,0.17935549535593842,-1,0.19828816611435662,1,0.14313191586543456,-1
2026-06-15 22:00:00+00:00,0.1783,-0.0002481057147053599,0.10170543301809126,-0.23649319779472816,0.17825576823837133,-1,0.19738832036279294,1,0.14074846021110288,-1
2026-06-15 23:00:00+00:00,0.1786,0.0006949327761654349,0.10170543301809126,-0.23603700546368014,0.17872415812960335,1,0.1977204375591409,1,0.14104960866165,-1
2026-06-16 00:00:00+00:00,0.1779,-1.811085490405434e-06,0.09990432668310122,-0.25812939299095927,0.177899677808183,-1,0.19659109690357865,1,0.1374269085625975,-1
2026-06-16 01:00:00+00:00,0.1773,4.040581467852399e-05,0.1235532539370607,-0.27488562246965026,0.1773071640956771,1,0.2006167691536407,1,0.13468754179521394,-1
2026-06-16 02:00:00+00:00,0.1762,3.061524448276983e-05,0.1235532539370607,-0.2754981559459579,0.17620539448865424,1,0.19937210786729548,1,0.13376995321376692,-1
2026-06-16 03:00:00+00:00,0.1772,-9.013973108410962e-05,0.1235532539370607,-0.2763177552559802,0.17718402795952043,-1,0.2005036181276093,1,0.13441893222192397,-1
2026-06-16 04:00:00+00:00,0.176,0.00046707745582377563,0.10798915190401141,-0.268735440684459,0.17608222483341313,1,0.19607027618730474,1,0.13452479807519518,-1
2026-06-16 05:00:00+00:00,0.1769,-0.00026903022059954803,0.1235532539370607,-0.27488562246965026,0.17685241495517048,-1,0.20016416504951517,1,0.13438367819274305,-1
2026-06-16 06:00:00+00:00,0.1783,0.0002247730904445297,0.12181147245939825,-0.27488562246965026,0.17834008154648404,1,0.20139718385235691,1,0.1354472008013911,-1
2026-06-16 07:00:00+00:00,0.1788,-2.4863075412708856e-05,0.09832896163000537,-0.27488562246965026,0.17879555453738036,-1,0.1972746310886617,1,0.13582703030447968,-1
2026-06-16 08:00:00+00:00,0.181,4.9063538160772436e-05,0.09955478804665915,-0.27488562246965026,0.18100888071826504,1,0.1999468976037989,1,0.1374982801180695,-1
2026-06-16 09:00:00+00:00,0.1799,0.0002548065769820359,0.09955478804665915,-0.2532187927117538,0.17994584554382406,1,0.19873175071228413,1,0.13965601287939186,-1
2026-06-16 10:00:00+00:00,0.1795,-0.00029857999948793116,0.12181147245939825,-0.2754981559459579,0.17944641289050958,-1,0.2027526332108697,1,0.1362752928596547,-1
2026-06-16 11:00:00+00:00,0.1788,0.00023569683893635322,0.09972496230327962,-0.27488562246965026,0.17884214756163022,1,0.19755021892212604,1,0.13582703030447968,-1
2026-06-16 12:00:00+00:00,0.18,-0.002454388453939669,0.09990432668310122,-0.2747085615520317,0.17955875179704558,-1,0.19891173379788732,1,0.13676283432116354,-1
2026-06-16 13:00:00+00:00,0.1771,0.0004079432013814224,0.08747942742761604,-0.25610650631427656,0.1771722614792521,1,0.19329044851020014,1,0.13708594137720068,-1
2026-06-16 14:00:00+00:00,0.1741,0.00014490871656057332,0.1235532539370607,-0.2754981559459579,0.17412523043556408,1,0.19699593632063647,1,0.13217564616638378,-1
2026-06-16 15:00:00+00:00,0.1741,0.0003139576686119421,0.1235532539370607,-0.2754981559459579,0.17415466861147122,1,0.19699593632063647,1,0.13217564616638378,-1
2026-06-16 16:00:00+00:00,0.1731,0.0007309283048806204,0.09972496230327962,-0.2693958232571977,0.1732265699407159,1,0.19125247704373613,1,0.13222085110546206,-1
2026-06-16 17:00:00+00:00,0.1747,1.735382475622057e-05,0.1235532539370607,-0.2693958232571977,0.17470303173949098,1,0.19767484247682474,1,0.13344299646518903,-1
2026-06-16 18:00:00+00:00,0.175,0.000135801771418125,0.10798915190401141,-0.2693958232571977,0.17502376692375682,1,0.1949562405271496,1,0.13367214872013783,-1
2026-06-16 19:00:00+00:00,0.1732,0.00017110746409264725,0.11828343254024981,-0.2693958232571977,0.17322963834837982,1,0.19494752673182267,1,0.13229723519044498,-1
2026-06-16 20:00:00+00:00,0.175,-1.769707974704465e-05,0.1235532539370607,-0.2763177552559802,0.17499690303844792,-1,0.1980142955549189,1,0.13275007414693393,-1
2026-06-16 21:00:00+00:00,0.1738,-1.811085490405434e-06,0.1235532539370607,-0.2763177552559802,0.1737996852336268,-1,0.1966564832425423,1,0.1318397879242121,-1
2026-06-16 22:00:00+00:00,0.1734,0.000101809309789365,0.1235532539370607,-0.2693958232571977,0.17341765463300524,1,0.19620387913841678,1,0.13245000336041085,-1
2026-06-16 23:00:00+00:00,0.1724,4.040581467852399e-05,0.1235532539370607,-0.2754981559459579,0.17240696610318518,1,0.19507236887810295,1,0.1308850166518355,-1
2026-06-17 00:00:00+00:00,0.172,0.00046697774691705944,0.14064332639513247,-0.272594271194846,0.17208033892925587,1,0.19797441461098528,1,0.13096108337837922,-1
2026-06-17 01:00:00+00:00,0.1736,0.00022010652780151435,0.1361475159695191,-0.24810812879735103,0.1736382146987244,1,0.19891971839894837,1,0.13545583868424332,-1
2026-06-17 02:00:00+00:00,0.1744,0.00047010526848458327,0.130023881483635,-0.24620442499637066,0.1744820056329535,1,0.1986164132497992,1,0.13633936200444388,-1
2026-06-17 03:00:00+00:00,0.173,-1.3099768113809063e-05,0.13908345037127387,-0.2664778870828383,0.17299773375495997,-1,0.19881505979892747,1,0.1325306192508342,-1
2026-06-17 04:00:00+00:00,0.1729,0.0011307244947733218,0.1396796468438816,-0.2564734673559797,0.17309561283641756,1,0.1988186374413305,1,0.1337857882029352,-1
2026-06-17 05:00:00+00:00,0.1727,0.0003310733629555301,0.1292082509453008,-0.25445058067929704,0.1727571858356135,1,0.19652000565928207,1,0.13390162713272064,-1
2026-06-17 06:00:00+00:00,0.1715,-0.0009394384877893697,0.13006680683466856,-0.24529461138197511,0.171338961953857,-1,0.19532211615662728,1,0.1341942873197133,-1
2026-06-17 07:00:00+00:00,0.1713,-0.0005293089004354953,0.1229655869638821,-0.2564734673559797,0.17120935337750381,-1,0.19371383491240274,1,0.13254774736357897,-1
2026-06-17 08:00:00+00:00,0.1691,0.0002466178779223855,0.1396796468438816,-0.2724172102772275,0.16914170822594238,1,0.19444899705800453,1,0.1287758177464668,-1
2026-06-17 09:00:00+00:00,0.1693,-2.7540414856777024e-05,0.14064332639513247,-0.2729676682758671,0.16929533747196904,-1,0.19486667670720823,1,0.12885717505286584,-1
2026-06-17 10:00:00+00:00,0.1692,0.0005759985897949939,0.1350241670395527,-0.24620442499637066,0.1692974870348953,1,0.19366030405191742,1,0.1322741975410086,-1
2026-06-17 11:00:00+00:00,0.1688,0.00028193341795857357,0.1290790141217165,-0.2729676682758671,0.1688475970702385,1,0.19205726759598069,1,0.12847661635513144,-1
2026-06-17 12:00:00+00:00,0.1695,0.0001392839017800241,0.13476529679510438,-0.2550571004349454,0.16952361026557852,1,0.19395345810689082,1,0.1313408465708181,-1
2026-06-17 13:00:00+00:00,0.1682,0.0006271708749706141,0.13476529679510438,-0.24898555469955433,0.16830552322825887,1,0.19246590946064326,1,0.13112724568208622,-1
2026-06-17 14:00:00+00:00,0.168,0.0002770656527456233,0.1229655869638821,-0.2550571004349454,0.1680465534785484,1,0.1899820447477155,1,0.13017853819408517,-1
2026-06-17 15:00:00+00:00,0.1714,0.00015568753616634003,0.130023881483635,-0.2564734673559797,0.1714266869210555,1,0.19519984650811686,1,0.13262512491603873,-1
2026-06-17 16:00:00+00:00,0.171,-0.0013798067707053872,0.1396796468438816,-0.26719693656303894,0.17076421574797154,-1,0.19663381724966753,1,0.13090431283645823,-1
2026-06-17 17:00:00+00:00,0.1724,-0.0013632250199530442,0.1396796468438816,-0.272594271194846,0.17216514012635967,-1,0.19824368475931392,1,0.1312656440373987,-1
2026-06-17 18:00:00+00:00,0.1697,0.00029571249779552014,0.12902204375823792,-0.2550571004349454,0.16975018983139034,1,0.19307027001837113,1,0.13149582102104912,-1
2026-06-17 19:00:00+00:00,0.1656,0.0008181945837192385,0.1406509428077476,-0.272594271194846,0.16573554846801325,1,0.19060937651912643,1,0.12608811283406743,-1
2026-06-17 20:00:00+00:00,0.1673,-7.450326322465007e-05,0.1406509428077476,-0.2737872675858894,0.16728753606837007,-1,0.19256611528774067,1,0.12723061938924524,-1
2026-06-17 21:00:00+00:00,0.1661,0.00030718646628758524,0.1406509428077476,-0.2737872675858894,0.16615103150974367,1,0.19118488792166002,1,0.1263180267815519,-1
2026-06-17 22:00:00+00:00,0.1667,0.0003528435418959261,0.1361475159695191,-0.2506286911268179,0.16675882939661002,1,0.1910133471031376,1,0.1297444956785221,-1
2026-06-17 23:00:00+00:00,0.1669,0.00028193341795857357,0.1396796468438816,-0.26719693656303894,0.16694706132122514,1,0.19191920525713163,1,0.1277656714175724,-1
2026-06-18 00:00:00+00:00,0.1672,-0.0005503319765845472,0.0741753853384581,-0.262751272540755,0.16710800980840873,-1,0.18007367739245203,1,0.12856561905365071,-1
2026-06-18 01:00:00+00:00,0.1679,0.0006666438716643982,0.07887387529889386,-0.262751272540755,0.16801196682290395,1,0.18167918999698407,1,0.12910387224346864,-1
2026-06-18 02:00:00+00:00,0.1685,-0.0001179458155548887,0.07860099419647497,-0.25739633757702557,0.16848012730205283,-1,0.1822786835044444,1,0.13026090649514707,-1
2026-06-18 03:00:00+00:00,0.1669,-1.9100418223814836e-05,0.08439600167523756,-0.25658255334987307,0.16689681217064298,-1,0.18159716091972433,1,0.12912904811646508,-1
2026-06-18 04:00:00+00:00,0.1655,0.000860961110708241,0.07313062226202743,-0.262751272540755,0.16564255042020076,1,0.1780566605041967,1,0.1272584327355215,-1
2026-06-18 05:00:00+00:00,0.165,0.0006321337499252408,0.07296044800540696,-0.262751272540755,0.16510433504211408,1,0.1774885184271751,1,0.12687396617136587,-1
2026-06-18 06:00:00+00:00,0.1655,0.0006503121070230153,0.07313062226202743,-0.25658255334987307,0.1656076616567575,1,0.1780566605041967,1,0.12804588054688418,-1
2026-06-18 07:00:00+00:00,0.1669,0.00034282735577346947,0.07913274554334224,-0.2513354173756886,0.1669572276947277,1,0.18064387943193544,1,0.12980838652198962,-1
2026-06-18 08:00:00+00:00,0.1667,0.0006666438716643982,0.07875933011152066,-0.25297855380295214,0.16681116658355025,1,0.18036004803264932,1,0.12943997186539252,-1
2026-06-18 09:00:00+00:00,0.1673,0.0006666438716643982,0.07887387529889386,-0.262751272540755,0.16741156670322713,1,0.18102994929419558,1,0.12864251236648186,-1
2026-06-18 10:00:00+00:00,0.1666,0.0009223646058190824,0.0741753853384581,-0.2513354173756886,0.16675373683313682,1,0.17942747998554132,1,0.12957505808606032,-1
2026-06-18 11:00:00+00:00,0.165,0.0007392871514572255,0.07276867809226698,-0.24108928098797514,0.1651220274811071,1,0.17745448473283656,1,0.1296522923525718,-1
2026-06-18 12:00:00+00:00,0.1659,-0.0006838239698416652,0.07815038003811915,-0.2513354173756886,0.16578659238324586,-1,0.17938522300181878,1,0.129030625068892,-1
2026-06-18 13:00:00+00:00,0.1648,0.0007584520617038515,0.07840433361256287,-0.2545596666731903,0.164925040312316,1,0.17824106843597073,1,0.12776248455951777,-1
2026-06-18 14:00:00+00:00,0.1647,0.0007392871514572255,0.07552403410919338,-0.25444412430507907,0.16482180561295964,1,0.17762057450614596,1,0.1276997126548941,-1
2026-06-18 15:00:00+00:00,0.1604,-0.0004891662576629636,0.07860099419647497,-0.25658255334987307,0.16032155691968905,-1,0.17351632542500223,1,0.1241000558291252,-1
2026-06-18 16:00:00+00:00,0.1622,-3.649605761349008e-05,0.0741753853384581,-0.25658255334987307,0.1621940804474759,-1,0.17468869900152945,1,0.1254926998471578,-1
2026-06-18 17:00:00+00:00,0.1614,0.0006759167817497552,0.08025609447330863,-0.2634703220209557,0.16150912984576668,1,0.17488731466302682,1,0.12401660076915495,-1
2026-06-18 18:00:00+00:00,0.1622,0.0006528647918274518,0.07887387529889386,-0.25668490098732033,0.16230592924420886,1,0.17551140332049325,1,0.1254798566230596,-1
2026-06-18 19:00:00+00:00,0.163,0.0006695965712892669,0.07887387529889386,-0.24108928098797514,0.16310918079058231,1,0.17637705759087793,1,0.12808074941496486,-1
2026-06-18 20:00:00+00:00,0.1635,0.00046025738937726795,0.07982697261201985,-0.2551661864288387,0.16357526940348402,1,0.17708679204877442,1,0.12667779353712957,-1
2026-06-18 21:00:00+00:00,0.1632,-0.0004681302225129572,0.07875933011152066,-0.262751272540755,0.16312361902720166,-1,0.17657324438469332,1,0.12548988654040552,-1
2026-06-18 22:00:00+00:00,0.1631,0.0006110743950683625,0.07913274554334224,-0.25658255334987307,0.16319969669178114,1,0.17653095707219094,1,0.1261890218561741,-1
2026-06-18 23:00:00+00:00,0.1637,0.0009223646058190824,0.07552403410919338,-0.2513354173756886,0.16385106074180372,1,0.17654212535917482,1,0.1273195498720773,-1
2026-06-19 00:00:00+00:00,0.164,1.735382475622057e-05,0.0691000993305963,-0.22286049276396153,0.16400284605195492,1,0.17573312818844136,1,0.1312371425383011,-1
2026-06-19 01:00:00+00:00,0.1646,0.0005284809509346164,0.10026443681123576,-0.23048123162529732,0.16468701095431465,1,0.18195924347601572,1,0.13071731052980895,-1
2026-06-19 02:00:00+00:00,0.1643,0.00020631221167141428,0.0691000993305963,-0.21843208345583415,0.16433390059331054,1,0.17605459122781045,1,0.13206073647702996,-1
2026-06-19 03:00:00+00:00,0.1621,0.00045859341526883324,0.0691000993305963,-0.2242768596849959,0.16217435504067798,1,0.17369719560577038,1,0.1295331158187339,-1
2026-06-19 04:00:00+00:00,0.1601,0.0007309283048806204,0.10026443681123576,-0.21430181611321708,0.16021706439924097,1,0.176984659055347,1,0.12921747064138908,-1
2026-06-19 05:00:00+00:00,0.161,3.908273627109601e-05,0.10553425820804672,-0.24916547715321835,0.16100629244350181,1,0.1789199722008193,1,0.12549160800264814,-1
2026-06-19 06:00:00+00:00,0.1608,0.00012185672663826988,0.06975614833098483,-0.2242768596849959,0.16081959575555652,1,0.17241726618085723,1,0.12849429379181004,-1
2026-06-19 07:00:00+00:00,0.1596,0.00014490871656057332,0.08276543987874041,-0.21521162972761282,0.1596231291069272,1,0.17337140185757027,1,0.12869677490669953,-1
2026-06-19 08:00:00+00:00,0.1606,3.3560130083713573e-05,0.08276543987874041,-0.20973292029907503,0.1606053898473329,1,0.1744576888366277,1,0.13021460293622794,-1
2026-06-19 09:00:00+00:00,0.1597,3.3560130083713573e-05,0.06818122407786568,-0.2179927594307961,0.15970535964270902,1,0.17096832053297767,1,0.1284197628629635,-1
2026-06-19 10:00:00+00:00,0.1603,0.0005394046994264399,0.08276543987874041,-0.2242768596849959,0.16038648989774965,1,0.17413180274291049,1,0.1280947468583778,-1
2026-06-19 11:00:00+00:00,0.1599,0.00012185672663826988,0.0691000993305963,-0.2063111142727228,0.15991948607782017,1,0.1713397999837303,1,0.130091429300661,-1
2026-06-19 12:00:00+00:00,0.1607,9.555889625891482e-06,0.06752035127062937,-0.2063111142727228,0.16070153563880007,1,0.17192522157849197,1,0.1307422932371246,-1
2026-06-19 13:00:00+00:00,0.1623,0.00014805547417034382,0.06545051016946568,-0.2080234228663913,0.162324031182388,1,0.17327795555712144,1,0.13181811446410463,-1
2026-06-19 14:00:00+00:00,0.1618,0.00011801561511685799,0.06524939056941881,-0.2063111142727228,0.16181909605331998,1,0.172709396869751,1,0.13163723114976203,-1
2026-06-19 15:00:00+00:00,0.1618,-0.0009884883979728312,0.0691000993305963,-0.2242768596849959,0.16164014159931178,-1,0.1733757325664013,1,0.12929338765867454,-1
2026-06-19 16:00:00+00:00,0.1605,0.0001854292993347999,0.07044933498403426,-0.20552882728562943,0.16052976416203182,1,0.17221492790052104,1,0.1306817679230781,-1
2026-06-19 17:00:00+00:00,0.1618,0.0006064892012725558,0.08856044735750296,-0.2315098791729861,0.16189815971616098,1,0.17678272779815793,1,0.1283615800198878,-1
2026-06-19 18:00:00+00:00,0.1614,3.3560130083713573e-05,0.06927027358721677,-0.21521162972761282,0.16140541669588748,1,0.17297654883169009,1,0.1301482422928653,-1
2026-06-19 19:00:00+00:00,0.1608,-0.00015038923070801062,0.06927027358721677,-0.2063111142727228,0.16077581923001144,-1,0.17233351333417454,1,0.13082365122918255,-1
2026-06-19 20:00:00+00:00,0.1619,-6.9581398646064e-05,0.08856044735750296,-0.2063111142727228,0.16188873516347527,-1,0.1768919878276994,1,0.13171858914181997,-1
2026-06-19 21:00:00+00:00,0.1608,1.735382475622057e-05,0.07154545060050348,-0.2080234228663913,0.16080279051923382,1,0.17272604895701663,1,0.1305998324450279,-1
2026-06-19 22:00:00+00:00,0.1618,1.735382475622057e-05,0.0691000993305963,-0.21843208345583415,0.16180280787320916,1,0.1733757325664013,1,0.13005129130848112,-1
2026-06-19 23:00:00+00:00,0.1621,0.00020631221167141428,0.08276543987874041,-0.222138430640202,0.16213344665962043,1,0.17608711930521392,1,0.1298104095767071,-1
2026-06-20 00:00:00+00:00,0.1624,3.392126419094184e-05,0.09441224441273767,-0.24000768653901983,0.1624055089067386,1,0.17847966481773722,1,0.12774738269819264,-1
2026-06-20 01:00:00+00:00,0.1624,6.535506680932958e-05,0.0828403157267066,-0.2222736374948814,0.1624106140096857,1,0.1764262149668353,1,0.13003306837614823,-1
2026-06-20 02:00:00+00:00,0.1621,0.0002918714478047033,0.08863532320546916,-0.23164234798039168,0.1621473192669247,1,0.1771237696827321,1,0.12858254617250264,-1
2026-06-20 03:00:00+00:00,0.1625,2.044712303699541e-05,0.0828403157267066,-0.2378692574942259,0.16250332269146314,1,0.17653485179871145,1,0.12809968428165472,-1
2026-06-20 04:00:00+00:00,0.1631,-0.0004655128478516447,0.0771997695356386,-0.2239859460885499,0.16302409252383887,-1,0.17619005654996361,1,0.13037013061304,-1
2026-06-20 05:00:00+00:00,0.1636,0.0007226908560229345,0.09441224441273767,-0.2378692574942259,0.16371827495701255,1,0.17979848007501115,1,0.12896682060602283,-1
2026-06-20 06:00:00+00:00,0.1637,0.0006632313539532507,0.09344094844887167,-0.24000768653901983,0.16380860698443972,1,0.17973372189852296,1,0.12876999105722992,-1
2026-06-20 07:00:00+00:00,0.1629,-0.0004891662576629636,0.0828403157267066,-0.2325197738825948,0.16282033430310067,-1,0.17696939912621595,1,0.12910380125994111,-1
2026-06-20 08:00:00+00:00,0.1628,-0.00046874460564224745,0.09344094844887167,-0.23416291030985806,0.16272370626073773,-1,0.1787455707090992,1,0.12881271699873842,-1
2026-06-20 09:00:00+00:00,0.1639,0.0005924332467987944,0.0771997695356386,-0.2239859460885499,0.16399712857740872,1,0.177054262835923,1,0.13100959170740195,-1
2026-06-20 10:00:00+00:00,0.1631,0.0006632313539532507,0.07788252175420884,-0.2222736374948814,0.16320820891363538,1,0.17631039177686017,1,0.13059355573983852,-1
2026-06-20 11:00:00+00:00,0.1629,0.0006666438716643982,0.09524710314698459,-0.2222736374948814,0.16300863249226358,1,0.17917869765023217,1,0.13043341649306986,-1
2026-06-20 12:00:00+00:00,0.1627,0.0006695965712892669,0.0828403157267066,-0.2378692574942259,0.16280897984434198,1,0.17675212546246372,1,0.12825734543153983,-1
2026-06-20 13:00:00+00:00,0.1614,0.00046025738937726795,0.07736994379225907,-0.2239859460885499,0.16147430264050347,1,0.1743832912143856,1,0.1290112757875209,-1
2026-06-20 14:00:00+00:00,0.162,-0.0004954018096515292,0.07887387529889386,-0.22149135050778804,0.1619197647828133,-1,0.1752949897528971,1,0.1298143022109055,-1
2026-06-20 15:00:00+00:00,0.1623,0.0005433506894970334,0.07887387529889386,-0.2222736374948814,0.16238820977915733,1,0.17561961010429133,1,0.1299529987527639,-1
2026-06-20 16:00:00+00:00,0.1618,0.0007584520617038515,0.07841470686868975,-0.2222736374948814,0.1619227640930384,1,0.1749982040838895,1,0.12955265063584226,-1
2026-06-20 17:00:00+00:00,0.161,0.0007373202768605964,0.0837851830886251,-0.22149135050778804,0.1611187523384482,1,0.17507063972940107,1,0.12901297935775177,-1
2026-06-20 18:00:00+00:00,0.1609,0.0007162351615349221,0.0837851830886251,-0.2222736374948814,0.16101528351761707,1,0.1749619002016188,1,0.1288320240253833,-1
2026-06-20 19:00:00+00:00,0.1613,-0.00020848679869262223,0.07976335563942502,-0.2222736374948814,0.1612663745847203,-1,0.17469285904421103,1,0.12915230251892063,-1
2026-06-20 20:00:00+00:00,0.1614,0.0009223646058190824,0.07887387529889386,-0.2239859460885499,0.1615489383245395,1,0.17464574905010855,1,0.1290112757875209,-1
2026-06-20 21:00:00+00:00,0.1621,0.0006666438716643982,0.07755615097932197,-0.2222736374948814,0.16220809899936112,1,0.175172215696846,1,0.12979285950599523,-1
2026-06-20 22:00:00+00:00,0.1632,0.0007660696995917469,0.08261480579252205,-0.2239859460885499,0.16332507047520747,1,0.17725533227605403,1,0.13045006324983527,-1
2026-06-20 23:00:00+00:00,0.1633,0.0007343399491119007,0.07887387529889386,-0.2222736374948814,0.16341996175465354,1,0.17670167794227218,1,0.1307536949866072,-1
2026-06-21 00:00:00+00:00,0.1634,0.0007660696995917469,0.07552403410919338,-0.2649713328938722,0.16352522374784864,1,0.17621859061508346,1,0.12536504602762183,-1
2026-06-21 01:00:00+00:00,0.163,0.0008379091207859376,0.07296044800540696,-0.2581490681277473,0.1631366364231464,1,0.17533714244623966,1,0.12591425163262257,-1
2026-06-21 02:00:00+00:00,0.1623,0.0007584520617038515,0.07887387529889386,-0.2547251965061585,0.162423143462918,1,0.17561961010429133,1,0.12580351411458526,-1
2026-06-21 03:00:00+00:00,0.1626,0.0007162351615349221,0.07887387529889386,-0.262190203190689,0.1627165015535397,1,0.17594423045568558,1,0.12509869602071053,-1
2026-06-21 04:00:00+00:00,0.161,0.0010595057439503344,0.07296044800540696,-0.2646057473222172,0.16117067082216863,1,0.1731857664653042,1,0.12356886570009348,-1
2026-06-21 05:00:00+00:00,0.1606,0.0007162351615349221,0.07296044800540696,-0.2649713328938722,0.16071506857010134,1,0.1727554912691171,1,0.12321680778479843,-1
2026-06-21 06:00:00+00:00,0.1615,0.0007162351615349221,0.07954586155839348,-0.262190203190689,0.1616157134126486,1,0.1748714275562914,1,0.12425239487911903,-1
2026-06-21 07:00:00+00:00,0.1616,0.0010595057439503344,0.07954586155839348,-0.26880210194702203,0.1617713068624997,1,0.17497970707799806,1,0.12350999008091847,-1
2026-06-21 08:00:00+00:00,0.1611,0.000526618910035218,0.07331682944909033,-0.27710623753913877,0.16118486064905674,1,0.17335510479945745,1,0.12210960617132381,-1
2026-06-21 09:00:00+00:00,0.162,0.0007294295867151934,0.0783754842622904,-0.26880210194702203,0.1621182107009979,1,0.17520764606870537,1,0.12381570787814847,-1
2026-06-21 10:00:00+00:00,0.1614,0.0007213333052791332,0.07887387529889386,-0.25643750509982716,0.1615164651955343,1,0.17464574905010855,1,0.12489186098239881,-1
2026-06-21 11:00:00+00:00,0.161,0.000620924084391626,0.0736432002239772,-0.262190203190689,0.1610999998205227,1,0.173304049806095,1,0.12386771254203197,-1
2026-06-21 12:00:00+00:00,0.1612,0.0010595057439503344,0.0741753853384581,-0.2703208165055036,0.16137088283561232,1,0.1736117033233449,1,0.12301730217475444,-1
2026-06-21 13:00:00+00:00,0.1618,0.0006850763123785656,0.07875933011152066,-0.2666144693211358,0.1619108833247757,1,0.17505852292551088,1,0.12393367398737459,-1
2026-06-21 14:00:00+00:00,0.1621,0.0007660696995917469,0.08025609447330863,-0.2547251965061585,0.16222422747568094,1,0.1756458098319495,1,0.12564848821918836,-1
2026-06-21 15:00:00+00:00,0.1623,0.00039361113861181434,0.07840433361256287,-0.2547251965061585,0.16236389566199388,1,0.17553716873275516,1,0.12580351411458526,-1
2026-06-21 16:00:00+00:00,0.1616,0.0006503121070230153,0.0741753853384581,-0.2649713328938722,0.1617051246146949,1,0.1740425015946187,1,0.12398403572866393,-1
2026-06-21 17:00:00+00:00,0.1615,-0.00038631860408976895,0.07276867809226698,-0.2681955821913737,0.16143762159518443,-1,0.17369029869304914,1,0.12350844823275313,-1
2026-06-21 18:00:00+00:00,0.1621,0.00045940460265898316,0.07860099419647497,-0.2681955821913737,0.16217448659452313,1,0.1753553388490827,1,0.12396730314878811,-1
2026-06-21 19:00:00+00:00,0.162,0.0006181917765493557,0.0736432002239772,-0.2703208165055036,0.16210017802922758,1,0.17438047247569807,1,0.12362780987785496,-1
2026-06-21 20:00:00+00:00,0.1607,0.0006110743950683625,0.0741753853384581,-0.2718412196727853,0.1607982296650474,1,0.17307320548425267,1,0.1224494207727682,-1
2026-06-21 21:00:00+00:00,0.1596,0.0006090817600029375,0.07982697261201985,-0.276387188058938,0.15969723905915895,1,0.17286270343109722,1,0.12105966181854268,-1
2026-06-21 22:00:00+00:00,0.159,0.0006528647918274518,0.0741753853384581,-0.27021846886805634,0.15910383939475467,1,0.17124231283133898,1,0.12135082532594678,-1
2026-06-21 23:00:00+00:00,0.1566,0.0007443852952014367,0.07887387529889386,-0.25509594560466137,0.15671661413476737,1,0.1694518234278005,1,0.1213402809555588,-1
2026-06-22 00:00:00+00:00,0.1595,0.0004082463868967614,0.12058771644636175,-0.22241238088035792,0.15956512859206168,1,0.1799414713182262,1,0.12769333146380493,-1
2026-06-22 01:00:00+00:00,0.1612,3.392126419094184e-05,0.11522492077690963,-0.22247065905158486,0.1612054682005312,1,0.18088667873378264,1,0.12904680538824984,-1
2026-06-22 02:00:00+00:00,0.1597,0.0007491731373602366,0.1210892162697329,-0.21501020640830384,0.15981968777787248,1,0.1802574796876318,1,0.1288033533699949,-1
2026-06-22 03:00:00+00:00,0.1582,0.000860961110708241,0.1210892162697329,-0.20489038195750656,0.15833626269773873,1,0.17856439127478618,1,0.1288913334975999,-1
2026-06-22 04:00:00+00:00,0.1593,0.0007162351615349221,0.11522492077690963,-0.2164265733293382,0.15941413713086638,1,0.17875463971644895,1,0.1282988930278945,-1
2026-06-22 05:00:00+00:00,0.1606,0.0007226908560229345,0.12200210424303613,-0.21501020640830384,0.16071610610083262,1,0.1814388905370394,1,0.12952923325749016,-1
2026-06-22 06:00:00+00:00,0.1604,0.0007584520617038515,0.1210892162697329,-0.21108394443763984,0.16052170185737552,1,0.1810475876136264,1,0.12987685743038488,-1
2026-06-22 07:00:00+00:00,0.1618,0.0008379091207859376,0.11798027679383603,-0.21108394443763984,0.16193563051082877,1,0.18206090635903396,1,0.1310104459615728,-1
2026-06-22 08:00:00+00:00,0.1612,-0.00033371874761667434,0.1210892162697329,-0.21501020640830384,0.16114621351316288,-1,0.18195056810047744,1,0.13001315318248705,-1
2026-06-22 09:00:00+00:00,0.1604,-0.0005632014069431239,0.11798027679383603,-0.2164265733293382,0.16030968792865635,-1,0.18048559567360348,1,0.12918482386487304,-1
2026-06-22 10:00:00+00:00,0.1603,0.0007584520617038515,0.1210892162697329,-0.21501020640830384,0.1604216259833996,1,0.18093471505277006,1,0.12928727329499176,-1
2026-06-22 11:00:00+00:00,0.1617,0.0006090817600029375,0.1222832152966625,-0.2164265733293382,0.1617985185204637,1,0.1827329837061708,1,0.1302318330358477,-1
2026-06-22 12:00:00+00:00,0.1619,0.00042364556008370955,0.11663162802310076,-0.2164265733293382,0.16196860274677602,1,0.18192790617931104,1,0.1303929113698438,-1
2026-06-22 13:00:00+00:00,0.163,0.0006528647918274518,0.11609944290861986,-0.22667691607839796,0.1631064517065724,1,0.18306653092089364,1,0.1299400622771357,-1
2026-06-22 14:00:00+00:00,0.1602,0.0006666438716643982,0.12036572100895819,-0.22241238088035792,0.16030683195371778,1,0.18069106605959526,1,0.12825374106897525,-1
2026-06-22 15:00:00+00:00,0.1595,0.000526618910035218,0.11685923164152583,-0.21429381971490158,0.15958401783689977,1,0.17927181146073629,1,0.1287342371968872,-1
2026-06-22 16:00:00+00:00,0.1595,0.0002918714478047033,0.12141320922463707,-0.21429381971490158,0.159546560290404,1,0.18009007302969288,1,0.1287342371968872,-1
2026-06-22 17:00:00+00:00,0.1596,0.0007162351615349221,0.11663162802310076,-0.21108394443763984,0.15971435207838214,1,0.17934338373204475,1,0.12922909255542037,-1
2026-06-22 18:00:00+00:00,0.1584,0.0007162351615349221,0.1210892162697329,-0.21288688295571434,0.15851349228831915,1,0.17879013639649893,1,0.1280264132855052,-1
2026-06-22 19:00:00+00:00,0.159,0.00043332707062870396,0.11663162802310076,-0.21565905419012574,0.15906891393428826,1,0.1786691604849318,1,0.1281555996647847,-1
2026-06-22 20:00:00+00:00,0.1591,0.0004927018719299059,0.11663162802310076,-0.2164265733293382,0.15917840818216691,1,0.1787815310261173,1,0.12813781469389837,-1
2026-06-22 21:00:00+00:00,0.1594,0.0008950629708221677,0.1210892162697329,-0.21501020640830384,0.15954273690727985,1,0.17991886200506266,1,0.12856139340749648,-1
2026-06-22 22:00:00+00:00,0.158,0.0007669161424991209,0.1212395340752764,-0.21195270700575788,0.1581212192270645,1,0.17836545564192802,1,0.12782246717976797,-1
2026-06-22 23:00:00+00:00,0.1585,0.0008379091207859376,0.11577307213373299,-0.21195270700575788,0.15863286425195525,1,0.17795445832525958,1,0.12822696865818495,-1
2026-06-23 00:00:00+00:00,0.1592,-0.0005645712796504757,0.06222631833952702,-0.21599080902302892,0.1591101456192677,-1,0.16942114405415867,1,0.12827423901841686,-1
2026-06-23 01:00:00+00:00,0.1589,0.0007793882611985796,0.0622251117113313,-0.22501994955026888,0.1590238930688347,1,0.16910167906133086,1,0.12688169590284576,-1
2026-06-23 02:00:00+00:00,0.1593,0.0006471814555635245,0.0638969539385982,-0.21871352367308344,0.15940312937398085,1,0.16981101986432878,1,0.12800581508546938,-1
2026-06-23 03:00:00+00:00,0.1599,0.0006949327761654349,0.06319814283575421,-0.21871352367308344,0.16001115837023278,1,0.17033153822365077,1,0.12848794621573478,-1
2026-06-23 04:00:00+00:00,0.1583,0.00014333642817360756,0.06254830516786293,-0.21228446183866106,0.15832269178282057,1,0.16851761292167175,1,0.12802268887511362,-1
2026-06-23 05:00:00+00:00,0.1577,0.0009630338524082501,0.06319814283575421,-0.21599080902302892,0.15785194359019217,1,0.1679880148709802,1,0.1270656249573137,-1
2026-06-23 06:00:00+00:00,0.1548,0.0006949327761654349,0.06319814283575421,-0.21174161173385447,0.15490761298131353,1,0.16489882499700526,1,0.1252600967414049,-1
2026-06-23 07:00:00+00:00,0.1546,9.139304932577565e-05,0.0638969539385982,-0.21871352367308344,0.1546141300111083,1,0.16480090188967503,1,0.12422912123172357,-1
2026-06-23 08:00:00+00:00,0.1525,-0.00028573328017678703,0.06319814283575421,-0.2073678640361109,0.1524564318994976,-1,0.1624487778555769,1,0.12393989520597251,-1
2026-06-23 09:00:00+00:00,0.1526,0.0006949327761654349,0.06254830516786293,-0.2167923497011251,0.1527060835978582,1,0.1624497014014347,1,0.12285782213087966,-1
2026-06-23 10:00:00+00:00,0.1528,0.0002681372610209631,0.061689749278495146,-0.21729715675204908,0.15284097686695092,1,0.16252301556892526,1,0.12295675645020515,-1
2026-06-23 11:00:00+00:00,0.1537,0.0006949327761654349,0.06334846064129772,-0.2073678640361109,0.15380684828958588,1,0.16375167626337184,1,0.12491515995513426,-1
2026-06-23 12:00:00+00:00,0.1503,0.0006875546586264809,0.06319814283575421,-0.20846964361570955,0.15040337499910025,1,0.16010525450290627,1,0.12201739946664109,-1
2026-06-23 13:00:00+00:00,0.1517,0.00032377315334511744,0.06319814283575421,-0.2110588073536899,0.15174912433950447,1,0.16159658754551487,1,0.12283550210266632,-1
2026-06-23 14:00:00+00:00,0.151,9.139304932577565e-05,0.06201612005338201,-0.21729715675204908,0.15101380098109543,1,0.16066090389540602,1,0.12150831298416871,-1
2026-06-23 15:00:00+00:00,0.151,0.0003119202928454773,0.06254830516786293,-0.21174161173385447,0.15104710731070078,1,0.1607464279922453,1,0.12218523648547895,-1
2026-06-23 16:00:00+00:00,0.151,0.0006154757170833488,0.06272860114942322,-0.2111975609000546,0.15109296543933012,1,0.1607754125400827,1,0.1222517295514308,-1
2026-06-23 17:00:00+00:00,0.1503,1.7974580313299948e-05,0.06319814283575421,-0.21871352367308344,0.1503027016037011,1,0.16010525450290627,1,0.12077384813148805,-1
2026-06-23 18:00:00+00:00,0.1501,0.0003200658200870924,0.06247464757497951,-0.21599080902302892,0.15014804956869718,1,0.15977656750877467,1,0.12094198038105762,-1
2026-06-23 19:00:00+00:00,0.1501,0.0003200658200870924,0.06319814283575421,-0.21228446183866106,0.15014804956869718,1,0.15989220692539077,1,0.12139106506730608,-1
2026-06-23 20:00:00+00:00,0.15,0.0006949327761654349,0.06339926243580109,-0.2073678640361109,0.15010427614468366,1,0.15981782240112835,1,0.12190809364521886,-1
2026-06-23 21:00:00+00:00,0.1515,0.0002681372610209631,0.06247464757497951,-0.21729715675204908,0.15154062824177397,1,0.16126682196921624,1,0.12191065839140106,-1
2026-06-23 22:00:00+00:00,0.1517,0.0006949327761654349,0.06034224145638163,-0.21853061203322133,0.1518054579409901,1,0.16113574200617542,1,0.12192111952126664,-1
2026-06-23 23:00:00+00:00,0.1515,0.0006154757170833488,0.06319814283575421,-0.21228446183866106,0.1515932732719107,1,0.16138353996799934,1,0.1225232935222976,-1
2026-06-24 00:00:00+00:00,0.1529,0.00024210716041876687,0.07815038003811915,-0.26880210194702203,0.15293702266637352,1,0.16532851474971727,1,0.11686062799116606,-1
2026-06-24 01:00:00+00:00,0.153,-0.00017767598854228963,0.07601797391952128,-0.26880210194702203,0.1529728179886199,-1,0.16508424103026093,1,0.11693705744047354,-1
2026-06-24 02:00:00+00:00,0.1526,-0.000494375814618383,0.06966854553564236,-0.262190203190689,0.15252457689590468,-1,0.16361051003713878,1,0.11740504927896944,-1
2026-06-24 03:00:00+00:00,0.1522,0.0004935072439811319,0.07815038003811915,-0.2649713328938722,0.15227513033969256,1,0.1645716150746041,1,0.11677209305632828,-1
2026-06-24 04:00:00+00:00,0.1524,0.00027938073315413736,0.07815038003811915,-0.2612803895762933,0.1524425835719705,1,0.16478787212463644,1,0.11735790160336143,-1
2026-06-24 05:00:00+00:00,0.1523,0.00018580518782440985,0.07601797391952128,-0.26707080144033446,0.15232830075923817,1,0.16432895365299827,1,0.11660375277826623,-1
2026-06-24 06:00:00+00:00,0.1515,0.00019335477832626037,0.06966854553564236,-0.26880210194702203,0.1515292960810938,1,0.1624311420093481,1,0.11579061570086106,-1
2026-06-24 07:00:00+00:00,0.1506,0.00024011452535334173,0.07601797391952128,-0.2681955821913737,0.1506361655892861,1,0.16249468430821762,1,0.11517258392478404,-1
2026-06-24 08:00:00+00:00,0.1512,0.00038752068783497336,0.07601797391952128,-0.2649713328938722,0.15125860448249193,1,0.16314207348872845,1,0.11600486511246279,-1
2026-06-24 09:00:00+00:00,0.1504,0.00015570404296383824,0.07815038003811915,-0.2666144693211358,0.1504234197112863,1,0.16262530162431313,1,0.11520163515266464,-1
2026-06-24 10:00:00+00:00,0.1472,0.00043689159102909054,0.07601797391952128,-0.262190203190689,0.1472643244925913,1,0.15882614561865624,1,0.11325048003842922,-1
2026-06-24 11:00:00+00:00,0.1483,0.00041057267775727684,0.07601797391952128,-0.2666144693211358,0.14836090042928207,1,0.1600130257829261,1,0.11359310168311279,-1
2026-06-24 12:00:00+00:00,0.148,0.00031880240759979954,0.07840433361256287,-0.262190203190689,0.14804719027811222,1,0.16007086243036206,1,0.11386597177776851,-1
2026-06-24 13:00:00+00:00,0.1454,0.00011347794422174537,0.07601797391952128,-0.2649713328938722,0.1454165006293009,1,0.1568839780771238,1,0.11155494303804292,-1
2026-06-24 14:00:00+00:00,0.1454,0.0005241276851784839,0.07601797391952128,-0.25643750509982716,0.14547622814031927,1,0.1568839780771238,1,0.11251100735341256,-1
2026-06-24 15:00:00+00:00,0.1439,0.0001807036653079258,0.07815038003811915,-0.2547251965061585,0.1439260056070213,1,0.15559694749826233,1,0.11154113173807036,-1
2026-06-24 16:00:00+00:00,0.1416,0.0008181945837192385,0.07887387529889386,-0.25643750509982716,0.1417159037625041,1,0.1532208058580878,1,0.10957055461652833,-1
2026-06-24 17:00:00+00:00,0.1401,0.00041057267775727684,0.07815038003811915,-0.25643750509982716,0.1401575330420932,1,0.15148806354764804,1,0.10840984958881086,-1
2026-06-24 18:00:00+00:00,0.1417,0.0006452129659414141,0.07601797391952128,-0.2547251965061585,0.1417914561784572,1,0.152891744797307,1,0.10983584688870444,-1
2026-06-24 19:00:00+00:00,0.1412,9.042595429944195e-05,0.07601797391952128,-0.2649713328938722,0.1412127687220503,1,0.15235225381354797,1,0.10833258567380784,-1
2026-06-24 20:00:00+00:00,0.1452,0.0002401595279969827,0.07840433361256287,-0.2547251965061585,0.14523487535112148,1,0.1570424947627606,1,0.11254880005815021,-1
2026-06-24 21:00:00+00:00,0.1471,-0.0003864581970813949,0.07601797391952128,-0.2547251965061585,0.14704316298248238,-1,0.15871824742190446,1,0.11402154606442079,-1
2026-06-24 22:00:00+00:00,0.1472,-0.0006725497355559494,0.07887387529889386,-0.2666144693211358,0.14710103396244775,-1,0.15928038575078055,1,0.11275053653239517,-1
2026-06-24 23:00:00+00:00,0.1477,0.0002510832764888062,0.07840433361256287,-0.2703208165055036,0.14773708965603874,1,0.1597463944659762,1,0.11271498468493318,-1
2026-06-25 00:00:00+00:00,0.1476,0.0005893865043901786,0.09776739945880121,-0.19566384124949326,0.14768701908946744,1,0.16275944474385365,1,0.12136979850152442,-1
2026-06-25 01:00:00+00:00,0.1478,0.0005110611369829778,0.09558215936580648,-0.2028971078156508,0.14787555414079417,1,0.16262422445090643,1,0.12065833824401598,-1
2026-06-25 02:00:00+00:00,0.1478,0.0005110611369829778,0.09558215936580648,-0.20270514185044788,0.14787555414079417,1,0.16262422445090643,1,0.12068150276170513,-1
2026-06-25 03:00:00+00:00,0.1475,0.00022129958266821928,0.09091096694800112,-0.19566384124949326,0.147532645300506,1,0.16153779543241842,1,0.12128756964075102,-1
2026-06-25 04:00:00+00:00,0.1491,0.00017130404850038592,0.09771456548440437,-0.19566384124949326,0.14912554362143185,1,0.16440481775225899,1,0.12260323141312528,-1
2026-06-25 05:00:00+00:00,0.15,-0.0005198553213914737,0.09771456548440437,-0.19566384124949326,0.1499220419669961,-1,0.165397200958007,1,0.12334329116008577,-1
2026-06-25 06:00:00+00:00,0.1498,-0.00014578080950804117,0.09771456548440437,-0.19661983297274468,0.14977816362643645,-1,0.16517667135672967,1,0.12306113176316988,-1
2026-06-25 07:00:00+00:00,0.1499,0.0006325505368359412,0.09558215936580648,-0.19432228175432756,0.1499948493208035,1,0.1649348528091399,1,0.12342653531895666,-1
2026-06-25 08:00:00+00:00,0.1493,0.00027444557723016347,0.10069923296724807,-0.19395153265582477,0.14934098034786084,1,0.16511743326574316,1,0.12297808538404828,-1
2026-06-25 09:00:00+00:00,0.1492,-0.00014600356903524434,0.09796851905884808,-0.2028971078156508,0.14917821785767388,-1,0.1645568670515987,1,0.12180124537217311,-1
2026-06-25 10:00:00+00:00,0.1482,0.0003908205163222217,0.09776739945880121,-0.20548627155363114,0.14825793092007764,1,0.16342106850297497,1,0.12067203864309142,-1
2026-06-25 11:00:00+00:00,0.1476,0.00029749756715246684,0.09796851905884808,-0.21067747375782972,0.1476439171732139,1,0.16279218215024108,1,0.11956120768079918,-1
2026-06-25 12:00:00+00:00,0.1483,-0.0005029600668157526,0.09809139241370536,-0.2062490644497023,0.14822542977658548,-1,0.1635843307152659,1,0.12066138900749293,-1
2026-06-25 13:00:00+00:00,0.1389,0.000860961110708241,0.10247399353348265,-0.20995541163407017,0.13901963899314734,1,0.1538884890873924,1,0.11259517208806916,-1
2026-06-25 14:00:00+00:00,0.1428,0.0007317472667856968,0.10247399353348265,-0.21209384067886408,0.142904531750444,1,0.15820933219351788,1,0.1155093188309943,-1
2026-06-25 15:00:00+00:00,0.1432,0.00029749756715246684,0.10308964662622423,-0.20548627155363114,0.14324260798918853,1,0.15875020056169667,1,0.11660078227861465,-1
2026-06-25 16:00:00+00:00,0.1428,0.0009750502589171893,0.09558215936580648,-0.19395153265582477,0.14293930508066416,1,0.15712272835987443,1,0.11762404951669188,-1
2026-06-25 17:00:00+00:00,0.1446,-3.6526288798354604e-05,0.09776739945880121,-0.20179532823605215,0.14459471839509905,-1,0.15945132594824685,1,0.11817611141856679,-1
2026-06-25 18:00:00+00:00,0.1423,-4.490810149443893e-05,0.09776739945880121,-0.20270514185044788,0.14229360972064609,-1,0.15691510153828167,1,0.11619064846407741,-1
2026-06-25 19:00:00+00:00,0.1411,-1.3474298876051156e-05,0.09796851905884808,-0.20460884565142803,0.14109809878923738,-1,0.1556231497384757,1,0.11499170705609744,-1
2026-06-25 20:00:00+00:00,0.1415,-1.3474298876051156e-05,0.09558215936580648,-0.20548627155363114,0.1414980933995541,-1,0.15569233937620608,1,0.11521655511469255,-1
2026-06-25 21:00:00+00:00,0.1439,1.6495393616402083e-05,0.09558215936580648,-0.19395153265582477,0.14390237370671896,1,0.15833305749990148,1,0.11853011712501373,-1
2026-06-25 22:00:00+00:00,0.1434,-6.796009141674236e-05,0.09558215936580648,-0.19395153265582477,0.1433902548540351,-1,0.15778290789079827,1,0.11811826821214015,-1
2026-06-25 23:00:00+00:00,0.1438,0.00027444557723016347,0.09796851905884808,-0.19395153265582477,0.1438394706900361,1,0.15860105550951673,1,0.11844774734243901,-1
2026-06-26 00:00:00+00:00,0.1432,0.00020312846185481257,0.12519939173576217,-0.19922818815246968,0.14322909095023756,1,0.16229921637557973,1,0.11733276772280295,-1
2026-06-26 01:00:00+00:00,0.1422,2.3770423554631775e-05,0.12499827213571531,-0.1913843925722423,0.14220338019440362,1,0.1611334316091606,1,0.11743090579039321,-1
2026-06-26 02:00:00+00:00,0.1396,0.00026735897429574525,0.1276366249860844,-0.20291913147004867,0.13963732830261769,1,0.15860515555341143,1,0.11396165804214325,-1
2026-06-26 03:00:00+00:00,0.1427,0.00010598386045755469,0.12499827213571531,-0.1913843925722423,0.1427151246983601,1,0.1617000048567315,1,0.11784381333536646,-1
2026-06-26 04:00:00+00:00,0.1418,4.6822413476935206e-05,0.12281303204272057,-0.18642320731587353,0.14180663957367026,1,0.16032943162153795,1,0.11768298092969622,-1
2026-06-26 05:00:00+00:00,0.1429,6.598732372356117e-05,0.12499827213571531,-0.1930967011659108,0.1429094298996836,1,0.16192663415575986,1,0.11780708147151614,-1
2026-06-26 06:00:00+00:00,0.1452,0.00010710131676762643,0.12494543816131845,-0.20013800176686541,0.14521555194399663,1,0.16452417839872394,1,0.11886330086949012,-1
2026-06-26 07:00:00+00:00,0.1466,-0.0013877744463175485,0.12494543816131845,-0.1917551416707451,0.14639669337067165,-1,0.1661104996780505,1,0.12101961595424443,-1
2026-06-26 08:00:00+00:00,0.1449,-1.339666608133566e-05,0.12519939173576217,-0.1913843925722423,0.14489805883608742,-1,0.16422595288283173,1,0.11966060653324878,-1
2026-06-26 09:00:00+00:00,0.1438,-7.280752612675155e-05,0.12519939173576217,-0.19922818815246968,0.143789530658871,-1,0.1629792410251981,1,0.11782438546465829,-1
2026-06-26 10:00:00+00:00,0.1437,6.0065426780789774e-05,0.12519939173576217,-0.1913843925722423,0.14370863166105802,1,0.162865903583595,1,0.11866962842531296,-1
2026-06-26 11:00:00+00:00,0.1433,0.0004108091772577133,0.12494543816131845,-0.20032996773206832,0.14335888104871056,1,0.16237131380535222,1,0.11728541012964556,-1
2026-06-26 12:00:00+00:00,0.1427,9.655323840967812e-06,0.12499827213571531,-0.20291913147004867,0.14270137782136375,1,0.1617000048567315,1,0.11649232523362352,-1
2026-06-26 13:00:00+00:00,0.1458,-1.1404031015910522e-05,0.1276366249860844,-0.2073882715504877,0.14579833730175865,-1,0.16564922406652857,1,0.11849224886620627,-1
2026-06-26 14:00:00+00:00,0.1446,8.293187053525126e-05,0.12499827213571531,-0.20291913147004867,0.1446119924457505,1,0.16385298319750088,1,0.11804337931872433,-1
2026-06-26 15:00:00+00:00,0.1481,-0.001459141411682485,0.12519939173576217,-0.20291913147004867,0.14788405873966082,-1,0.1678527510141296,1,0.12090058421233107,-1
2026-06-26 16:00:00+00:00,0.148,0.0004722126723685543,0.1181418396249152,-0.1930967011659108,0.14806990397898392,1,0.16655975157967143,1,0.12201153294460733,-1
2026-06-26 17:00:00+00:00,0.1481,0.0006404924694794326,0.12499827213571531,-0.2073882715504877,0.14819488731879268,1,0.1678189959304971,1,0.12036146815559086,-1
2026-06-26 18:00:00+00:00,0.1469,9.655323840967812e-06,0.12499827213571531,-0.19922818815246968,0.14690141837391968,1,0.16645922013632697,1,0.12036441046424409,-1
2026-06-26 19:00:00+00:00,0.1477,0.0003877571873354099,0.12499827213571531,-0.2073882715504877,0.1477572828417685,1,0.16736573733244037,1,0.1200363865400457,-1
2026-06-26 20:00:00+00:00,0.1474,8.293187053525126e-05,0.12494543816131845,-0.20750381391859887,0.14741222466461704,1,0.1670169689805228,1,0.11977873501013823,-1
2026-06-26 21:00:00+00:00,0.1472,0.0002875839468879571,0.12281303204272057,-0.1913843925722423,0.14724233844461862,1,0.1664350658299745,1,0.12155998124012575,-1
2026-06-26 22:00:00+00:00,0.148,0.0002107433213437039,0.12281303204272057,-0.1930967011659108,0.14803119329833309,1,0.16733960423122435,1,0.12201153294460733,-1
2026-06-26 23:00:00+00:00,0.1484,0.0005714273073364091,0.12942592725560306,-0.20750381391859887,0.14848482404548854,1,0.16890514041040092,1,0.12059134515267649,-1
2026-06-27 00:00:00+00:00,0.1482,-0.0002632624442788658,0.03562399203989144,-0.2714285971612013,0.1481609896409644,-1,0.15357464030502477,1,0.11297133519602154,-1
2026-06-27 01:00:00+00:00,0.1482,-0.00042087570152445737,0.03557115806549461,-0.23797998509662402,0.14813763934499682,-1,0.15356652656075345,1,0.11681397681715827,-1
2026-06-27 02:00:00+00:00,0.149,5.088427703754695e-05,0.032482386184711255,-0.23506802141403782,0.149007581950178,1,0.15391933894776968,1,0.1177870442808729,-1
2026-06-27 03:00:00+00:00,0.1483,-0.0002497388879368211,0.03717214754970912,-0.27175206603223445,0.14826296834723332,-1,0.15391636903558037,1,0.11301100271274975,-1
2026-06-27 04:00:00+00:00,0.1483,-2.1486807105672837e-05,0.03582511163993832,-0.2714285971612013,0.14829681354073976,-1,0.15370917773777623,1,0.11304756416713894,-1
2026-06-27 05:00:00+00:00,0.1479,-0.0006190690825116368,0.03343875194689672,-0.23506802141403782,0.14780846801792988,-1,0.15292920802401314,1,0.1169174754975913,-1
2026-06-27 06:00:00+00:00,0.1479,-0.00027316630361865055,0.03562399203989144,-0.260678515196094,0.14785960422132877,-1,0.15326376046635062,1,0.1139611789098708,-1
2026-06-27 07:00:00+00:00,0.1476,0.0002195803525098095,0.032482386184711255,-0.2738152953147569,0.1476324136185971,1,0.15247311697107926,1,0.11224574470889256,-1
2026-06-27 08:00:00+00:00,0.1473,-0.00012051231995929138,0.03562399203989144,-0.2730932331909972,0.1472822496048621,-1,0.15264200078900234,1,0.11209851582818602,-1
2026-06-27 09:00:00+00:00,0.1472,-0.00012609281399480888,0.03582511163993832,-0.23506802141403782,0.14718144030792646,-1,0.1525690557181434,1,0.1163641135445939,-1
2026-06-27 10:00:00+00:00,0.1475,2.727613581604734e-05,0.027877253267112913,-0.272191390057273,0.14750402328490245,1,0.15166974534380878,1,0.11235199839747621,-1
2026-06-27 11:00:00+00:00,0.1472,-0.00031368982775773077,0.031381984090199114,-0.2714285971612013,0.1471538320989331,-1,0.15189267567756332,1,0.1122090454848473,-1
2026-06-27 12:00:00+00:00,0.1474,-0.0007346939746104701,0.03855582554833831,-0.27320877555910855,0.14729174587983673,-1,0.1531941092664092,1,0.11216165783910068,-1
2026-06-27 13:00:00+00:00,0.1481,-0.0012931818901574545,0.03557115806549461,-0.26897093632905134,0.14790860354395607,-1,0.15346290542272326,1,0.11317290533378126,-1
2026-06-27 14:00:00+00:00,0.1485,-0.0008171568245781896,0.027877253267112913,-0.2752316622357912,0.14837870177813473,-1,0.15269801480376682,1,0.11277033264523781,-1
2026-06-27 15:00:00+00:00,0.1489,-0.00047288378488475463,0.02517713759496067,-0.2858377099292907,0.14882960425024677,-1,0.15269646733557765,1,0.11188115924244879,-1
2026-06-27 16:00:00+00:00,0.1484,-0.00017233210252282042,0.03562399203989144,-0.2858377099292907,0.14837442811947688,-1,0.15378189353080754,1,0.11150546696829686,-1
2026-06-27 17:00:00+00:00,0.1467,6.419132462948815e-05,0.03582511163993832,-0.27320877555910855,0.1467094171695702,1,0.15205081843649207,1,0.11162900410445094,-1
2026-06-27 18:00:00+00:00,0.1469,-0.0001370165624866324,0.025006963338340203,-0.2738152953147569,0.14687987364582414,-1,0.15061984001829376,1,0.11171341394130296,-1
2026-06-27 19:00:00+00:00,0.1453,-4.024667410245212e-05,0.031381984090199114,-0.2738152953147569,0.14529415227592943,-1,0.14993210445618174,1,0.11049665790109817,-1
2026-06-27 20:00:00+00:00,0.1456,-0.00012051231995929138,0.026528848826790512,-0.28595172664023877,0.14558245446346182,-1,0.1495142916509871,1,0.10938911733462804,-1
2026-06-27 21:00:00+00:00,0.1449,-6.650612223334313e-05,0.031381984090199114,-0.2858377099292907,0.1448903635833323,-1,0.14951935262010138,1,0.10887562104923325,-1
2026-06-27 22:00:00+00:00,0.1456,-6.329866402475555e-05,0.03562399203989144,-0.23506802141403782,0.14559078400620112,-1,0.1508803483698489,1,0.11509928622345701,-1
2026-06-27 23:00:00+00:00,0.1453,-6.329866402475555e-05,0.032482386184711255,-0.2714285971612013,0.14529080299519934,-1,0.15009718086651638,1,0.11076069503361627,-1
2026-06-28 00:00:00+00:00,0.1456,-0.00012581109831247698,0.13604869621100396,-0.18949598040514698,0.14558168305634728,-1,0.1668194069826659,1,0.12046595180361627,-1
2026-06-28 01:00:00+00:00,0.1455,7.415268194163332e-05,0.13022954317792818,-0.17508686763705827,0.145510789615257,1,0.16573756933607192,1,0.12213038688298766,-1
2026-06-28 02:00:00+00:00,0.1449,7.415268194163332e-05,0.13604869621100396,-0.17747356579061324,0.14491074512199822,1,0.16601739060294154,1,0.12133681620416387,-1
2026-06-28 03:00:00+00:00,0.1454,7.415268194163332e-05,0.12874344762125334,-0.18949598040514698,0.1454107821997139,1,0.16537771056568668,1,0.12030047659509482,-1
2026-06-28 04:00:00+00:00,0.1451,0.0002763267372053755,0.13604869621100396,-0.1788899327116476,0.1451401005497404,1,0.16624653814000565,1,0.12133231998702843,-1
2026-06-28 05:00:00+00:00,0.1445,-0.00012581109831247698,0.13022954317792818,-0.17747356579061324,0.14448182143985014,-1,0.1645984795124563,1,0.12100186295032213,-1
2026-06-28 06:00:00+00:00,0.1443,1.6939026007097485e-05,0.12874344762125334,-0.17630599265232824,0.144302444322155,1,0.16412657245274132,1,0.12097555170146869,-1
2026-06-28 07:00:00+00:00,0.1452,-0.00012581109831247698,0.13009515885308315,-0.18949598040514698,0.14518173337762103,-1,0.16537361727376262,1,0.12013500138657336,-1
2026-06-28 08:00:00+00:00,0.1458,-0.000989053402731393,0.12857327336463287,-0.18949598040514698,0.14565586730309846,-1,0.16580445182922582,1,0.12063142701213773,-1
2026-06-28 09:00:00+00:00,0.1448,-0.00013234833922217936,0.13009515885308315,-0.18949598040514698,0.1447808372285891,-1,0.16491804257052914,1,0.11980405096953048,-1
2026-06-28 10:00:00+00:00,0.145,6.242445096966661e-05,0.1300284235778813,-0.17262920680490818,0.14500905182791535,1,0.16513480923747587,1,0.12201018631288019,-1
2026-06-28 11:00:00+00:00,0.1454,-8.023136291556507e-05,0.12874344762125334,-0.18949598040514698,0.14538833482779467,-1,0.16537771056568668,1,0.12030047659509482,-1
2026-06-28 12:00:00+00:00,0.1449,0.0001417075661027662,0.12874344762125334,-0.19015636297788582,0.14492053488126794,1,0.16480901142343876,1,0.1198076435637844,-1
2026-06-28 13:00:00+00:00,0.1444,-6.650612223334313e-05,0.1314435632934055,-0.18949598040514698,0.14439039683528768,-1,0.1646843793688381,1,0.11947310055248757,-1
2026-06-28 14:00:00+00:00,0.1446,0.00011997738097724589,0.12874344762125334,-0.17747356579061324,0.1446173497700585,1,0.16446779193809005,1,0.12108560126378258,-1
2026-06-28 15:00:00+00:00,0.1445,-2.5061548830354162e-05,0.1314435632934055,-0.19223877000317682,0.1444963786515725,-1,0.16479842672297162,1,0.11922837093959841,-1
2026-06-28 16:00:00+00:00,0.1437,-0.0004494223756391104,0.1314435632934055,-0.1788899327116476,0.14363543251474373,-1,0.16388604788990327,1,0.12016164288170905,-1
2026-06-28 17:00:00+00:00,0.1435,-0.00018583662498930162,0.12857327336463287,-0.18949598040514698,0.14347333492206482,-1,0.16318888091559602,1,0.11872846211414102,-1
2026-06-28 18:00:00+00:00,0.1433,0.000287250485697199,0.12857327336463287,-0.1788899327116476,0.14334116890721163,1,0.16296143996658477,1,0.11982716370876068,-1
2026-06-28 19:00:00+00:00,0.1429,-6.650612223334313e-05,0.14099638431860906,-0.19223877000317682,0.1428904965911538,-1,0.1645379872790057,1,0.11790819520601117,-1
2026-06-28 20:00:00+00:00,0.1433,-0.0002575420017523684,0.13009515885308315,-0.19015636297788582,0.14326309898313375,-1,0.16320963743340347,1,0.11848471582256939,-1
2026-06-28 21:00:00+00:00,0.1421,0.0003207795279394518,0.13659878677134085,-0.19223877000317682,0.14214559008271185,1,0.16289890959444542,1,0.11724810733921755,-1
2026-06-28 22:00:00+00:00,0.142,0.000519513466086704,0.1314435632934055,-0.18949598040514698,0.14207379007799428,1,0.16194724286963302,1,0.11748739805023015,-1
2026-06-28 23:00:00+00:00,0.1438,0.000519513466086704,0.1314435632934055,-0.19015636297788582,0.14387472544518015,1,0.16400009524403683,1,0.11889813074169908,-1
2026-06-29 00:00:00+00:00,0.1441,-2.189731217337136e-05,0.08183334353807124,-0.27109804161621964,0.144096844631863,-1,0.1563881169342702,1,0.10988226356913561,-1
2026-06-29 01:00:00+00:00,0.1437,-0.000623529366792407,0.062129184748064954,-0.2714495017719645,0.14361042675866725,-1,0.15291114144881374,1,0.10953874160704617,-1
2026-06-29 02:00:00+00:00,0.1443,0.0012654893236508154,0.08536138345721973,-0.27226910108198676,0.14448272570373072,1,0.15715865700231116,1,0.10990599007461797,-1
2026-06-29 03:00:00+00:00,0.1452,0.001250529452698958,0.05527405337102197,-0.26980717258842085,0.14538169045748842,1,0.15345174545702397,1,0.11086407814997348,-1
2026-06-29 04:00:00+00:00,0.144,-0.0005630484067973346,0.08536138345721973,-0.2691436035758142,0.14391894385083037,-1,0.15683192382767014,1,0.11002082829450516,-1
2026-06-29 05:00:00+00:00,0.145,-0.0004443384441892645,0.08536138345721973,-0.2691436035758142,0.14493558523763,-1,0.15792103440980673,1,0.11078486182432812,-1
2026-06-29 06:00:00+00:00,0.1452,0.0004927018719299059,0.06792419222682751,-0.2691436035758142,0.1452715579387218,1,0.15540526141775646,1,0.11093766853029272,-1
2026-06-29 07:00:00+00:00,0.1451,-0.0005179091919062326,0.07663298200259609,-0.2691436035758142,0.14502487083297683,-1,0.15665659894105685,1,0.11086126517731043,-1
2026-06-29 08:00:00+00:00,0.1441,6.535506680932958e-05,0.062129184748064954,-0.2714495017719645,0.14410941797288,1,0.15333678136933934,1,0.10984365111743462,-1
2026-06-29 09:00:00+00:00,0.1451,0.0006787110950425494,0.062162173634154404,-0.26980717258842085,0.14519851440751966,1,0.15440597476774992,1,0.1107877254790713,-1
2026-06-29 10:00:00+00:00,0.1454,0.0002683963912499162,0.062129184748064954,-0.2691436035758142,0.14543903007281878,1,0.15472011111104747,1,0.11109047523625731,-1
2026-06-29 11:00:00+00:00,0.1449,0.0007373202768605964,0.062162173634154404,-0.2691436035758142,0.1450068771046034,1,0.1541931477866779,1,0.11070845847134583,-1
2026-06-29 12:00:00+00:00,0.145,2.747476420240022e-05,0.08183334353807124,-0.27109804161621964,0.14500398389553737,1,0.1573648643682802,1,0.11056855112786025,-1
2026-06-29 13:00:00+00:00,0.1448,0.0006921039535439704,0.05527405337102197,-0.26980717258842085,0.14490025134064602,1,0.15302901337587516,1,0.11055866746636475,-1
2026-06-29 14:00:00+00:00,0.145,0.00045217995838875153,0.07663298200259609,-0.2709209806986011,0.14506558092003777,1,0.15654863436563227,1,0.11058813023027846,-1
2026-06-29 15:00:00+00:00,0.1455,0.0006666438716643982,0.05613260926038972,-0.2791933814665842,0.14559702902163504,1,0.153900870311132,1,0.1100552712100698,-1
2026-06-29 16:00:00+00:00,0.1454,-0.00038326209606686214,0.06792419222682751,-0.26980717258842085,0.1453442843687587,-1,0.15561931825166522,1,0.11101678349177785,-1
2026-06-29 17:00:00+00:00,0.1478,0.0006110743950683625,0.07663298200259609,-0.26980717258842085,0.14789034439635346,1,0.15957164247752034,1,0.11284924759343029,-1
2026-06-29 18:00:00+00:00,0.1473,0.0008057887903122779,0.062129184748064954,-0.27109804161621964,0.14741874052227907,1,0.15674190073354394,1,0.11232239711126768,-1
2026-06-29 19:00:00+00:00,0.1477,0.00024512056610313316,0.055103879114401504,-0.2806097483876185,0.14773620874518617,1,0.15606726007431246,1,0.11156121359983708,-1
2026-06-29 20:00:00+00:00,0.1469,6.535506680932958e-05,0.08536138345721973,-0.2714495017719645,0.146909600973047,1,0.1599903445158663,1,0.11197801769015368,-1
2026-06-29 21:00:00+00:00,0.1473,-0.0006271307024896678,0.062129184748064954,-0.2714495017719645,0.14720765260749247,-1,0.15674190073354394,1,0.1122829272005421,-1
2026-06-29 22:00:00+00:00,0.1463,-5.9548047535793505e-05,0.062162173634154404,-0.27226910108198676,0.14629128838002808,-1,0.15568293665418204,1,0.11142928862035073,-1
2026-06-29 23:00:00+00:00,0.1458,0.00065506585023416,0.062162173634154404,-0.2714495017719645,0.14589553989000736,1,0.155150869201502,1,0.11113951653658549,-1
2026-06-30 00:00:00+00:00,0.1444,0.00012185672663826988,0.1221767288843392,-0.2385212640579715,0.14441759718347238,1,0.16316532577513587,1,0.113757155619861,-1
2026-06-30 01:00:00+00:00,0.1444,0.00045859341526883324,0.1138183333054526,-0.2390689955007423,0.14446623607571807,1,0.1618072091822194,1,0.1136948643098997,-1
2026-06-30 02:00:00+00:00,0.1446,7.127325071738996e-05,0.1138183333054526,-0.2390689955007423,0.14461030647933754,1,0.16203131889022804,1,0.11385233642113225,-1
2026-06-30 03:00:00+00:00,0.1443,0.0008032555484832852,0.1221767288843392,-0.2390689955007423,0.1444159563406984,1,0.16305233039717526,1,0.11361612825428342,-1
2026-06-30 04:00:00+00:00,0.1447,-0.00036767994771625805,0.12156978405505169,-0.2385212640579715,0.14464680649125797,-1,0.16340510392227114,1,0.11399349320078868,-1
2026-06-30 05:00:00+00:00,0.1449,0.00020631221167141428,0.12391851036200169,-0.2385212640579715,0.14492989772349785,1,0.16401573358043195,1,0.11415105158807382,-1
2026-06-30 06:00:00+00:00,0.1456,-0.00011430696618796083,0.12338944236082904,-0.23370591748519423,0.1455833578568976,-1,0.16472090849983262,1,0.11525617023533764,-1
2026-06-30 07:00:00+00:00,0.145,0.0007923317999914616,0.1138183333054526,-0.2390689955007423,0.14511493363777395,1,0.16247953830624526,1,0.11416728064359732,-1
2026-06-30 08:00:00+00:00,0.1446,-0.00016167214248140018,0.11229644781700233,-0.2390689955007423,0.1445766240978642,-1,0.16178491332542028,1,0.11385233642113225,-1
2026-06-30 09:00:00+00:00,0.1448,0.00020631221167141428,0.1173244864449938,-0.2385212640579715,0.14482987709014833,1,0.16282531945712522,1,0.11407227239443125,-1
2026-06-30 10:00:00+00:00,0.1448,0.00020631221167141428,0.11229644781700233,-0.2393408633679938,0.14482987709014833,1,0.16200868222351905,1,0.11397881714184586,-1
2026-06-30 11:00:00+00:00,0.144,0.00020631221167141428,0.1138183333054526,-0.24233573230150515,0.1440297120233519,1,0.1613589897662022,1,0.11301014204263357,-1
2026-06-30 12:00:00+00:00,0.1421,0.000707876314958317,0.1173244864449938,-0.23370591748519423,0.1422006248351225,1,0.15978921198106005,1,0.1124855892200651,-1
2026-06-30 13:00:00+00:00,0.1441,0.00020631221167141428,0.1173244864449938,-0.23865780432866754,0.14412973265670145,1,0.16203818048184906,1,0.1135053189338587,-1
2026-06-30 14:00:00+00:00,0.1438,0.00012185672663826988,0.1138183333054526,-0.2385212640579715,0.14381752406498152,1,0.1611348800581936,1,0.11328448045800563,-1
2026-06-30 15:00:00+00:00,0.1444,0.00035742325086005674,0.11229644781700233,-0.2416753497287667,0.1444516211421729,1,0.16156114442732147,1,0.11339892105361013,-1
2026-06-30 16:00:00+00:00,0.1455,-0.0002130951650162162,0.12040019106670828,-0.23145601607309865,0.1454689979568002,-1,0.16411645670456265,1,0.11543643943195908,-1
2026-06-30 17:00:00+00:00,0.1446,0.00044402546590147215,0.1173244864449938,-0.2390689955007423,0.1446642203390472,1,0.16260042260704632,1,0.11385233642113225,-1
2026-06-30 18:00:00+00:00,0.1455,0.00020631221167141428,0.12391851036200169,-0.2393408633679938,0.14553002152359515,1,0.16469488775674843,1,0.11452981971090173,-1
2026-06-30 19:00:00+00:00,0.1449,0.00012185672663826988,0.11229644781700233,-0.2390689955007423,0.14491765811554813,1,0.16212056667256844,1,0.11408854458798107,-1
2026-06-30 20:00:00+00:00,0.1439,0.0005430489003019776,0.12338944236082904,-0.23503303424475358,0.1439781659588015,1,0.16279765613410652,1,0.11375938724406252,-1
2026-06-30 21:00:00+00:00,0.1442,0.00012185672663826988,0.1173244864449938,-0.23889193458312374,0.1442175728106421,1,0.1621506289068885,1,0.1135574970133498,-1
2026-06-30 22:00:00+00:00,0.1442,0.0002325109592034882,0.1138183333054526,-0.2393408633679938,0.1442335319784423,1,0.16158309947421082,1,0.11350652922551224,-1
2026-06-30 23:00:00+00:00,0.1444,0.0002434347076953117,0.12032196122371026,-0.24233573230150515,0.14443515625074338,1,0.16286297248977874,1,0.11332405910386312,-1
2026-07-01 00:00:00+00:00,0.1445,-0.0009817457483420598,0.057162839680333706,-0.16924930807117847,0.14435820735291738,-1,0.1530006771550774,1,0.12200111688437469,-1
2026-07-01 01:00:00+00:00,0.145,0.0005731300409573155,0.06001428983343069,-0.17150315117946102,0.14508312767514728,1,0.15396849941756735,1,0.12214765395311869,-1
2026-07-01 02:00:00+00:00,0.1465,0.00026215817492879743,0.07084043248978034,-0.39204500028371964,0.14653841120731306,1,0.15725455486982534,1,0.09898619818800264,-1
2026-07-01 03:00:00+00:00,0.1495,0.00017770268989565296,0.06023979976761523,-0.2443765455108809,0.1495265689127531,1,0.15878263518260163,1,0.11708730432173167,-1
2026-07-01 04:00:00+00:00,0.151,0.0006050494950162293,0.06023979976761523,-0.23207219306992286,0.15109139011873202,1,0.1603757719904538,1,0.1197262209038675,-1
2026-07-01 05:00:00+00:00,0.1515,0.00047255919425355947,0.061465778183160194,-0.23207219306992286,0.15157160963649285,1,0.1611042068511159,1,0.12012266534394653,-1
2026-07-01 06:00:00+00:00,0.1504,0.00014626888727726519,0.07179334357257508,-0.24462789963810275,0.15042200044959794,1,0.1615947656993858,1,0.11776257389632763,-1
2026-07-01 07:00:00+00:00,0.1501,0.00013725506058367428,0.061465778183160194,-0.23874766980679002,0.15012060339852162,1,0.15961545510463696,1,0.1182208007583635,-1
2026-07-01 08:00:00+00:00,0.1507,0.0008143523599107316,0.07024423601717261,-0.2443765455108809,0.15082277288404755,1,0.16166646286660202,1,0.11802713552698972,-1
2026-07-01 09:00:00+00:00,0.1504,0.00022171054561681878,0.057162839680333706,-0.2262681941305741,0.15043334896283253,1,0.15924776362715323,1,0.11994462973074992,-1
2026-07-01 10:00:00+00:00,0.1509,0.0007181041628603009,0.06603480724637784,-0.2443765455108809,0.15100840083506278,1,0.16120102248640447,1,0.1181837740611994,-1
2026-07-01 11:00:00+00:00,0.1508,-0.0006828573499539333,0.07179334357257508,-0.23899902393401187,0.15069706026220522,-1,0.16202453901241606,1,0.11874228016204579,-1
2026-07-01 12:00:00+00:00,0.1516,-0.0013100845552500614,0.07084043248978034,-0.24347735391236527,0.1514015212218028,-1,0.16272894551717082,1,0.11883881977034678,-1
2026-07-01 13:00:00+00:00,0.1539,0.0007823613903293498,0.056838650637507,-0.19498565010927177,0.15402045253053234,1,0.1629008431521122,1,0.12663607107556507,-1
2026-07-01 14:00:00+00:00,0.1557,0.000659889889088812,0.07084043248978034,-0.24462789963810275,0.15580277876333487,1,0.1671299262336642,1,0.12191245183283385,-1
2026-07-01 15:00:00+00:00,0.1553,0.00075897856413317,0.07179334357257508,-0.24462789963810275,0.15541791411249142,1,0.16685948878400675,1,0.12159925349800318,-1
2026-07-01 16:00:00+00:00,0.1551,0.0007063289274218111,0.07179334357257508,-0.24462789963810275,0.1552095903154919,1,0.1666446021274916,1,0.12144265433058786,-1
2026-07-01 17:00:00+00:00,0.1549,-0.00038185966207279564,0.0544074836634073,-0.23083243012510052,0.15484086123041885,-1,0.1635611998134665,1,0.12297084777204301,-1
2026-07-01 18:00:00+00:00,0.1541,0.0004886745559241711,0.07179334357257508,-0.24462789963810275,0.15417532315182284,1,0.1655701688449159,1,0.12065965849351121,-1
2026-07-01 19:00:00+00:00,0.1534,0.000998959587542688,0.07179334357257508,-0.24037328239670178,0.15355331696670613,1,0.16481806554711292,1,0.12062367878681052,-1
2026-07-01 20:00:00+00:00,0.1541,0.0006448334130171243,0.07179334357257508,-0.23899902393401187,0.15419940087400402,1,0.1655701688449159,1,0.1213407518101542,-1
2026-07-01 21:00:00+00:00,0.1574,0.0007401444901604204,0.07084043248978034,-0.24347735391236527,0.15751654186634112,1,0.1689547231161127,1,0.123385423692959,-1
2026-07-01 22:00:00+00:00,0.1559,0.0008496678999469197,0.07179334357257508,-0.24462789963810275,0.15603251951641878,1,0.16750414875355218,1,0.12206905100024919,-1
2026-07-01 23:00:00+00:00,0.1539,0.00014626888727726519,0.07179334357257508,-0.30762615420851963,0.15392251242814575,1,0.1653552821884008,1,0.1131457586015941,-1
2026-07-02 00:00:00+00:00,0.153,0.000640601241713567,0.04703286391386298,-0.35729871503460636,0.153098043389988,1,0.16036793762067494,1,0.10703321494709017,-1
2026-07-02 01:00:00+00:00,0.1547,0.0008437355844260909,0.02980050505036999,-0.3395244851023797,0.15483058097507177,1,0.15937951782200646,1,0.11016324074074346,-1
2026-07-02 02:00:00+00:00,0.1547,-0.0005215279803241385,0.047025247501247855,-0.41291423373658226,0.15461934065632438,-1,0.16214856859913152,1,0.10236793449221242,-1
2026-07-02 03:00:00+00:00,0.1563,0.0006718493543578984,0.04703286391386298,-0.265934143029204,0.15640504533745592,1,0.16382685392229734,1,0.11980232518684635,-1
2026-07-02 04:00:00+00:00,0.156,-0.0013798067707053872,0.04703286391386298,-0.3341660921514822,0.15578489857709685,-1,0.16351240698578623,1,0.11168583834566188,-1
2026-07-02 05:00:00+00:00,0.1544,0.000349572338541523,0.02980050505036999,-0.35351376757778297,0.15445398340407349,1,0.15907044312681187,1,0.10842220053424272,-1
2026-07-02 06:00:00+00:00,0.1547,-0.0005582643333623845,0.04606156794999698,-0.34064845973956576,0.15461366060997223,-1,0.1619923846070547,1,0.11003948961179387,-1
2026-07-02 07:00:00+00:00,0.1551,-0.0012880617582584444,0.04703286391386298,-0.33441744627870407,0.1549003502295146,-1,0.16256906617625283,1,0.11101358973948008,-1
2026-07-02 08:00:00+00:00,0.1566,-0.0013798067707053872,0.04703286391386298,-0.2493128304560091,0.1563840712639318,-1,0.16414130085880846,1,0.12204403876732911,-1
2026-07-02 09:00:00+00:00,0.1578,0.0006497607723423774,0.04703286391386298,-0.2647835973034664,0.1579025655678084,1,0.165399088604853,1,0.1210913005550009,-1
2026-07-02 10:00:00+00:00,0.1591,-0.0006728734482638126,0.04703286391386298,-0.2704124730075573,0.15899298184325708,-1,0.1667616919964012,1,0.12140359151561433,-1
2026-07-02 11:00:00+00:00,0.1597,-0.0005870235260154237,0.04703286391386298,-0.27156301873329486,0.15960627985355208,-1,0.16739058586942349,1,0.12172130380576034,-1
2026-07-02 12:00:00+00:00,0.1603,-0.0006584853616868392,0.04703286391386298,-0.2585895185178673,0.16019447954217286,-1,0.16801947974244572,1,0.12377402711377623,-1
2026-07-02 13:00:00+00:00,0.1618,-0.001063198127520161,0.049536085080970974,-0.26193804548989924,0.16162806595913842,-1,0.17001677177864372,1,0.12451459763782173,-1
2026-07-02 14:00:00+00:00,0.16,-0.00030863423640726986,0.030745372412288537,-0.25141515520836094,0.15995062614179828,-1,0.16499566282501754,1,0.12443191016919684,-1
2026-07-02 15:00:00+00:00,0.1608,-0.0013798067707053872,0.04703286391386298,-0.271311664606073,0.16057828007177674,-1,0.16854355796996426,1,0.12259051954143033,-1
2026-07-02 16:00:00+00:00,0.1599,0.0002918714478047033,0.04703286391386298,-0.2704124730075573,0.15994667705602256,1,0.16760021716043086,1,0.12201404326427864,-1
2026-07-02 17:00:00+00:00,0.159,-0.00020738597177417836,0.04703286391386298,-0.25384261676584197,0.1589670290494624,-1,0.16665687635089751,1,0.12335440891357988,-1
2026-07-02 18:00:00+00:00,0.1597,-0.0009471810302996503,0.023878847805675694,-0.27513037957363345,0.15954880680442815,-1,0.1635593469929432,1,0.12128785358946877,-1
2026-07-02 19:00:00+00:00,0.1597,0.0005126317214684545,0.04703286391386298,-0.3341660921514822,0.1597818882733885,1,0.16739058586942349,1,0.1143347973320654,-1
2026-07-02 20:00:00+00:00,0.1612,0.0006276438610061956,0.04703286391386298,-0.271311664606073,0.1613012079483455,1,0.16896282055197911,1,0.12289547108257817,-1
2026-07-02 21:00:00+00:00,0.1611,-0.001063198127520161,0.04703286391386298,-0.2704124730075573,0.1609288098023313,-1,0.16885800490647537,1,0.1229297208872751,-1
2026-07-02 22:00:00+00:00,0.1615,-0.0003709651046180609,0.04606156794999698,-0.26193804548989924,0.16144010024665023,-1,0.16911292898538677,1,0.12428373002786286,-1
2026-07-02 23:00:00+00:00,0.1615,6.430574606486114e-05,0.04703286391386298,-0.290866824576238,0.1615103857119164,1,0.16927726748849023,1,0.12073986051135521,-1
2026-07-03 00:00:00+00:00,0.1615,-0.002848971837176527,0.12831729163895814,-0.19397564453379668,0.16104054584503863,-1,0.1836115591066197,1,0.13302399136124715,-1
2026-07-03 01:00:00+00:00,0.1658,0.00010647312794852662,0.12831729163895814,-0.1982739720854284,0.1658176541844453,1,0.18850028792493836,1,0.13598006180529726,-1
2026-07-03 02:00:00+00:00,0.1681,-0.0006480952148714556,0.12810257467962094,-0.1982739720854284,0.1679910904900583,-1,0.1910741581187635,1,0.13786639559391115,-1
2026-07-03 03:00:00+00:00,0.1668,-0.0005909514637754957,0.12831729163895814,-0.19943423700450674,0.16670145841535683,-1,0.18963720160361713,1,0.13664157449537814,-1
2026-07-03 04:00:00+00:00,0.1641,-0.0017997373468515972,0.12831729163895814,-0.19943423700450674,0.16380492870644114,-1,0.18656753467118445,1,0.13442975044779107,-1
2026-07-03 05:00:00+00:00,0.1639,-0.0015230338270311309,0.12831729163895814,-0.16519122626054578,0.16365056475312542,-1,0.1863401519354487,1,0.13894320596973997,-1
2026-07-03 06:00:00+00:00,0.1649,-0.003507962565762652,0.1265755101612957,-0.16583075433093816,0.16432255040085933,-1,0.18715080575292983,1,0.13970156590212238,-1
2026-07-03 07:00:00+00:00,0.1651,-0.0019327380771329591,0.12831729163895814,-0.19943423700450674,0.1647812131084823,-1,0.18770444834986322,1,0.13524894453949,-1
2026-07-03 08:00:00+00:00,0.1667,7.110182330367481e-05,0.12831729163895814,-0.19968559113172862,0.16671185309532804,1,0.18952351023574923,1,0.13652533456677313,-1
2026-07-03 09:00:00+00:00,0.1668,-0.0017997373468515972,0.1265755101612957,-0.18073424772808874,0.1665000737857062,-1,0.18930718253237538,1,0.1392208111615726,-1
2026-07-03 10:00:00+00:00,0.1682,-0.0017806387153923983,0.12831729163895814,-0.1982739720854284,0.16790076306357327,-1,0.19122888075376737,1,0.13794841010645956,-1
2026-07-03 11:00:00+00:00,0.1696,-0.0005964824851081192,0.12583882552854928,-0.1982739720854284,0.1694988667356346,-1,0.1923432524203503,1,0.1390966132821376,-1
2026-07-03 12:00:00+00:00,0.1692,-0.0018987855203656846,0.12831729163895814,-0.19968559113172862,0.16887903031268647,-1,0.19236579443244614,1,0.13857280509116984,-1
2026-07-03 13:00:00+00:00,0.1709,-0.0036898512436577195,0.12984095465154033,-0.19943423700450674,0.1702705663947892,-1,0.19459481884809612,1,0.14000027027134365,-1
2026-07-03 14:00:00+00:00,0.171,-0.0008611444405212666,0.12810257467962094,-0.17076528282097672,0.17085280768668815,-1,0.1943704999304495,1,0.14415632105803367,-1
2026-07-03 15:00:00+00:00,0.1735,-0.00016295674422281612,0.05383951824106709,-0.1982739720854284,0.1734717293083898,-1,0.18309719235651647,1,0.14229517927152635,-1
2026-07-03 16:00:00+00:00,0.1743,-0.0018419542470205265,0.04335887491670224,-0.19943423700450674,0.1739792428754069,-1,0.18202368708788028,1,0.14278553018311996,-1
2026-07-03 17:00:00+00:00,0.1757,-0.0016497635197461151,0.04335887491670224,-0.17993035970246116,0.17541037552122007,-1,0.18348572473517247,1,0.14676719670032226,-1
2026-07-03 18:00:00+00:00,0.1788,-0.0016497635197461151,0.1081366073101219,-0.1699945837050905,0.17850526547065537,-1,0.19921894978117205,1,0.15084808624294235,-1
2026-07-03 19:00:00+00:00,0.1811,-0.0018506735366797225,0.0475966419188624,-0.17993035970246116,0.18076515296435186,-1,0.18992818116003432,1,0.1512779699625974,-1
2026-07-03 20:00:00+00:00,0.1829,-0.000858637024463652,0.07415447117254867,-0.19968559113172862,0.18274302269113468,-1,0.1969783898581433,1,0.14979294356486386,-1
2026-07-03 21:00:00+00:00,0.1792,0.0005042132154835199,0.03567329294227115,-0.19968559113172862,0.17929037779113824,1,0.18570804564989685,1,0.1467626871887567,-1
2026-07-03 22:00:00+00:00,0.1808,0.0005042132154835199,0.09027821118669296,-0.19968559113172862,0.18089118473570195,1,0.1978817557545367,1,0.14807306832437062,-1
2026-07-03 23:00:00+00:00,0.1798,2.6032993314507603e-05,0.03567329294227115,-0.19943423700450674,0.1798046807931252,1,0.1863298359813139,1,0.14729109768746396,-1
2026-07-04 00:00:00+00:00,0.1793,-0.00010632931360375003,0.07441439568420147,-0.19852168629198083,0.1792809361676109,-1,0.193151484785103,1,0.1470155986359862,-1
2026-07-04 01:00:00+00:00,0.178,-0.0006197758695752588,0.07441439568420147,-0.19852168629198083,0.17788971407502338,-1,0.19175105572642687,1,0.14594967405022613,-1
2026-07-04 02:00:00+00:00,0.1773,-0.0005473137760222762,0.07615617716186393,-0.198270332164759,0.17720298781798477,-1,0.19132994343235918,1,0.14541226003649435,-1
2026-07-04 03:00:00+00:00,0.177,-7.953639683108949e-05,0.07441439568420147,-0.19852168629198083,0.17698592261760043,-1,0.19067380260436828,1,0.1451297320611799,-1
2026-07-04 04:00:00+00:00,0.1794,-6.540546565449276e-05,0.06605600010531486,-0.198270332164759,0.1793882666431786,-1,0.19165060521315114,1,0.1471345710690755,-1
2026-07-04 05:00:00+00:00,0.1775,-9.78687779604582e-05,0.07615617716186393,-0.19852168629198083,0.1774826291419582,-1,0.19154576965168502,1,0.14553970305570302,-1
2026-07-04 06:00:00+00:00,0.1768,0.0005064831914889577,0.07615617716186393,-0.198270332164759,0.17688956890891397,1,0.19079037788404457,1,0.1450021859811179,-1
2026-07-04 07:00:00+00:00,0.1759,0.0001773954479967258,0.07615617716186393,-0.19542752462949403,0.17593120662717757,1,0.1898191598970783,1,0.14467475110917333,-1
2026-07-04 08:00:00+00:00,0.1762,-0.0001197604781531881,0.07615617716186393,-0.19852168629198083,0.17617889946727958,-1,0.19014289922606703,1,0.14447377846994294,-1
2026-07-04 09:00:00+00:00,0.1756,-7.953639683108949e-05,0.07255962802357253,-0.19852168629198083,0.17558603396412792,-1,0.1888151150859049,1,0.1439818132765152,-1
2026-07-04 10:00:00+00:00,0.1759,9.720467186393675e-05,0.07615617716186393,-0.19852168629198083,0.1759170991328252,1,0.1898191598970783,1,0.14422779587322906,-1
2026-07-04 11:00:00+00:00,0.1765,-1.5473719454562043e-05,0.07615617716186393,-0.19542752462949403,0.17649726890964637,-1,0.1904666385550558,1,0.14516824087986976,-1
2026-07-04 12:00:00+00:00,0.1779,-0.0004362715612772505,0.07441439568420147,-0.198270332164759,0.17782240421689624,-1,0.19164333041422102,1,0.1459043489029461,-1
2026-07-04 13:00:00+00:00,0.179,-0.00028575127166770574,0.06605600010531486,-0.19852168629198083,0.17894885782968958,-1,0.19122329059729126,1,0.14676961603927233,-1
2026-07-04 14:00:00+00:00,0.1843,-0.0016403594603426669,0.1529516377584313,-0.19852168629198083,0.1839979295712353,-1,0.2147590071410095,1,0.15111530858121727,-1
2026-07-04 15:00:00+00:00,0.1909,-0.001056471623173708,0.033017257613945285,-0.19852168629198083,0.19069842606445617,-1,0.19730820298057897,1,0.15652692570892227,-1
2026-07-04 16:00:00+00:00,0.1955,-0.0013030212932467068,0.01131804424389605,-0.19852168629198083,0.19524542523136187,-1,0.1977252466153957,1,0.16029865885853486,-1
2026-07-04 17:00:00+00:00,0.1998,-0.00012406752549253214,0.025985981495423357,-0.19852168629198083,0.1997752128460788,-1,0.20506004684963935,1,0.16382440941143359,-1
2026-07-04 18:00:00+00:00,0.1955,-0.0011020513585706198,0.06103631704187676,-0.19852168629198083,0.19528466763485597,-1,0.2078042844234585,1,0.16029865885853486,-1
2026-07-04 19:00:00+00:00,0.1931,-0.00025939695434540723,0.02232066251587042,-0.19852168629198083,0.19304991694409282,-1,0.19745858219628892,1,0.15833079808482395,-1
2026-07-04 20:00:00+00:00,0.1915,-0.0011020513585706198,-0.000904848712735401,-0.198270332164759,0.1912890734121479,-1,0.1913267998432979,-1,0.15705836320918592,-1
2026-07-04 21:00:00+00:00,0.1928,0.0001256943999111613,0.01891174294675269,-0.198270332164759,0.1928242354033982,1,0.19648088026467714,1,0.15812455575316475,-1
2026-07-04 22:00:00+00:00,0.1923,-0.0017258552513340583,0.010698599970871133,-0.19852168629198083,0.19196840426059947,-1,0.19436838545978896,1,0.15767484449358699,-1
2026-07-04 23:00:00+00:00,0.1922,-0.0008392196471413263,0.06740440454563726,-0.198270332164759,0.1920387696471221,-1,0.20560172036536603,1,0.15763246688671298,-1
2026-07-05 00:00:00+00:00,0.1931,-0.00125782289818382,0.10266920049037921,-0.21184329337293833,0.1928572670878709,-1,0.2139788952699864,1,0.15623556433016877,-1
2026-07-05 01:00:00+00:00,0.1913,-0.0004328337259099221,0.11937630709367565,-0.22490701931492385,0.19121721682520085,-1,0.21555566523428712,1,0.1527703566807318,-1
2026-07-05 02:00:00+00:00,0.1915,-0.0004303263098523076,0.1203292181764704,-0.2251583734421457,0.19141761024017537,-1,0.2159867421353032,1,0.15289163999959213,-1
2026-07-05 03:00:00+00:00,0.1904,-0.0005893808956549371,0.1203292181764704,-0.22490701931492385,0.1902878149405802,-1,0.2147460872196435,1,0.15205162525881513,-1
2026-07-05 04:00:00+00:00,0.1905,0.0012818262466633727,0.10499990318138498,-0.2172907201736767,0.19074434447011043,1,0.21159035078687613,1,0.15329458684497094,-1
2026-07-05 05:00:00+00:00,0.189,0.00012197209122834213,0.1203292181764704,-0.22400782771640823,0.18902305413119388,1,0.21316707187244024,1,0.15106937786293387,-1
2026-07-05 06:00:00+00:00,0.19,-0.00013616049487444163,0.11937630709367565,-0.2251583734421457,0.18997413126716356,-1,0.21409083321753558,1,0.15169405535207575,-1
2026-07-05 07:00:00+00:00,0.1931,0.00021043149873526708,0.11916159013433843,-0.2251583734421457,0.19314063859807634,1,0.21753718024371604,1,0.1541690636236096,-1
2026-07-05 08:00:00+00:00,0.1916,-0.0005421594914257914,0.11878011062106791,-0.2251583734421457,0.19149615039551096,-1,0.21576502668968803,1,0.15297147897609323,-1
2026-07-05 09:00:00+00:00,0.1876,0.00011303127140207327,0.1031351281804426,-0.22490701931492385,0.1876212058649554,1,0.2079810905502486,1,0.14981557194618547,-1
2026-07-05 10:00:00+00:00,0.1869,0.000253305332799531,0.11937630709367565,-0.2251583734421457,0.1869473487632942,1,0.21059777225451262,1,0.14921904708054187,-1
2026-07-05 11:00:00+00:00,0.1868,0.00020028365038477427,0.11937630709367565,-0.2251583734421457,0.1868374167327467,1,0.21048509286860864,1,0.14913920810404077,-1
2026-07-05 12:00:00+00:00,0.1878,-0.0006233334524222115,0.11937630709367565,-0.22490701931492385,0.18768297445439291,-1,0.2116118867276483,1,0.14997529003994475,-1
2026-07-05 13:00:00+00:00,0.189,-0.0014660209739799986,0.11457068185027314,-0.22490701931492385,0.1887231250377574,-1,0.2119430691599565,1,0.1509335986025003,-1
2026-07-05 14:00:00+00:00,0.1895,0.0006936265530195093,0.1203292181764704,-0.2251583734421457,0.18963148782824998,1,0.21373100592501282,1,0.15129486046957027,-1
2026-07-05 15:00:00+00:00,0.1892,0.00021293891479288164,0.1203292181764704,-0.2251583734421457,0.18924029233242937,1,0.21339264549346929,1,0.151055343540067,-1
2026-07-05 16:00:00+00:00,0.1898,-0.0010710369653737976,0.1203292181764704,-0.2251583734421457,0.18959682600682268,-1,0.21406936635655638,1,0.15153437739907355,-1
2026-07-05 17:00:00+00:00,0.1903,0.0008142165103124023,0.10294335826730261,-0.21626200305277887,0.19045500849858826,1,0.21093396714340581,1,0.15329125990661857,-1
2026-07-05 18:00:00+00:00,0.1899,0.00020028365038477427,0.1203292181764704,-0.2251583734421457,0.18993803767424305,1,0.21418215316707093,1,0.15161421637557465,-1
2026-07-05 19:00:00+00:00,0.1891,0.0008140280514095876,0.11878011062106791,-0.22490701931492385,0.18925399537429513,1,0.21294972101784973,1,0.15101345764937993,-1
2026-07-05 20:00:00+00:00,0.1885,0.00020028365038477427,0.1203292181764704,-0.22490701931492385,0.18853775724905114,1,0.21260313781986764,1,0.15053430336810217,-1
2026-07-05 21:00:00+00:00,0.1903,0.0008937163588738636,0.10435006551349374,-0.21323082383372116,0.190470150244797,1,0.2112308982820819,1,0.15375661812387842,-1
2026-07-05 22:00:00+00:00,0.1904,0.0007442703387401657,0.10499990318138498,-0.22400782771640823,0.19054176182051127,1,0.2114792797365943,1,0.1521884102915482,-1
2026-07-05 23:00:00+00:00,0.1895,-0.0002023517812190836,0.1203292181764704,-0.2251583734421457,0.18946165821685387,-1,0.21373100592501282,1,0.15129486046957027,-1
2026-07-06 00:00:00+00:00,0.1901,0.00021043149873526708,0.1203292181764704,-0.2280482089055614,0.19014000723715335,1,0.21440772678809994,1,0.15133592587949835,-1
2026-07-06 01:00:00+00:00,0.1894,0.0007952012050304821,0.11457068185027314,-0.22043190976431426,0.18955067100717635,1,0.2123916259200834,1,0.15193142549477237,-1
2026-07-06 02:00:00+00:00,0.1891,0.0008092341596672928,0.11457068185027314,-0.2280482089055614,0.18925308811330416,1,0.2120552083499882,1,0.15053983999901702,-1
2026-07-06 03:00:00+00:00,0.1881,0.00020028365038477427,0.11937630709367565,-0.2280482089055614,0.18813767712756774,1,0.2119499248853602,1,0.1497437541185357,-1
2026-07-06 04:00:00+00:00,0.1867,0.00012197209122834213,0.11937630709367565,-0.2271490173070458,0.1867227735782746,1,0.2103724134827047,1,0.14876294014903113,-1
2026-07-06 05:00:00+00:00,0.1852,0.0009221277166247577,0.10499990318138498,-0.21250070172107857,0.1853708568169152,1,0.20570358512193943,1,0.14974526550328693,-1
2026-07-06 06:00:00+00:00,0.1837,0.0012624594002915586,0.10294335826730261,-0.30384129997815745,0.18393206024433048,1,0.2036183382251374,1,0.1355665538749559,-1
2026-07-06 07:00:00+00:00,0.1842,0.00020028365038477427,0.10877567437151056,-0.31055840752088903,0.1842368959431046,1,0.20536683072190215,1,0.13502550902108895,-1
2026-07-06 08:00:00+00:00,0.1846,0.0001688498477663865,0.11000165278705544,-0.22435988591627135,0.1846311723135438,1,0.20606527238844094,1,0.14750048090574333,-1
2026-07-06 09:00:00+00:00,0.1822,0.00011303127140207327,0.10972054173342907,-0.3196464663835621,0.18222059546159314,1,0.2033290345176509,1,0.13235113686083438,-1
2026-07-06 10:00:00+00:00,0.1828,0.000589766525660897,0.10569871428422901,-0.2914090858637792,0.18290784111830583,1,0.2031798146269585,1,0.13658997748197524,-1
2026-07-06 11:00:00+00:00,0.1825,0.00012197209122834213,0.1203292181764704,-0.3114575991194047,0.18252226126424806,1,0.2058359291889965,1,0.1336591060608797,-1
2026-07-06 12:00:00+00:00,0.1791,0.0004733915865688389,0.10349150962412597,-0.2776007154913175,0.17918480450444024,1,0.19862841515462049,1,0.1356860272472974,-1
2026-07-06 13:00:00+00:00,0.1798,0.0009221277166247577,0.11937630709367565,-0.42519099560249735,0.17996587503067685,1,0.20259753585533102,1,0.1175253583959519,-1
2026-07-06 14:00:00+00:00,0.182,-0.0003413559061826704,0.10294335826730261,-0.31055840752088903,0.1819378838275391,-1,0.2017340095643713,1,0.13341282650292177,-1
2026-07-06 15:00:00+00:00,0.186,-0.00019984436516146903,0.11937630709367565,-0.22829956303278326,0.1859628326620452,-1,0.20958365778137691,1,0.14803475994491222,-1
2026-07-06 16:00:00+00:00,0.1848,0.00028473913541791874,0.11937630709367565,-0.2280482089055614,0.1848526272843934,1,0.20823150515052932,1,0.14711667071294734,-1
2026-07-06 17:00:00+00:00,0.1835,-0.00016791955207652294,0.10877567437151056,-0.31649893348536307,0.1834691893491217,-1,0.20458639216867017,1,0.13371567723087135,-1
2026-07-06 18:00:00+00:00,0.1835,0.0004626277688489333,0.10330530243706307,-0.2914090858637792,0.18358491183535583,1,0.20347028405731524,1,0.13711302444169834,-1
2026-07-06 19:00:00+00:00,0.1841,-0.00020917864844876064,0.10972054173342907,-0.2271490173070458,0.1840614942382526,-1,0.20544937022337834,1,0.14669125485504356,-1
2026-07-06 20:00:00+00:00,0.1831,0.00020028365038477427,0.11937630709367565,-0.3266384473502062,0.18313667560902527,1,0.20631595559016191,1,0.13207817793177246,-1
2026-07-06 21:00:00+00:00,0.1859,0.0001688498477663865,0.11937630709367565,-0.22829956303278326,0.18593139183687865,1,0.20947097839547296,1,0.14795517136429667,-1
2026-07-06 22:00:00+00:00,0.1843,0.0008660640225624818,0.1040268720569621,-0.38931342758957954,0.18445968473798033,1,0.20450485923333162,1,0.12486728297812835,-1
2026-07-06 23:00:00+00:00,0.1842,0.0004733915865688389,0.10294335826730261,-0.40828762447645756,0.18428721937307588,1,0.20417255253712743,1,0.12245388367924473,-1
2026-07-07 00:00:00+00:00,0.1848,-0.0005904976580552056,0.09232324659586023,-0.3492295814653995,0.18469090824517417,-1,0.20267372212390003,1,0.13032672643818063,-1
2026-07-07 01:00:00+00:00,0.1838,-0.000166211466606064,0.09327615767865498,-0.3198739043971804,0.18376945287114965,-1,0.20176917935740926,1,0.1334830235753161,-1
2026-07-07 02:00:00+00:00,0.1813,-0.00025066695163920844,0.08672758564305542,-0.3190543050871581,0.18125455977708682,-1,0.19772569737698448,1,0.1317753808213892,-1
2026-07-07 03:00:00+00:00,0.1813,-0.00028210075425759613,0.0870539564179423,-0.38631804003634945,0.18124886234657753,-1,0.19779023979785948,1,0.12320320652193177,-1
2026-07-07 04:00:00+00:00,0.1797,-0.00028210075425759613,0.08672758564305542,-0.16796217072755618,0.17964931364412565,-1,0.19598073810614514,1,0.15191583084948843,-1
2026-07-07 05:00:00+00:00,0.1802,0.0002726036652525193,0.09295661775235856,-0.1482101503164646,0.18024912987666647,1,0.19775402549511112,1,0.15537743086506967,-1
2026-07-07 06:00:00+00:00,0.1812,-0.0003379193306219094,0.09295661775235856,-0.2857166489021095,0.18113877936169243,-1,0.19885143962105514,1,0.13616736371580565,-1
2026-07-07 07:00:00+00:00,0.1795,-0.00025066695163920844,0.09201175039044003,-0.38631804003634945,0.17945501092105398,-1,0.19679979802438577,1,0.12198000866346803,-1
2026-07-07 08:00:00+00:00,0.1792,-0.00025066695163920844,0.08893479030315847,-0.3179977452448932,0.17915508611171516,-1,0.19586728075122667,1,0.13038671367367258,-1
2026-07-07 09:00:00+00:00,0.1786,-0.00025066695163920844,0.09327615767865498,-0.35952327817367524,0.17855523649303756,-1,0.19606080213946298,1,0.1246644079169095,-1
2026-07-07 10:00:00+00:00,0.1773,-0.00025066695163920844,0.08672758564305542,-0.36072530100369604,0.17725556231923606,-1,0.1933632991998861,1,0.12360832684820992,-1
2026-07-07 11:00:00+00:00,0.1774,-0.00028210075425759613,0.09201175039044003,-0.3241664644357749,0.1773499623843511,-1,0.1944974048441562,1,0.12828323662409097,-1
2026-07-07 12:00:00+00:00,0.1791,-0.00026325358107637145,0.09295661775235856,-0.33849715404623953,0.1790528574891189,-1,0.19654686995657272,1,0.1276697887303481,-1
2026-07-07 13:00:00+00:00,0.1775,0.0003163866970770335,0.09780675786920263,-0.33849715404623953,0.17755616752359127,1,0.19573806586092313,1,0.12652924343739133,-1
2026-07-07 14:00:00+00:00,0.177,-0.00028210075425759613,0.08617943428623207,-0.3561329518920167,0.17695007520873812,-1,0.19293033532134793,1,0.12396717101602196,-1
2026-07-07 15:00:00+00:00,0.1772,-0.00028210075425759613,0.09780675786920263,-0.36208068493325973,0.1771500187965446,-1,0.1954072409608765,1,0.12337128097640215,-1
2026-07-07 16:00:00+00:00,0.1773,0.00043733334093585136,0.08893479030315847,-0.36905715172103737,0.1773775561590589,1,0.1937905629307617,1,0.12258271925926364,-1
2026-07-07 17:00:00+00:00,0.178,0.0003245322243186486,0.09780675786920263,-0.31578059860322577,0.17805777611052648,1,0.19628944069433418,1,0.1298010575392774,-1
2026-07-07 18:00:00+00:00,0.1756,-0.0003379193306219094,0.09295661775235856,-0.34304872686936866,0.1755406713902494,-1,0.19270592051576868,1,0.12460639812235945,-1
2026-07-07 19:00:00+00:00,0.1767,-0.00028210075425759613,0.09327615767865498,-0.35816789424411155,0.1766501598270284,-1,0.19397504892521336,1,0.12350547475451248,-1
2026-07-07 20:00:00+00:00,0.176,-0.00028210075425759613,0.08672758564305542,-0.33431803977407315,0.1759503572697057,-1,0.1919455197923291,1,0.12598539093437694,-1
2026-07-07 21:00:00+00:00,0.1744,-0.00028210075425759613,0.09327615767865498,-0.14415878110693722,0.17435080856725382,-1,0.19145018977112174,1,0.1509868474993478,-1
2026-07-07 22:00:00+00:00,0.1747,0.00032823955757667366,0.08617943428623207,-0.3611814933347441,0.1747573528629329,1,0.19042333096406486,1,0.12174013400409907,-1
2026-07-07 23:00:00+00:00,0.1746,0.0002810711570408455,0.09295661775235856,-0.31962049604962206,0.17464908192145243,1,0.19160850638982466,1,0.12683374664861202,-1
2026-07-08 00:00:00+00:00,0.1759,0.00016738735556839565,0.130023881483635,-0.22944724568321195,0.1759294459002114,1,0.20032469662064037,1,0.1398357341274334,-1
2026-07-08 01:00:00+00:00,0.1729,0.00012148503290132893,0.13487402160047904,-0.35270644389146927,0.17292100603812244,1,0.1978654816674577,1,0.12151126187298747,-1
2026-07-08 02:00:00+00:00,0.1714,0.0001789873576603509,0.1406509428077476,-0.34458838977087175,0.17143068117879262,1,0.19728530878851613,1,0.12143894381000503,-1
2026-07-08 03:00:00+00:00,0.1706,0.00010598386045755469,0.1396796468438816,-0.3448096329381635,0.17061808180476687,1,0.19617385510405427,1,0.12084539509485079,-1
2026-07-08 04:00:00+00:00,0.1706,0.0004108091772577133,0.130023881483635,-0.3097676975360101,0.17067009844319622,1,0.19428876204366824,1,0.12515512119819783,-1
2026-07-08 05:00:00+00:00,0.1698,0.00010710131676762643,0.12902204375823792,-0.32277649331001135,0.16981818677748367,1,0.19318404153871196,1,0.12295823938978946,-1
2026-07-08 06:00:00+00:00,0.169,5.343835566548202e-05,0.12315735687702209,-0.3808905754074444,0.16900903132341488,1,0.19114954346890953,1,0.11546969787912906,-1
2026-07-08 07:00:00+00:00,0.1696,-1.339666608133566e-05,0.13908345037127387,-0.3127213542532458,0.16959772794065167,-1,0.19490771180287922,1,0.1240545476281801,-1
2026-07-08 08:00:00+00:00,0.166,0.00010598386045755469,0.1290790141217165,-0.20916273247096193,0.16601759425317292,1,0.1888714835363317,1,0.13466969220178213,-1
2026-07-08 09:00:00+00:00,0.1658,0.00010598386045755469,0.1290790141217165,-0.22059350217666676,0.16581757305527753,1,0.18864392753207107,1,0.1329786701468377,-1
2026-07-08 10:00:00+00:00,0.1671,1.812281562929399e-05,0.13908345037127387,-0.4151035001019433,0.1671030283499327,1,0.19203466180578488,1,0.11033144099944112,-1
2026-07-08 11:00:00+00:00,0.1671,0.0004108091772577133,0.12953462172018768,-0.34740894788320176,0.16716866031569805,1,0.19020968279784878,1,0.11805888054924286,-1
2026-07-08 12:00:00+00:00,0.1668,8.90393136458646e-05,0.13487402160047904,-0.39854205952621885,0.1668148524187309,1,0.19088468676768042,1,0.1119725139928064,-1
2026-07-08 13:00:00+00:00,0.1681,-9.585951604905497e-05,0.1290790141217165,-0.3327654352811818,0.16808388678766686,-1,0.1912608215810684,1,0.12051733543726328,-1
2026-07-08 14:00:00+00:00,0.1668,-0.00019734473170990392,0.1406509428077476,-0.35743516828831057,0.1667670861465454,-1,0.19199060388520708,1,0.116671269936594,-1
2026-07-08 15:00:00+00:00,0.1656,0.00020312846185481257,0.1290790141217165,-0.42577641525732496,0.1656336414899395,1,0.1884163715278104,1,0.10818025100499606,-1
2026-07-08 16:00:00+00:00,0.1672,9.655323840967812e-06,0.130023881483635,-0.26822521136156824,0.16720161437793987,1,0.1904166530697616,1,0.12786378138121973,-1
2026-07-08 17:00:00+00:00,0.1658,-7.280752612675155e-05,0.1292082509453008,-0.27499384165716834,0.1657879289516051,-1,0.18866830884950186,1,0.12593783359666644,-1
2026-07-08 18:00:00+00:00,0.1666,0.00020312846185481257,0.1229655869638821,-0.27575808745270547,0.16663384463903336,1,0.1883988610414845,1,0.12644882012130035,-1
2026-07-08 19:00:00+00:00,0.1668,0.00026735897429574525,0.1290790141217165,-0.29329524987061173,0.16684460143894433,1,0.18978170755337426,1,0.12439975863300425,-1
2026-07-08 20:00:00+00:00,0.166,0.00011484185077632304,0.1290790141217165,-0.2771744460317454,0.1660190648419288,1,0.1888714835363317,1,0.1258150966615209,-1
2026-07-08 21:00:00+00:00,0.1668,-0.0003469423208483038,0.12315735687702209,-0.2551721245550127,0.16674214005849408,-1,0.18866120621665153,1,0.1292338256306728,-1
2026-07-08 22:00:00+00:00,0.1669,2.3770423554631775e-05,0.13487402160047904,-0.2704790544698507,0.16690396733084362,1,0.1909991260283325,1,0.12734701683221522,-1
2026-07-08 23:00:00+00:00,0.1671,0.00016774679188790367,0.13487402160047904,-0.2105790993919963,0.16712803284006822,1,0.19122800454963668,1,0.13537021199116397,-1
2026-07-09 00:00:00+00:00,0.167,0.0005070587224149777,0.13987042952119735,-0.2650470412914441,0.16708470027883612,1,0.19207083608660008,1,0.12811736669782545,-1
2026-07-09 01:00:00+00:00,0.1662,-6.757411964320292e-05,0.13987042952119735,-0.26417027411334865,0.1661887695607631,-1,0.19115073627301155,1,0.12761547082969932,-1
2026-07-09 02:00:00+00:00,0.1665,0.000717092500238117,0.13987042952119735,-0.2588153391496194,0.16661943872047683,1,0.19149577370310727,1,0.12853226602300535,-1
2026-07-09 03:00:00+00:00,0.1664,0.0008387664594891326,0.1341118931950001,-0.26417027411334865,0.16653962928885502,1,0.1902818552424746,1,0.12776903938665443,-1
2026-07-09 04:00:00+00:00,0.1684,0.0004470250644600743,0.13891751843840264,-0.3507222090209136,0.16847529584916712,1,0.1934965378857819,1,0.11858380108449006,-1
2026-07-09 05:00:00+00:00,0.1686,0.00033065012536801614,0.13891751843840264,-0.34763109593280644,0.16865575682863027,1,0.19372634375025433,1,0.11909219602258432,-1
2026-07-09 06:00:00+00:00,0.1697,0.0008387664594891326,0.1341118931950001,-0.35615779712272694,0.16984239837931908,1,0.1940554737659131,1,0.11885144775765992,-1
2026-07-09 07:00:00+00:00,0.1683,6.368611506066385e-05,0.13891751843840264,-0.17829357233257004,0.16831071871447773,1,0.19338163495354568,1,0.14081606410406733,-1
2026-07-09 08:00:00+00:00,0.1672,0.0007238549899418786,0.1341118931950001,-0.2650470412914441,0.1673210723684508,1,0.19119667185421726,1,0.1282708006699186,-1
2026-07-09 09:00:00+00:00,0.1686,0.0007879518149235494,0.1341118931950001,-0.40807921135495195,0.1687329010289234,1,0.19279760092476694,1,0.1121065585053466,-1
2026-07-09 10:00:00+00:00,0.1684,0.0005721901332242969,0.12523992562895594,-0.1519245429482183,0.16849638439090403,1,0.19086798812539965,1,0.14466454202481102,-1
2026-07-09 11:00:00+00:00,0.1696,0.0005721901332242969,0.13891751843840264,-0.30159383912957044,0.1696970712155423,1,0.19487537307261646,1,0.12544267536595183,-1
2026-07-09 12:00:00+00:00,0.169,0.0007308826311072834,0.12831688571623742,-0.39615808914010514,0.1691235643146623,1,0.19213833370337938,1,0.1137201522712012,-1
2026-07-09 13:00:00+00:00,0.1696,0.0007308826311072834,0.12926175307815588,-0.2579644442008858,0.16972400300453683,1,0.19300275751319607,1,0.13103681040101384,-1
2026-07-09 14:00:00+00:00,0.1692,0.000717092500238117,0.12303272096885298,-0.35084952887405685,0.16932137556459265,1,0.1913519051416078,1,0.11913197572629518,-1
2026-07-09 15:00:00+00:00,0.1667,0.0005721901332242969,0.12831688571623742,-0.2582716158184451,0.16679541138933313,1,0.1895234333038659,1,0.12875664809992024,-1
2026-07-09 16:00:00+00:00,0.1654,0.0008387664594891326,0.12335909174373985,-0.25815927262036126,0.16553879017053258,1,0.18711546277999136,1,0.12776690000086074,-1
2026-07-09 17:00:00+00:00,0.1666,0.0006478604375662504,0.12831688571623742,-0.2505136422660413,0.1667079685193882,1,0.18940974198214794,1,0.12968158340756059,-1
2026-07-09 18:00:00+00:00,0.1663,1.6881365389941546e-05,0.12831688571623742,-0.3285921706976158,0.1663028073947606,1,0.189068668016994,1,0.1197254512770117,-1
2026-07-09 19:00:00+00:00,0.1658,0.000621781423094821,0.12831688571623742,-0.25674290569932684,0.16590312341673916,1,0.18850021140840414,1,0.12825741985559252,-1
2026-07-09 20:00:00+00:00,0.167,0.0006675012103675931,0.12926175307815588,-0.19971010965580707,0.1671115099144925,1,0.19004398882490414,1,0.13676767764699335,-1
2026-07-09 21:00:00+00:00,0.1669,-0.00021411420313493344,0.12831688571623742,-0.17767187037034285,0.16686426816497998,-1,0.18975081594730187,1,0.1397315330148967,-1
2026-07-09 22:00:00+00:00,0.1671,0.0006716159611516459,0.12491573658612927,-0.24880190443026393,0.1672122647222782,1,0.18933315197754,1,0.1302936215854715,-1
2026-07-09 23:00:00+00:00,0.1666,0.000621781423094821,0.12303272096885298,-0.23531986489980108,0.16670362099655453,1,0.18841150943612212,1,0.13166698116603293,-1
2026-07-10 00:00:00+00:00,0.1666,2.3770423554631775e-05,0.05983358771846826,-0.2775731028917675,0.1666039601996318,1,0.1768725324435871,1,0.1262195217135519,-1
2026-07-10 01:00:00+00:00,0.1684,-9.585951604905497e-05,0.06559560631114143,-0.2929950569266728,0.16838385803119035,-1,0.1798166477481792,1,0.12563074949388414,-1
2026-07-10 02:00:00+00:00,0.1689,-4.150623211676899e-05,0.05294546745533592,-0.22143150994849892,0.16889298974288117,-1,0.1780834554518739,1,0.13535152916653742,-1
2026-07-10 03:00:00+00:00,0.1675,-4.150623211676899e-05,0.05380402334470372,-0.2887301549914755,0.16749304785040023,-1,0.17675902682350522,1,0.12549340360493916,-1
2026-07-10 04:00:00+00:00,0.1674,0.00037876207940898513,0.06559560631114143,-0.2880665859788689,0.16746341678127086,1,0.17874885292782186,1,0.12550173360680933,-1
2026-07-10 05:00:00+00:00,0.1672,2.3770423554631775e-05,0.08477457901919612,-0.2995327307906731,0.16720397446205545,1,0.18199246400795036,1,0.12392269823263816,-1
2026-07-10 06:00:00+00:00,0.1667,-9.589148789953265e-05,0.05380402334470372,-0.2775731028917675,0.16668401565536067,-1,0.1759148046058407,1,0.12629528373138715,-1
2026-07-10 07:00:00+00:00,0.1665,-4.150623211676899e-05,0.05380402334470372,-0.2789894698128018,0.16649308935577098,-1,0.17570374905142458,1,0.125965220315672,-1
2026-07-10 08:00:00+00:00,0.1679,-0.0012212217091233054,0.052775293198715455,-0.44365618668950463,0.1676950820256452,-1,0.17699896007643845,1,0.10773907991958498,-1
2026-07-10 09:00:00+00:00,0.1688,-0.0012212217091233054,0.05983358771846826,-0.39739016095308993,0.16859398359695602,-1,0.17920818413251802,1,0.11344571280356895,-1
2026-07-10 10:00:00+00:00,0.1686,-0.00041196290338563397,0.05187222021410656,-0.37482686856717196,0.16853055735936723,-1,0.17757645805619618,1,0.115897036087199,-1
2026-07-10 11:00:00+00:00,0.168,-4.150623211676899e-05,0.05161826663966285,-0.3626771019943503,0.16799302709771485,-1,0.17689958337926412,1,0.11689626030383932,-1
2026-07-10 12:00:00+00:00,0.1677,-0.0002203967216322074,0.05380402334470372,-0.46140068380572313,0.16766304354247288,-1,0.17697008237792133,1,0.10571808598710519,-1
2026-07-10 13:00:00+00:00,0.1685,5.8088474462868825e-05,0.05507871535048229,-0.3855637522033182,0.16850978819223483,1,0.1780411075894386,1,0.11459131288242438,-1
2026-07-10 14:00:00+00:00,0.1658,-4.150623211676899e-05,0.05214688184203549,-0.27314469358364,0.16579311840953048,-1,0.17467535286214764,1,0.12617092674449978,-1
2026-07-10 15:00:00+00:00,0.1665,-0.0016176398157953594,0.05161826663966285,-0.29292516166543986,0.16623088069840383,-1,0.17532012281337783,1,0.12422198264452315,-1
2026-07-10 16:00:00+00:00,0.1674,-4.150623211676899e-05,0.05214688184203549,-0.35848614892229125,0.1673930520009373,-1,0.1763610016231816,1,0.11696795508639582,-1
2026-07-10 17:00:00+00:00,0.1664,4.940315517366216e-06,0.05156822628434829,-0.290111644250064,0.16640082207053272,1,0.1752060578495658,1,0.12449715747736911,-1
2026-07-10 18:00:00+00:00,0.1661,0.00016738735556839565,0.052775293198715455,-0.29750984411399045,0.1661278053668284,1,0.1751014131548328,1,0.12335670172956156,-1
2026-07-10 19:00:00+00:00,0.1667,-4.150623211676899e-05,0.04948586052106499,-0.29336782842864806,0.1666930810546968,-1,0.1751568135786261,1,0.12431615542724098,-1
2026-07-10 20:00:00+00:00,0.1666,-4.150623211676899e-05,0.05161826663966285,-0.2936879545615113,0.1665930852052339,-1,0.1754254201844369,1,0.12420181403769169,-1
2026-07-10 21:00:00+00:00,0.1671,0.00012576559926814657,0.047558058710170374,-0.4097446194997963,0.16712101675320226,1,0.17523895405966783,1,0.1109242810792772,-1
2026-07-10 22:00:00+00:00,0.1672,6.598732372356117e-05,0.05214688184203549,-0.45123910524564087,0.16721103344455632,1,0.17615029552805236,1,0.10647940598360865,-1
2026-07-10 23:00:00+00:00,0.1667,2.3770423554631775e-05,0.044814668103259646,-0.28398015726350506,0.1667039625767024,1,0.17434053039130537,1,0.125488689686821,-1
2026-07-11 00:00:00+00:00,0.1667,0.00034530378766604397,0.08509492094369685,-0.194463206822087,0.16675757208076064,1,0.18150636295622286,1,0.137240187325099,-1
2026-07-11 01:00:00+00:00,0.1666,0.0004915431047618495,0.09000622873342809,-0.2739095802397882,0.16668191121104955,1,0.18229057110112573,1,0.12668277784701218,-1
2026-07-11 02:00:00+00:00,0.1665,0.00024999271052274783,0.08463575251349273,-0.2422276240472329,0.1665416289895572,1,0.1812053759802581,1,0.130682103787261,-1
2026-07-11 03:00:00+00:00,0.1662,0.00024999271052274783,0.08223901956432426,-0.2265164616797772,0.1662415539823688,1,0.180445880535363,1,0.13251229329952496,-1
2026-07-11 04:00:00+00:00,0.1664,0.00024999271052274783,0.08223901956432426,-0.24793714855985166,0.16644160398716107,1,0.1806630235925656,1,0.12986005619652666,-1
2026-07-11 05:00:00+00:00,0.1669,0.0003310733629555301,0.08509492094369685,-0.32535818672301975,0.16695526529220553,1,0.18172412703895377,1,0.12054662938685796,-1
2026-07-11 06:00:00+00:00,0.1671,0.00034530378766604397,0.08463575251349273,-0.3110145571560041,0.1671577102261254,1,0.1818583683261329,1,0.12243470634367222,-1
2026-07-11 07:00:00+00:00,0.1678,0.00024014302119948442,0.08223901956432426,-0.37611006145265097,0.16784030083774606,1,0.18218302499298386,1,0.11519919179634514,-1
2026-07-11 08:00:00+00:00,0.1679,0.00034530378766604397,0.08437142568292214,-0.3457454562092144,0.1679579865168549,1,0.1826807309862789,1,0.11882158803357712,-1
2026-07-11 09:00:00+00:00,0.1674,-0.00019600127700621558,0.08647714011811161,-0.19050354343003603,0.16736719260148017,-1,0.18252064650784422,1,0.1383632695624101,-1
2026-07-11 10:00:00+00:00,0.1675,-6.47410423023488e-05,0.08462537925736585,-0.16573416915556513,0.16748915622643676,-1,0.1822918055873192,1,0.14191796538535748,-1
2026-07-11 11:00:00+00:00,0.1679,-0.00014919652733549326,0.08437142568292214,-0.1659491690123483,0.16787495177166117,-1,0.1826807309862789,1,0.14222629203955633,-1
2026-07-11 12:00:00+00:00,0.1679,0.00038752068783497336,0.07588959118044535,-0.28970833869489887,0.16796507733207933,1,0.1811378158844941,1,0.1256701007574135,-1
2026-07-11 13:00:00+00:00,0.1679,0.00015568753616634003,0.08342081518044159,-0.1839246943526181,0.16792614197225916,1,0.18250715527931866,1,0.1396925407036262,-1
2026-07-11 14:00:00+00:00,0.1694,-0.00019600127700621558,0.08463575251349273,-0.41103480656971525,0.16936680063734016,-1,0.1843615056519863,1,0.1123060771558292,-1
2026-07-11 15:00:00+00:00,0.1719,0.0006041188850483107,0.08462537925736585,-0.16723764152531886,0.17200387941093742,1,0.18708036645050846,1,0.14542714955250527,-1
2026-07-11 16:00:00+00:00,0.1711,-0.0006584853616868392,0.08437142568292214,-0.3021921796978703,0.17098737024120883,-1,0.18616243640114546,1,0.12647643436392614,-1
2026-07-11 17:00:00+00:00,0.1707,0.000298665197420389,0.08509492094369685,-0.37523002446908316,0.17075098976325448,1,0.1858616446108413,1,0.11729329645806838,-1
2026-07-11 18:00:00+00:00,0.1714,-0.0005988082026839514,0.08463575251349273,-0.3486484849429241,0.17129739499748448,-1,0.18653814680490233,1,0.1209468897097148,-1
2026-07-11 19:00:00+00:00,0.1717,0.00029571249779552014,0.08509492094369685,-0.2945037351545522,0.17175078134384045,1,0.1869504650244959,1,0.12789952986144998,-1
2026-07-11 20:00:00+00:00,0.1707,-0.0006159373371789017,0.07588959118044535,-0.2821547015977888,0.17059489186987745,-1,0.1841585775549919,1,0.12873460096078365,-1
2026-07-11 21:00:00+00:00,0.17,-0.0001014848924850835,0.08906136137150958,-0.2626553426569939,0.16998274844367853,-1,0.18583511432311794,1,0.13073117223756875,-1
2026-07-11 22:00:00+00:00,0.1688,0.00046697774691705944,0.10063329005754065,-0.25149519460329006,0.16887884425150226,1,0.18667103045389122,1,0.1312651584241736,-1
2026-07-11 23:00:00+00:00,0.1658,0.00034530378766604397,0.085984401284228,-0.2265164616797772,0.16585726125368996,1,0.18068707072474793,1,0.13219337081264285,-1
2026-07-12 00:00:00+00:00,0.1637,-0.00024021045435656236,0.06721424581710594,-0.2009583611789067,0.16366068227107566,-1,0.17508117616889302,1,0.13389784027750903,-1
2026-07-12 01:00:00+00:00,0.1655,0.0002787146069521627,0.07709263242205305,-0.22633649342944415,0.16554613369621946,1,0.17876352217406882,1,0.1319779286472224,-1
2026-07-12 02:00:00+00:00,0.1652,-4.024667410245212e-05,0.08415092694180598,-0.22633649342944415,0.16519335138323155,-1,0.1797034132971953,1,0.13173869373124558,-1
2026-07-12 03:00:00+00:00,0.1664,0.000519513466086704,0.07188543823491132,-0.1992460525852382,0.16648646949984683,1,0.17880216418730743,1,0.13633955142403617,-1
2026-07-12 04:00:00+00:00,0.1648,-0.0006799871942941323,0.06721424581710594,-0.19846376559814483,0.16468797620207085,-1,0.1762576532231739,1,0.13513426663863054,-1
2026-07-12 05:00:00+00:00,0.164,0.000519513466086704,0.07188543823491132,-0.2009583611789067,0.16408522234359904,1,0.17622328681922128,1,0.13414322422426073,-1
2026-07-12 06:00:00+00:00,0.1632,-4.024667410245212e-05,0.07744217105849512,-0.21256336914346183,0.16319343187495997,-1,0.17634082243926724,1,0.13194868188377382,-1
2026-07-12 07:00:00+00:00,0.1637,-6.650612223334313e-05,0.0740178443535092,-0.1992460525852382,0.1636891133098102,-1,0.17627641957041246,1,0.13412731110645867,-1
2026-07-12 08:00:00+00:00,0.1643,-0.0001370165624866324,0.06721424581710594,-0.20239578322691884,0.16427748972095918,-1,0.1757228909257735,1,0.1341955737917991,-1
2026-07-12 09:00:00+00:00,0.1645,-6.650612223334313e-05,0.07188543823491132,-0.20239578322691884,0.1644890601066816,-1,0.17676055293757256,1,0.13435892811169176,-1
2026-07-12 10:00:00+00:00,0.164,-4.34541323110397e-05,0.07407067832790604,-0.2009583611789067,0.16399287367713622,-1,0.17660879807481378,1,0.13414322422426073,-1
2026-07-12 11:00:00+00:00,0.1644,-0.00012609281399480888,0.07586680600539927,-0.212678911511573,0.1643792716482548,-1,0.17735782262129834,1,0.1329035359035415,-1
2026-07-12 12:00:00+00:00,0.165,-0.0002497388879368211,0.07188543823491132,-0.2009583611789067,0.16495879822854687,-1,0.17729781905592384,1,0.13496117071343305,-1
2026-07-12 13:00:00+00:00,0.1647,0.000519513466086704,0.07188543823491132,-0.2047267546164769,0.16478558609750465,1,0.17697545938491308,1,0.13420908001472825,-1
2026-07-12 14:00:00+00:00,0.165,-4.804524346022766e-05,0.07427179792795291,-0.1992460525852382,0.1649920727252645,-1,0.17772142065685217,1,0.13519246385195896,-1
2026-07-12 15:00:00+00:00,0.1645,-4.804524346022766e-05,0.07744217105849512,-0.21328543126722135,0.16449209674730916,-1,0.17774549810820747,1,0.13290374427354973,-1
2026-07-12 16:00:00+00:00,0.1645,-4.804524346022766e-05,0.07427179792795291,-0.2009583611789067,0.16449209674730916,-1,0.17718287089728593,1,0.1345521974688469,-1
2026-07-12 17:00:00+00:00,0.164,-6.329866402475555e-05,0.0740178443535092,-0.2009583611789067,0.16398961934764414,-1,0.17659946737658913,1,0.13414322422426073,-1
2026-07-12 18:00:00+00:00,0.1644,-6.329866402475555e-05,0.07996584777866274,-0.1992460525852382,0.16438959402897982,-1,0.17808631177876735,1,0.13470085489249728,-1
2026-07-12 19:00:00+00:00,0.1644,-6.329866402475555e-05,0.08552699627940531,-0.22530784588175515,0.16438959402897982,-1,0.17907943509817417,1,0.1312356597874566,-1
2026-07-12 20:00:00+00:00,0.164,-6.329866402475555e-05,0.07188543823491132,-0.20239578322691884,0.16398961934764414,-1,0.17622328681922128,1,0.13395054231196016,-1
2026-07-12 21:00:00+00:00,0.1633,-0.0001370165624866324,0.07188543823491132,-0.21372399915814785,0.16327762672813534,-1,0.17547111425352946,1,0.13187638424479958,-1
2026-07-12 22:00:00+00:00,0.162,-4.024667410245212e-05,0.0740178443535092,-0.2009583611789067,0.16199348016999704,-1,0.17444581533541123,1,0.1325073312459161,-1
2026-07-12 23:00:00+00:00,0.1621,-0.00010552332977385286,0.07407067832790604,-0.2047267546164769,0.1620828955707177,-1,0.17456272053614214,1,0.13209041815657224,-1
2026-07-13 00:00:00+00:00,0.1627,0.0008660640225624818,0.10555968540927864,-0.2127657242031219,0.1628409696520315,1,0.18081378682868374,1,0.13151781135627633,-1
2026-07-13 01:00:00+00:00,0.1604,0.0009221277166247577,0.10483619014850393,-0.2144780327967904,0.16054797750233907,1,0.17812880025868255,1,0.12943679113486037,-1
2026-07-13 02:00:00+00:00,0.16,0.0008426706575426716,0.10483619014850393,-0.2144780327967904,0.16013488412867383,1,0.17768458878671578,1,0.12911400611956148,-1
2026-07-13 03:00:00+00:00,0.1589,0.0008004537573737421,0.10555968540927864,-0.22214151884330882,0.15902724302132998,1,0.17659072358376057,1,0.12724744220765263,-1
2026-07-13 04:00:00+00:00,0.159,0.0008004537573737421,0.10483619014850393,-0.2127657242031219,0.15912732309875055,1,0.1765740601067988,1,0.12852693304024546,-1
2026-07-13 05:00:00+00:00,0.16,0.0006486145667360292,0.10483619014850393,-0.2127657242031219,0.16010381199402404,1,0.17768458878671578,1,0.1293352785310646,-1
2026-07-13 06:00:00+00:00,0.1603,0.0009221277166247577,0.10509014372294764,-0.2282130645786995,0.16044788524703837,1,0.1780629613748386,1,0.12759153071957374,-1
2026-07-13 07:00:00+00:00,0.1605,0.0006486145667360292,0.10369491040833625,-0.22214151884330882,0.16060413640650537,1,0.17803654762970014,1,0.12852872545203428,-1
2026-07-13 08:00:00+00:00,0.1603,0.0008426706575426716,0.10555968540927864,-0.22214151884330882,0.16043513703641507,1,0.1781465889897849,1,0.12836856504648658,-1
2026-07-13 09:00:00+00:00,0.1599,0.0015379385940733272,0.10509014372294764,-0.2144780327967904,0.16014610558031886,1,0.17761863707945533,1,0.12903330986573672,-1
2026-07-13 10:00:00+00:00,0.1596,0.0008140280514095876,0.10509014372294764,-0.2127657242031219,0.15972997177016132,1,0.1772853938579179,1,0.12901194033473692,-1
2026-07-13 11:00:00+00:00,0.1595,0.0009221277166247577,0.10555968540927864,-0.2127657242031219,0.1596471472046327,1,0.17725752304348527,1,0.12893110578565503,-1
2026-07-13 12:00:00+00:00,0.159,0.0009028534440432691,0.1049098477413874,-0.2144780327967904,0.15914361852108527,1,0.1765870666060398,1,0.1283070435813142,-1
2026-07-13 13:00:00+00:00,0.1582,0.0006486145667360292,0.10509014372294764,-0.2127657242031219,0.15830264410909126,1,0.17573025882407653,1,0.12788025664759012,-1
2026-07-13 14:00:00+00:00,0.16,0.0008004537573737421,0.10509014372294764,-0.2144780327967904,0.16012812387295655,1,0.17772971815330116,1,0.12911400611956148,-1
2026-07-13 15:00:00+00:00,0.1589,0.0008426706575426716,0.10509014372294764,-0.2144780327967904,0.1590339568002892,1,0.17650782634099724,1,0.1282263473274895,-1
2026-07-13 16:00:00+00:00,0.1582,0.000930693276124372,0.10350314049519627,-0.2144780327967904,0.15834730421317048,1,0.17545159551438141,1,0.12766147355071641,-1
2026-07-13 17:00:00+00:00,0.1567,0.0009221277166247577,0.10509014372294764,-0.21845057552572983,0.1568445640562128,1,0.17406404271638934,1,0.12594969407256057,-1
2026-07-13 18:00:00+00:00,0.1574,0.0004733915865688389,0.10555968540927864,-0.22214151884330882,0.15747452947514737,1,0.1749237249344488,1,0.12604623916604485,-1
2026-07-13 19:00:00+00:00,0.1583,0.0008984835364427318,0.10509014372294764,-0.2144780327967904,0.15844229385859104,1,0.17584133989792233,1,0.12774216980454112,-1
2026-07-13 20:00:00+00:00,0.1575,0.0009873089290764134,0.10555968540927864,-0.21198343721602853,0.15765557794543902,1,0.17503485817773623,1,0.12741405018063542,-1
2026-07-13 21:00:00+00:00,0.1563,0.00012197209122834213,0.10270378402990606,-0.23686732198136765,0.15631906540055876,1,0.17320589328724312,1,0.12333570116809069,-1
2026-07-13 22:00:00+00:00,0.1564,0.00012197209122834213,0.10270378402990606,-0.2144780327967904,0.15641907759851179,1,0.17331670959772763,1,0.12620894098187135,-1
2026-07-13 23:00:00+00:00,0.1576,0.00020642757626148663,0.10555968540927864,-0.2144780327967904,0.1576325363441026,1,0.17514599142102366,1,0.12717729602776803,-1
2026-07-14 00:00:00+00:00,0.1584,0.001250529452698958,0.08509492094369685,-0.2159170295802808,0.15859820777180555,1,0.17246915352288963,1,0.12763906164394906,-1
2026-07-14 01:00:00+00:00,0.1578,-0.000525467449070456,0.07588959118044535,-0.2159170295802808,0.15771710301827685,-1,0.17024149700162697,1,0.1271555803498432,-1
2026-07-14 02:00:00+00:00,0.1575,0.0006472917817525522,0.08437142568292214,-0.21841162516104268,0.15760198145794507,1,0.17136518838796266,1,0.12659763556383236,-1
2026-07-14 03:00:00+00:00,0.1576,0.0008379091207859376,0.07588959118044535,-0.21669931656737418,0.15773210981771701,1,0.17002572831087712,1,0.12689511268478165,-1
2026-07-14 04:00:00+00:00,0.1579,-3.9323182747911126e-05,0.08462537925736585,-0.22680067912998272,0.1578937909915239,-1,0.17184403643126986,1,0.12585887532419654,-1
2026-07-14 05:00:00+00:00,0.1594,-0.0005128276802260689,0.07588959118044535,-0.21669931656737418,0.15931827622467007,-1,0.17196764652762572,1,0.12834442234742507,-1
2026-07-14 06:00:00+00:00,0.1588,0.0008379091207859376,0.08223901956432426,-0.21669931656737418,0.15893311573003466,1,0.17241158741886672,1,0.12786131912654394,-1
2026-07-14 07:00:00+00:00,0.1588,0.0009211600878505098,0.08223901956432426,-0.22421151539200238,0.1589463476163938,1,0.17241158741886672,1,0.12690439826533634,-1
2026-07-14 08:00:00+00:00,0.1586,0.000526618910035218,0.08223901956432426,-0.21841162516104268,0.15868354375506144,1,0.17219444436166412,1,0.12748180952650037,-1
2026-07-14 09:00:00+00:00,0.1585,1.6495393616402083e-05,0.08437142568292214,-0.2159170295802808,0.1585026145414521,1,0.17245322133010846,1,0.12771964185963336,-1
2026-07-14 10:00:00+00:00,0.1588,4.792919623478984e-05,0.08223901956432426,-0.22310973581240373,0.1588076113387633,1,0.17241158741886672,1,0.12704429599398462,-1
2026-07-14 11:00:00+00:00,0.1592,0.0005286381477719999,0.08223901956432426,-0.21841162516104268,0.15928418144192566,1,0.17284587353327194,1,0.12796408623341024,-1
2026-07-14 12:00:00+00:00,0.1622,0.000571332794521102,0.08437142568292214,-0.21841162516104268,0.16229269665706988,1,0.1764789432160479,1,0.13037546976795944,-1
2026-07-14 13:00:00+00:00,0.1638,0.00027444557723016347,0.08647714011811161,-0.21669931656737418,0.16384496035485335,1,0.17859547131412715,1,0.13188717930055352,-1
2026-07-14 14:00:00+00:00,0.1644,0.00027444557723016347,0.08342081518044159,-0.23428859178640776,0.16444512504479786,1,0.17870265829612855,1,0.13006234219289975,-1
2026-07-14 15:00:00+00:00,0.1656,0.000620924084391626,0.08437142568292214,-0.2199784143638579,0.1657028569582519,1,0.18017825521934358,1,0.13289998164227199,-1
2026-07-14 16:00:00+00:00,0.1654,0.0006666438716643982,0.08437142568292214,-0.21669931656737418,0.16551029965758376,1,0.1799606486309144,1,0.13317545455623658,-1
2026-07-14 17:00:00+00:00,0.1638,0.0006238674099795117,0.08883585143732503,-0.21669931656737418,0.16390222136472823,1,0.17901722367437348,1,0.13188717930055352,-1
2026-07-14 18:00:00+00:00,0.1633,0.0005916558894283978,0.08509492094369685,-0.23215016274161385,0.1633966459945103,1,0.1778043735497972,1,0.12946865910741912,-1
2026-07-14 19:00:00+00:00,0.1635,-0.0005567924576518796,0.08509492094369685,-0.21669931656737418,0.1634089897724293,-1,0.17802213763252814,1,0.13164562769011295,-1
2026-07-14 20:00:00+00:00,0.1634,0.00040522645775321035,0.08437142568292214,-0.21841162516104268,0.1634662274208422,1,0.17778458274662282,1,0.1313400231817791,-1
2026-07-14 21:00:00+00:00,0.1645,0.0007122926266137996,0.08883585143732503,-0.21669931656737418,0.1646172138774125,1,0.17978225454477678,1,0.13245079972491486,-1
2026-07-14 22:00:00+00:00,0.1645,-0.0007573301764590049,0.08462537925736585,-0.22401954942679947,0.1643754663484708,-1,0.17902687772605377,1,0.13148476912676568,-1
2026-07-14 23:00:00+00:00,0.1656,0.0007198944062860566,0.08463575251349273,-0.23215016274161385,0.1657192574349107,1,0.18022588746144588,1,0.13129216134836869,-1
2026-07-15 00:00:00+00:00,0.1648,0.0006935372450360821,0.04832270938152751,-0.22372642677251559,0.16491433458104426,1,0.17295913052638492,1,0.13176317609113752,-1
2026-07-15 01:00:00+00:00,0.1636,-1.183641268538371e-05,0.048792251067858505,-0.2326085722942933,0.16359806357434487,-1,0.17178035848778578,1,0.12964706214998314,-1
2026-07-15 02:00:00+00:00,0.1627,0.000998102248839493,0.04864453284425086,-0.23402493921532772,0.16286247230438436,1,0.17081012288405034,1,0.12875135644836957,-1
2026-07-15 03:00:00+00:00,0.1641,7.261907234776076e-05,0.04213438968132134,-0.2531435629783408,0.16411191722247584,1,0.17116198482202113,1,0.1274000881582368,-1
2026-07-15 04:00:00+00:00,0.1636,-0.00010635279720651585,0.05157669999009475,-0.25351696005936186,0.16358260160757726,-1,0.1722593386602837,1,0.12696449292615514,-1
2026-07-15 05:00:00+00:00,0.1645,-0.00047577224680765223,0.04384241715632428,-0.24510532363067852,0.1644217540804946,-1,0.1718725110859909,1,0.1287413363217343,-1
2026-07-15 06:00:00+00:00,0.1642,-2.189731217337136e-05,0.04384241715632428,-0.24402935894218583,0.1641964045007072,-1,0.1715590657770195,1,0.1286448926125542,-1
2026-07-15 07:00:00+00:00,0.1632,-5.9548047535793505e-05,0.04213438968132134,-0.24402935894218583,0.16319028204798758,-1,0.17022325364383822,1,0.12786142798032185,-1
2026-07-15 08:00:00+00:00,0.1637,-0.000618172761405276,0.04213438968132134,-0.2505824424400257,0.16359883639047343,-1,0.17074477096505097,1,0.12741545440427407,-1
2026-07-15 09:00:00+00:00,0.1642,-2.189731217337136e-05,0.042992945570689105,-0.2505824424400257,0.1641964045007072,-1,0.17141339310654077,1,0.12780462805853268,-1
2026-07-15 10:00:00+00:00,0.1645,-0.00038631860408976895,0.042992945570689105,-0.24402935894218583,0.16443646286320643,-1,0.1717265722656879,1,0.12887993200222392,-1
2026-07-15 11:00:00+00:00,0.1646,-0.0005043478863533247,0.04864453284425086,-0.23402493921532772,0.16451700526877414,-1,0.172804832370711,1,0.13025490640074758,-1
2026-07-15 12:00:00+00:00,0.167,3.392126419094184e-05,0.04384241715632428,-0.2531435629783408,0.16700566494720046,1,0.17448455532741933,1,0.12965152176980835,-1
2026-07-15 13:00:00+00:00,0.1663,-0.0004270373443901677,0.048792251067858505,-0.24402935894218583,0.16622899885077802,-1,0.174615364404149,1,0.13029016834024215,-1
2026-07-15 14:00:00+00:00,0.1665,0.00042878644028388613,0.04213438968132134,-0.24402935894218583,0.166571408250658,1,0.1736652679638423,1,0.13044686126668864,-1
2026-07-15 15:00:00+00:00,0.1657,0.00045940460265898316,0.042992945570689105,-0.23483872344247989,0.16577614083104555,1,0.17297928890227648,1,0.13101871832752882,-1
2026-07-15 16:00:00+00:00,0.1636,0.000526618910035218,0.04864453284425086,-0.2356476900200564,0.16368617754305204,1,0.17175498527246855,1,0.12925364758470526,-1
2026-07-15 17:00:00+00:00,0.1649,0.0006090817600029375,0.042992945570689105,-0.23402493921532772,0.16500046817578515,1,0.1721441444778841,1,0.13049230902480727,-1
2026-07-15 18:00:00+00:00,0.1637,0.0002918714478047033,0.04864453284425086,-0.2356476900200564,0.163747786329399,1,0.1718599699822928,1,0.12933265348176193,-1
2026-07-15 19:00:00+00:00,0.1637,0.000676324343658105,0.04213438968132134,-0.23188651017053374,0.16381075174288515,1,0.17074477096505097,1,0.1298200128004127,-1
2026-07-15 20:00:00+00:00,0.1646,0.0007213333052791332,0.04769966548233232,-0.24199981067173898,0.1647187742948262,1,0.1726416318381922,1,0.12922027129007807,-1
2026-07-15 21:00:00+00:00,0.1646,2.4907437497350953e-05,0.042992945570689105,-0.2531435629783408,0.1646040998152698,1,0.17183096531873696,1,0.12778826636712845,-1
2026-07-15 22:00:00+00:00,0.1654,0.0002918714478047033,0.04213438968132134,-0.2440958071334519,0.16544828258327787,1,0.17251792985717426,1,0.12957643976511016,-1
2026-07-15 23:00:00+00:00,0.1651,-5.0534220842202606e-05,0.046922953895397294,-0.24402935894218583,0.16509165701094397,-1,0.17303161177381096,1,0.12935001078156333,-1
2026-07-16 00:00:00+00:00,0.1647,0.00046706982334218433,0.06975614833098483,-0.23089747760541354,0.1647769443677018,1,0.17659902823375118,1,0.13074229338191345,-1
2026-07-16 01:00:00+00:00,0.1654,0.0007538962113794148,0.06524939056941881,-0.24712094279931582,0.1655247414485067,1,0.17655212757884312,1,0.12918504576418188,-1
2026-07-16 02:00:00+00:00,0.1663,-0.0010950854105091408,0.06975614833098483,-0.22366445811742333,0.16611798697432617,-1,0.17831462292211792,1,0.13297071660556287,-1
2026-07-16 03:00:00+00:00,0.165,-0.0002782265143830736,0.06975614833098483,-0.22986883005772477,0.164954099010859,-1,0.17692070223781994,1,0.1311152416638247,-1
2026-07-16 04:00:00+00:00,0.1647,0.00047799357183400784,0.0691000993305963,-0.22366445811742333,0.1647787443594306,1,0.17648320861363592,1,0.13169138319264104,-1
2026-07-16 05:00:00+00:00,0.1645,0.00017880037155119114,0.06959664436210364,-0.24810414680077567,0.16452941529077428,1,0.17635644710094797,1,0.1283558421227851,-1
2026-07-16 06:00:00+00:00,0.1641,0.000285675839430352,0.06975614833098483,-0.23089747760541354,0.16414688610204492,1,0.17595568022561364,1,0.13026600087414691,-1
2026-07-16 07:00:00+00:00,0.163,-0.0007049337954538446,0.06975614833098483,-0.20630680702708265,0.16288513628175608,-1,0.1747762088773615,1,0.1326140982547238,-1
2026-07-16 08:00:00+00:00,0.1622,-0.0005994189555638219,0.08276543987874041,-0.22164157144074062,0.16210280337906632,-1,0.17619574800311968,1,0.12995504334730518,-1
2026-07-16 09:00:00+00:00,0.1617,-0.000466664604712903,0.06927027358721677,-0.24712094279931582,0.1616245579378571,-1,0.1732980665804479,1,0.1262951747283447,-1
2026-07-16 10:00:00+00:00,0.1625,-0.0004897165946352064,0.06927027358721677,-0.23089747760541354,0.16242044053575674,-1,0.174155447243802,1,0.12899588752010283,-1
2026-07-16 11:00:00+00:00,0.1629,-9.062950062015173e-05,0.06975614833098483,-0.22224809119638897,0.16288523712333514,-1,0.17466898420933857,1,0.13043674862662263,-1
2026-07-16 12:00:00+00:00,0.1621,-0.0019155601751437734,0.06524939056941881,-0.22224809119638897,0.16178978490830473,-1,0.173029624428842,1,0.12979617527547901,-1
2026-07-16 13:00:00+00:00,0.164,-0.0009088975265489826,0.06927027358721677,-0.1515157425432986,0.16385100852489431,-1,0.17576303598759097,1,0.1409423138848163,-1
2026-07-16 14:00:00+00:00,0.1639,-0.000752242756979586,0.06752035127062937,-0.1453113706029973,0.1637767537734834,-1,0.17534874808161063,1,0.1417330154750192,-1
2026-07-16 15:00:00+00:00,0.1637,-0.0005786879136616109,0.0691000993305963,-0.2510132595215784,0.16360529619315067,-1,0.17541166514907228,1,0.12736057347273314,-1
2026-07-16 16:00:00+00:00,0.1635,-0.0005786879136616109,0.0691000993305963,-0.24236387311255328,0.16340541189725188,-1,0.17519735645615953,1,0.12830998797964105,-1
2026-07-16 17:00:00+00:00,0.1624,-0.000752242756979586,0.10026443681123576,-0.22164157144074062,0.1622778817133234,-1,0.17952722442591101,1,0.1301152838446508,-1
2026-07-16 18:00:00+00:00,0.1624,-0.000579159101951637,0.0691000993305963,-0.24712094279931582,0.16230597179311726,-1,0.17401865864513946,1,0.12684190708647605,-1
2026-07-16 19:00:00+00:00,0.1629,-8.698529974461417e-05,0.06975614833098483,-0.24279135217426043,0.16288583071094045,-1,0.17466898420933857,1,0.12778448876784507,-1
2026-07-16 20:00:00+00:00,0.1627,-0.0001714407847777586,0.0691000993305963,-0.2481094955733739,0.16267210897521456,-1,0.1743401216845086,1,0.12695066147481648,-1
2026-07-16 21:00:00+00:00,0.1631,-0.0004833086801366428,0.0691000993305963,-0.25041209103559664,0.16302119140024393,-1,0.17476873907033405,1,0.12697007370733437,-1
2026-07-16 22:00:00+00:00,0.1609,-0.0004755392371591196,0.0691000993305963,-0.24712094279931582,0.16082350392662484,-1,0.17241134344829398,1,0.12567033774762312,-1
2026-07-16 23:00:00+00:00,0.1609,0.0004056663282313433,0.07615839385034914,-0.22986883005772477,0.16096528495327073,1,0.17363257833655055,1,0.12785722656793572,-1
2026-07-17 00:00:00+00:00,0.1616,0.00032051035143207407,0.08868815712158098,-0.23476114839193815,0.16165180277401062,1,0.17658675815231323,1,0.1277867677301319,-1
2026-07-17 01:00:00+00:00,0.1602,0.00034086723061407386,0.0870294457587785,-0.24164891706302072,0.1602546162382585,1,0.17476679415596605,1,0.12581016169214737,-1
2026-07-17 02:00:00+00:00,0.1598,-0.0002817113821315444,0.08788800164814627,-0.24621858106880812,0.15975498886150807,-1,0.17448015931548325,1,0.12492386256718786,-1
2026-07-17 03:00:00+00:00,0.1604,0.00010728584170405235,0.08667306431509512,-0.24539898175878586,0.16041720957216452,1,0.17492262962759772,1,0.1254957274380045,-1
2026-07-17 04:00:00+00:00,0.1603,0.0007703573657942597,0.0870294457587785,-0.24092986758281998,0.16042353586300845,1,0.1748758870362132,1,0.1259792476293918,-1
2026-07-17 05:00:00+00:00,0.1582,0.00040933574406575534,0.09353958892170795,-0.2446363304309662,0.15826477017017973,1,0.1737121543893472,1,0.12386889710810953,-1
2026-07-17 06:00:00+00:00,0.1592,-0.000280877503819179,0.08788800164814627,-0.24539898175878586,0.159155290580621,-1,0.1738250398186792,1,0.12455685665916656,-1
2026-07-17 07:00:00+00:00,0.159,9.624882568338358e-05,0.08853783931603748,-0.2446363304309662,0.15901530429978228,1,0.17371951946849987,1,0.12449528849677252,-1
2026-07-17 08:00:00+00:00,0.16,0.0005204410678683825,0.08853783931603748,-0.2327382617152554,0.16008329224333093,1,0.17481209506264136,1,0.12677775001252395,-1
2026-07-17 09:00:00+00:00,0.1609,0.0005989164972400338,0.08853783931603748,-0.24092986758281998,0.16099639452766093,1,0.1757954130973687,1,0.12645078567416806,-1
2026-07-17 10:00:00+00:00,0.1609,0.0004049658364652185,0.08788800164814627,-0.24092986758281998,0.16096517219845352,1,0.1756812117262907,1,0.12645078567416806,-1
2026-07-17 11:00:00+00:00,0.161,0.0004371755761468585,0.0870294457587785,-0.24164891706302072,0.16107040065536193,1,0.1756395371979434,1,0.12643842716876233,-1
2026-07-17 12:00:00+00:00,0.1597,-0.00032858913866958884,0.08853783931603748,-0.2333447814709038,0.15964753293508038,-1,0.17448432238439893,1,0.12646331596625807,-1
2026-07-17 13:00:00+00:00,0.16,0.00040933574406575534,0.08806829762970649,-0.24092986758281998,0.1600655071253398,1,0.17473003276407728,1,0.1257434786070037,-1
2026-07-17 14:00:00+00:00,0.1628,0.000521103491697771,0.09325847786808159,-0.24092986758281998,0.16288485775636471,1,0.17871295787653,1,0.12794398948262622,-1
2026-07-17 15:00:00+00:00,0.164,0.00018070431071652806,0.0870294457587785,-0.170670655119174,0.16402963818475072,1,0.1789123236053585,1,0.13826826849773446,-1
2026-07-17 16:00:00+00:00,0.166,2.283035667090788e-05,0.0870294457587785,-0.21492321380252496,0.16600378988246942,1,0.1810941812103019,1,0.13389616005169933,-1
2026-07-17 17:00:00+00:00,0.1651,0.00032051035143207407,0.08788800164814627,-0.3737356049352043,0.16515292474003188,1,0.18026704820391917,1,0.1136150234236794,-1
2026-07-17 18:00:00+00:00,0.166,9.624882568338358e-05,0.09231361050616307,-0.3068521773238224,0.16601597807398655,1,0.18205364544962066,1,0.12213605289443578,-1
2026-07-17 19:00:00+00:00,0.166,0.00040933574406575534,0.09810861798492565,-0.36143174302172004,0.16606796364254003,1,0.18311171047289548,1,0.11564857250123549,-1
2026-07-17 20:00:00+00:00,0.1658,0.00040933574406575534,0.09353958892170795,-0.3964867642384308,0.16586788175863337,1,0.18205736534610473,1,0.11153020805453723,-1
2026-07-17 21:00:00+00:00,0.166,0.00042532271564721836,0.09208810057197857,-0.3737356049352043,0.1660706185875776,1,0.18201259517281382,1,0.11423436637389935,-1
2026-07-17 22:00:00+00:00,0.1658,0.00010728584170405235,0.0870294457587785,-0.38088819278175795,0.16581778894678853,1,0.18087599544980754,1,0.11328355931057421,-1
2026-07-17 23:00:00+00:00,0.1667,0.00010728584170405235,0.0870294457587785,-0.3071035314510443,0.16671788550922584,1,0.18185783137203207,1,0.1226202594606584,-1
2026-07-18 00:00:00+00:00,0.1675,-0.0012343967455413056,0.08323124469936474,-0.2288509230720306,0.16729336610546325,-1,0.1820378433514079,1,0.13323739050251435,-1
2026-07-18 01:00:00+00:00,0.1674,-0.0010710369653737976,0.08250774943859003,-0.2738548334714102,0.1672208043916866,-1,0.18179758675747365,1,0.1272980674759917,-1
2026-07-18 02:00:00+00:00,0.1684,-0.000579815668480894,0.0825814070314735,-0.2936835173183868,0.1683023873428365,-1,0.18289706510825024,1,0.12554428746513246,-1
2026-07-18 03:00:00+00:00,0.1679,-0.0001679793574281244,0.08795188325140883,-0.3809441503703528,0.16787179863457774,-1,0.18333598394485207,1,0.11471197410955089,-1
2026-07-18 04:00:00+00:00,0.1669,0.0014534831090401827,0.0825814070314735,-0.36966309334526165,0.16714276271391226,1,0.18126793448080145,1,0.11532240612527554,-1
2026-07-18 05:00:00+00:00,0.1667,0.00016968372607875195,0.08323124469936474,-0.38260236553142163,0.1667282886771335,1,0.18116840887569968,1,0.11370341371965227,-1
2026-07-18 06:00:00+00:00,0.166,-0.0001442975377081297,0.08172285114210573,-0.18146015360542259,0.16597604833686502,-1,0.18013573310012437,1,0.13845254544522215,-1
2026-07-18 07:00:00+00:00,0.1662,0.001006583201657902,0.08795188325140883,-0.3402561786643373,0.16636737835410284,1,0.18147969345821566,1,0.11826592655496382,-1
2026-07-18 08:00:00+00:00,0.1663,0.0007704193359018468,0.08795188325140883,-0.38004495877183714,0.16642817010158317,1,0.18158888701625311,1,0.11372103947881437,-1
2026-07-18 09:00:00+00:00,0.1658,0.0009873089290764134,0.08276170301303375,-0.16196288423104646,0.16596377665621453,1,0.18010570809562484,1,0.1410083852502941,-1
2026-07-18 10:00:00+00:00,0.1659,0.0004733915865688389,0.08323124469936474,-0.3508868862035407,0.16597855425620678,1,0.18029897439999146,1,0.11680411617445963,-1
2026-07-18 11:00:00+00:00,0.1659,-0.00024061245106714841,0.08153664395504283,-0.35585630255781364,0.16586008719631926,-1,0.17999369835733167,1,0.11622510774782353,-1
2026-07-18 12:00:00+00:00,0.1659,-0.00029526597151056716,0.0825814070314735,-0.3372687652963918,0.16585102260636106,-1,0.1801818473958356,1,0.1184056489336447,-1
2026-07-18 13:00:00+00:00,0.1647,0.00020028365038477427,0.08323124469936474,-0.2535435368768331,0.164732990020789,1,0.17899482268642916,1,0.12781476921216978,-1
2026-07-18 14:00:00+00:00,0.1651,0.00012197209122834213,0.08323124469936474,-0.1954666715555701,0.16512013882042387,1,0.17942953992428326,1,0.13578661950383492,-1
2026-07-18 15:00:00+00:00,0.1645,0.00028473913541791874,0.08393005580220878,-0.23443936790345862,0.1645468462569411,1,0.1789024394063221,1,0.1301218347956058,-1
2026-07-18 16:00:00+00:00,0.1643,0.0007704193359018468,0.08700701588949032,-0.23443936790345862,0.16442662866921295,1,0.17923558197033765,1,0.12996363195694852,-1
2026-07-18 17:00:00+00:00,0.1654,0.00020642757626148663,0.08323124469936474,-0.16763754419496987,0.16543414664539702,1,0.17975557785267382,1,0.13987221256555854,-1
2026-07-18 18:00:00+00:00,0.1653,0.00020028365038477427,0.08172285114210573,-0.3204621276309174,0.16533311020301408,1,0.17937612458705154,1,0.11997697833828475,-1
2026-07-18 19:00:00+00:00,0.166,0.000253305332799531,0.08393005580220878,-0.16265405863256224,0.16604205401127253,1,0.1805337686410302,1,0.14108093456725823,-1
2026-07-18 20:00:00+00:00,0.1663,0.001091432497382281,0.08136646969842236,-0.3967958129258044,0.16648160431071024,1,0.18039697801299992,1,0.11183198077655616,-1
2026-07-18 21:00:00+00:00,0.1664,0.0007960965421463847,0.08355523765426891,-0.3403993372976818,0.16653252320824796,1,0.18090097209411093,1,0.11839129420699762,-1
2026-07-18 22:00:00+00:00,0.1671,-7.267579675196964e-05,0.08225821357494185,-0.2958883512142664,0.16708785631564407,-1,0.18142650656164852,1,0.12430075647599463,-1
2026-07-18 23:00:00+00:00,0.1667,0.0001688498477663865,0.08795188325140883,-0.3616931713982966,0.1667281496460875,1,0.18202566124840283,1,0.11610588986229382,-1
2026-07-19 00:00:00+00:00,0.1671,0.0004224566118080317,0.1229655869638821,-0.3527322263247927,0.16717060741306727,1,0.18896428379370986,1,0.11743209002594497,-1
2026-07-19 01:00:00+00:00,0.1669,0.00010476990442023495,0.13476529679510438,-0.3418179993199119,0.1669174870130881,1,0.19097836081439573,1,0.11857869480526431,-1
2026-07-19 02:00:00+00:00,0.168,-0.0003298690997895044,0.12953462172018768,-0.24349588043919168,0.16794459113057475,-1,0.1912341514664189,1,0.1316922944867195,-1
2026-07-19 03:00:00+00:00,0.1668,0.000379328863386051,0.13429575510877337,-0.38971300794078223,0.16686328405638856,1,0.19077433645856104,1,0.11296550221667034,-1
2026-07-19 04:00:00+00:00,0.1662,0.00021298292837826021,0.1229655869638821,-0.4223114901688201,0.16623540153252367,1,0.18794652283970423,1,0.10894905550149786,-1
2026-07-19 05:00:00+00:00,0.1661,-0.0006471140984349538,0.130023881483635,-0.38035968914541785,0.16599254911848976,-1,0.18916391193114476,1,0.11354853055013121,-1
2026-07-19 06:00:00+00:00,0.1663,-0.0006058256661660564,0.13908345037127387,-0.45736381488379646,0.16619928170366158,-1,0.1911152858067147,1,0.10525958858045782,-1
2026-07-19 07:00:00+00:00,0.1657,-0.0006674506029070369,0.1319093954157318,-0.4038916192177988,0.16558944033576,-1,0.18906451761450574,1,0.11064062156157889,-1
2026-07-19 08:00:00+00:00,0.1658,-5.213818413600589e-05,0.12953462172018768,-0.4005660889544054,0.16579135571442088,-1,0.1887298947210253,1,0.11107616684065283,-1
2026-07-19 09:00:00+00:00,0.1649,4.1507664492462e-06,0.130023881483635,-0.22432410090407284,0.16490068446280798,1,0.1877972852344718,1,0.1317643537902168,-1
2026-07-19 10:00:00+00:00,0.1656,-0.00040311655027240205,0.1229655869638821,-0.4085942168241865,0.16553325735271157,-1,0.18726801553703382,1,0.11005508631538957,-1
2026-07-19 11:00:00+00:00,0.165,0.0002501500180142276,0.1292082509453008,-0.22290773398303848,0.16504127991584294,1,0.1877579671903969,1,0.13203113155825083,-1
2026-07-19 12:00:00+00:00,0.165,-0.0006197634596475504,0.13476529679510438,-0.21691461860466626,0.16489777071141917,-1,0.18880425125449551,1,0.13282478521669056,-1
2026-07-19 13:00:00+00:00,0.1656,0.00032768419618321433,0.13465075160773113,-0.414119988855,0.16565427339466915,1,0.18946910815063198,1,0.10944862412662959,-1
2026-07-19 14:00:00+00:00,0.1667,-0.00029378683526945455,0.13487402160047904,-0.41137939450033434,0.16665103292785335,-1,0.1907702475070283,1,0.11047799880057084,-1
2026-07-19 15:00:00+00:00,0.1663,0.0003580828973752511,0.13476529679510438,-0.41147580547295404,0.16635955984887874,1,0.19029179990074305,1,0.11020227940115745,-1
2026-07-19 16:00:00+00:00,0.1653,-0.0006212113143790252,0.13476529679510438,-0.22168949532297474,0.16519734565805372,-1,0.18914753171132184,1,0.13243242422817864,-1
2026-07-19 17:00:00+00:00,0.1652,-0.00017767598854228963,0.1290790141217165,-0.2298811011905393,0.16517065053411772,-1,0.18796125951928916,1,0.13127255835659574,-1
2026-07-19 18:00:00+00:00,0.1651,-0.00037750381113820994,0.1406509428077476,-0.23363759586730953,0.16503768588342935,-1,0.19003386511659284,1,0.13070119387527024,-1
2026-07-19 19:00:00+00:00,0.1661,0.00018111105832433407,0.13476529679510438,-0.44771349981858466,0.16613008527109308,1,0.1900629462628588,1,0.10615247636523106,-1
2026-07-19 20:00:00+00:00,0.1665,0.00021859357800545632,0.1290790141217165,-0.34559449280861376,0.16653639980897522,1,0.18944037354698331,1,0.11784860787324787,-1
2026-07-19 21:00:00+00:00,0.1651,0.0002403908527711919,0.1290790141217165,-0.22229601507862312,0.16513969330055456,1,0.1878474815171588,1,0.1321919900370998,-1
2026-07-19 22:00:00+00:00,0.166,0.00036776336936895806,0.1396796468438816,-0.42639308264379355,0.1660610599464329,1,0.1908842904295018,1,0.10837470420298392,-1
2026-07-19 23:00:00+00:00,0.1663,-3.8891859129795255e-06,0.1290790141217165,-0.3885451611334229,0.16629935322964037,-1,0.18921281754272265,1,0.11275848438267802,-1
2026-07-20 00:00:00+00:00,0.1656,-0.00012915896457596886,0.11634694306296114,-0.15674064323352066,0.1655786126566795,-1,0.18603264796693075,1,0.14157570599632857,-1
2026-07-20 01:00:00+00:00,0.1649,-0.00016675059940036467,0.11482505757451088,-0.14762457599525083,0.16487250511861654,-1,0.18496456887473242,1,0.14226829176116665,-1
2026-07-20 02:00:00+00:00,0.1659,-0.00010394567920069618,0.11634694306296114,-0.3236054529499616,0.16588275630803975,-1,0.1863696636335375,1,0.12003456515289535,-1
2026-07-20 03:00:00+00:00,0.1655,-0.0002497388879368211,0.11499523183113135,-0.35079594670625464,0.16545867337469397,-1,0.18566916861409552,1,0.1165330877975781,-1
2026-07-20 04:00:00+00:00,0.1644,-1.2738700788058692e-05,0.11071988007178332,-0.22318247242944053,0.16439790577092936,-1,0.18364827194026662,1,0.1315148811945403,-1
2026-07-20 05:00:00+00:00,0.1623,-0.0001245735929256041,0.11634694306296114,-0.199081622150812,0.16227978296514864,-1,0.1823254756342564,1,0.13300209132812343,-1
2026-07-20 06:00:00+00:00,0.1614,1.672288866629437e-06,0.11482505757451088,-0.20074625818060737,0.16140026990764875,1,0.18103869870455921,1,0.13204456743109444,-1
2026-07-20 07:00:00+00:00,0.1625,-3.943618856859966e-05,0.12446456695442924,-0.202749417337398,0.162493591745717,-1,0.1840380571803917,1,0.13267845698748038,-1
2026-07-20 08:00:00+00:00,0.162,-3.943618856859966e-05,0.1153026884661265,-0.1957141477042661,0.1619936114634225,-1,0.18179851687349272,1,0.13320405326065654,-1
2026-07-20 09:00:00+00:00,0.1629,-0.00011359748129362812,0.12446456695442924,-0.19984441504688316,0.16288149602131985,-1,0.18449107393652803,1,0.13339199184879644,-1
2026-07-20 10:00:00+00:00,0.1632,7.958002650481139e-05,0.1153026884661265,-0.19984441504688316,0.1632129879771105,1,0.18314517255403712,1,0.1336376492923486,-1
2026-07-20 11:00:00+00:00,0.1655,0.00015978497176283356,0.12898995000614946,-0.1590651712401527,0.16552644652564918,1,0.18828582326855392,1,0.14116169742672405,-1
2026-07-20 12:00:00+00:00,0.1643,-6.329866402475555e-05,0.1273964004628759,-0.22300046914156538,0.1642896003586459,-1,0.18662297879626877,1,0.1314588080662898,-1
2026-07-20 13:00:00+00:00,0.1629,-6.329866402475555e-05,0.11307421402965119,-0.20096351325344292,0.16288968897397088,-1,0.1824015781311563,1,0.13324279660758323,-1
2026-07-20 14:00:00+00:00,0.1624,1.8176531393970327e-05,0.12120007832636975,-0.2014683203043669,0.1624029518955259,1,0.18332536153083795,1,0.1327667869405386,-1
2026-07-20 15:00:00+00:00,0.1669,-6.516273288018824e-05,0.12120007832636975,-0.16518818254524723,0.16688912469421846,-1,0.18840518989837965,1,0.14148683135485943,-1
2026-07-20 16:00:00+00:00,0.1663,-4.211074295788481e-05,0.11550380806617337,-0.374796826077934,0.16629299713089515,-1,0.18666157058763824,1,0.11431943143081798,-1
2026-07-20 17:00:00+00:00,0.1674,-0.001867401268732279,0.11307421402965119,-0.16066696399977395,0.16708768872360844,-1,0.1874402957590888,1,0.14255376033284206,-1
2026-07-20 18:00:00+00:00,0.1684,-0.0002629775104489602,0.11499523183113135,-0.1721262301509888,0.1683557204097638,-1,0.18892258607017332,1,0.14177139580733286,-1
2026-07-20 19:00:00+00:00,0.1678,2.1638306291202435e-05,0.11634694306296114,-0.16377202500098878,0.1678036309470793,1,0.18850409618871367,1,0.14245138292387682,-1
2026-07-20 20:00:00+00:00,0.1699,0.00040250559585510646,0.12898995000614946,-0.1721262301509888,0.16996839946539613,1,0.19329160950650942,1,0.14303420515241005,-1
2026-07-20 21:00:00+00:00,0.1699,0.00013716507759983893,0.12898995000614946,-0.164542724116875,0.16992330594502855,1,0.19329160950650942,1,0.1441230292441581,-1
2026-07-20 22:00:00+00:00,0.1692,-5.669524109186207e-05,0.11499523183113135,-0.1721262301509888,0.16919040743713615,-1,0.18982008054081545,1,0.14244489412470737,-1
2026-07-20 23:00:00+00:00,0.1698,-6.516273288018824e-05,0.12862270725745187,-0.17785772751832762,0.16978893572844994,-1,0.19310691150100087,1,0.1421330436908245,-1
2026-07-21 00:00:00+00:00,0.1709,0.0001286225512929912,0.11011592186393238,-0.21773598408121736,0.17092198300774092,1,0.1907940381600678,1,0.1374613251684681,-1
2026-07-21 01:00:00+00:00,0.1702,0.0006197670899579775,0.10916301078113763,-0.2271490173070458,0.17030551705333186,1,0.1898315740992788,1,0.1356157065525715,-1
2026-07-21 02:00:00+00:00,0.1705,0.0006792504194554498,0.09431706518251597,-0.2971422390574973,0.17061585153816583,1,0.1873638338101633,1,0.1266709852646932,-1
2026-07-21 03:00:00+00:00,0.1725,0.000795801187223728,0.09273006195476459,-0.2271490173070458,0.17263733034137285,1,0.1892610536788545,1,0.13744835123571436,-1
2026-07-21 04:00:00+00:00,0.1723,-0.0002329143736853942,0.09381357574442407,-0.24493499735618046,0.17225987352661162,-1,0.18924656078357252,1,0.1348687584800165,-1
2026-07-21 05:00:00+00:00,0.1757,-0.00017131353301838757,0.09406311160807225,-0.2271490173070458,0.17566990279035194,-1,0.19302912935198893,1,0.13999811775139137,-1
2026-07-21 06:00:00+00:00,0.1763,-0.0001398797303999998,0.09193070548947438,-0.2177107943865579,0.17627534092822286,-1,0.19327572472206736,1,0.14180832119849357,-1
2026-07-21 07:00:00+00:00,0.1764,-0.0005915827162532049,0.09478660686884696,-0.21773598408121736,0.17629567567013069,-1,0.19393843249891746,1,0.14188518291233337,-1
2026-07-21 08:00:00+00:00,0.1745,0.0009237116849869991,0.09309200612452505,-0.31170895324662656,0.1746612621574335,1,0.19152469343845885,1,0.1277679577141457,-1
2026-07-21 09:00:00+00:00,0.1748,0.0006138915685556546,0.09413676920095572,-0.30384129997815745,0.17490734119073845,1,0.19205450893186246,1,0.1289985499038775,-1
2026-07-21 10:00:00+00:00,0.1747,-0.0004657703480310845,0.0938147823726198,-0.3291994878953506,0.1746186488671424,-1,0.19188284423505772,1,0.12569655758274906,-1
2026-07-21 11:00:00+00:00,0.1747,0.00017258230814454342,0.09478660686884696,-0.35070343171445,0.17473015273107195,1,0.19206941132404126,1,0.12302244094342565,-1
2026-07-21 12:00:00+00:00,0.1753,-0.0001398797303999998,0.09978835647451742,-0.3291994878953506,0.17527548079817054,-1,0.19369546320955264,1,0.12612825726534582,-1
2026-07-21 13:00:00+00:00,0.1758,-0.00015457846328215195,0.10916301078113763,-0.3291994878953506,0.17577282720637347,-1,0.19607750133168753,1,0.1264880070008431,-1
2026-07-21 14:00:00+00:00,0.1757,-0.0001398797303999998,0.09381357574442407,-0.31802883591380476,0.17567542485019144,-1,0.1929809676707701,1,0.12783612359985413,-1
2026-07-21 15:00:00+00:00,0.1751,-5.542424536685537e-05,0.09478660686884696,-0.38568578953149785,0.1750902954835715,-1,0.19250918101224743,1,0.11906522470972936,-1
2026-07-21 16:00:00+00:00,0.1735,0.00013322820578406478,0.09478660686884696,-0.4325249795795473,0.17352311663356312,1,0.19075010225942277,1,0.11257870981486681,-1
2026-07-21 17:00:00+00:00,0.1734,0.00013322820578406478,0.09413676920095572,-0.4325249795795473,0.17342310330985505,1,0.190516314924399,1,0.1125138229504202,-1
2026-07-21 18:00:00+00:00,0.1734,-0.00013373580452328746,0.09478660686884696,-0.3867101951764167,0.17337681176207906,-1,0.19064015983737123,1,0.11778852659758454,-1
2026-07-21 19:00:00+00:00,0.1738,0.00021768369081720922,0.095485417971691,-0.41609255155713437,0.1738378375436227,1,0.19121350496842593,1,0.11464182024019681,-1
2026-07-21 20:00:00+00:00,0.1735,0.000574097340570646,0.09413676920095572,-0.3833592282652038,0.17359963448579913,1,0.1906261859249321,1,0.11825205091618343,-1
2026-07-21 21:00:00+00:00,0.173,0.0005433614948037697,0.09978835647451742,-0.4325249795795473,0.17309402708163546,1,0.19115410801627267,1,0.11225427549263377,-1
2026-07-21 22:00:00+00:00,0.1731,0.0005905298953395979,0.09413676920095572,-0.40077490180749875,0.17320225091302233,1,0.1901867019227997,1,0.11594252108045894,-1
2026-07-21 23:00:00+00:00,0.1737,0.00026881934789478584,0.09950724542089105,-0.3950117940917588,0.17374670019740643,1,0.19187361856761798,1,0.11701684270200957,-1
2026-07-22 00:00:00+00:00,0.1739,-2.189731217337136e-05,0.08976838839346897,-0.4115967771160588,0.17389619209910462,-1,0.19023284269921037,1,0.11522464345264487,-1
2026-07-22 01:00:00+00:00,0.1742,0.0007373202768605964,0.0866914283061874,-0.42639308264379355,0.17432848855501662,1,0.18997557147771615,1,0.11372815344674578,-1
2026-07-22 02:00:00+00:00,0.1743,0.0004265448682613033,0.09004126949588788,-0.3786098530088383,0.17437436262890937,1,0.19072244850670828,1,0.11936286026531309,-1
2026-07-22 03:00:00+00:00,0.1734,0.0006090817600029375,0.09004126949588788,-0.28422405598192735,0.17350564694773285,1,0.18973765101011597,1,0.13050049349996357,-1
2026-07-22 04:00:00+00:00,0.1743,-0.0009470996026037381,0.08992672430851467,-0.3570899160731362,0.17413499868793852,-1,0.1907006034192565,1,0.12195937975360364,-1
2026-07-22 05:00:00+00:00,0.1715,0.0008379091207859376,0.08534277953545212,-0.27994245163263093,0.17164376163539638,1,0.18677898998238632,1,0.12962437111594408,-1
2026-07-22 06:00:00+00:00,0.1708,0.0005496708999575215,0.08429801645902145,-0.26880210194702203,0.17089390959703465,1,0.18582238494073716,1,0.13054149941720838,-1
2026-07-22 07:00:00+00:00,0.1711,0.0007491731373602366,0.09004126949588788,-0.2547251965061585,0.17122823155162165,1,0.18722094629660233,1,0.1326246535120489,-1
2026-07-22 08:00:00+00:00,0.1725,0.00031489470799920643,0.09004126949588788,-0.27710623753913877,0.17255432789046354,1,0.18875285351352367,1,0.13075050940132438,-1
2026-07-22 09:00:00+00:00,0.1733,0.0007912537999984507,0.10036902111563407,-0.30139947161556224,0.1734371785479063,1,0.19159681032731365,1,0.12820425382598266,-1
2026-07-22 10:00:00+00:00,0.1736,0.0006732571154352676,0.08976838839346897,-0.28950308062278773,0.1737169167883531,1,0.1899046664323342,1,0.1299631204813635,-1
2026-07-22 11:00:00+00:00,0.173,-0.00010635279720651585,0.08448422364608435,-0.29076172984592763,0.17298160194444295,-1,0.18825093211537938,1,0.12935102911525664,-1
2026-07-22 12:00:00+00:00,0.1723,-0.00010635279720651585,0.09004126949588788,-0.27021846886805634,0.17228167638744232,-1,0.18853400962539207,1,0.13150155474000397,-1
2026-07-22 13:00:00+00:00,0.1755,-0.0004855341962412127,0.09004126949588788,-0.4557388896986821,0.1754148094317003,-1,0.192035511835498,1,0.11126337663203345,-1
2026-07-22 14:00:00+00:00,0.1754,0.000676324343658105,0.09071325575538748,-0.41662232734936394,0.1755186674141848,1,0.1920551049299904,1,0.11563593364184417,-1
2026-07-22 15:00:00+00:00,0.1779,-0.0006773871110750481,0.0866914283061874,-0.32465688533159986,0.17777953363872634,-1,0.19401064389142197,1,0.1285817269215713,-1
2026-07-22 16:00:00+00:00,0.18,-3.649605761349008e-05,-0.018057966096377148,-0.2324416477000264,0.1799934308295047,-1,0.1767787383541092,-1,0.1426672796034302,-1
2026-07-22 17:00:00+00:00,0.1779,0.0011660739676658137,0.09099436680901385,-0.44907511233003616,0.17810756555372273,1,0.19484725842056966,1,0.11353901045770225,-1
2026-07-22 18:00:00+00:00,0.1758,0.0006175492517912636,0.10036902111563407,-0.263604494435252,0.1759085986875327,1,0.19436075738916178,1,0.1350631559392043,-1
2026-07-22 19:00:00+00:00,0.1746,0.000860961110708241,0.08393607228926099,-0.27021846886805634,0.17475038853998218,1,0.18988786537446994,1,0.13325694403717175,-1
2026-07-22 20:00:00+00:00,0.1746,-5.9548047535793505e-05,0.08534277953545212,-0.276387188058938,0.17458960322045727,-1,0.19015516997623702,1,0.1324374495834433,-1
2026-07-22 21:00:00+00:00,0.1751,-0.00031044244841003536,0.08448422364608435,-0.2813815436371284,0.17504564996399902,-1,0.19053605903701118,1,0.13215502901165668,-1
2026-07-22 22:00:00+00:00,0.1753,7.243286577965477e-05,0.08976838839346897,-0.2805619443271061,0.17531269794123977,1,0.1917643319446324,1,0.13241445941196509,-1
2026-07-22 23:00:00+00:00,0.1745,0.0010595057439503344,0.08448422364608435,-0.276387188058938,0.17468498172961752,1,0.18988316563083063,1,0.13236159766501063,-1
2026-07-23 00:00:00+00:00,0.1758,0.00014626888727726519,0.09327821331158795,-0.17976722270403817,0.17582571595105928,1,0.1929874572715339,1,0.14687468827997113,-1
2026-07-23 01:00:00+00:00,0.1747,0.0004886745559241711,0.09950724542089105,-0.27304778522313516,0.17478539230774465,1,0.19297824504181266,1,0.132956556488255,-1
2026-07-23 02:00:00+00:00,0.1746,0.0005754344040556674,0.09273006195476459,-0.2723647261838089,0.17470049975968463,1,0.19156510128885798,1,0.13297124704545646,-1
2026-07-23 03:00:00+00:00,0.1741,0.0007401444901604204,0.11011592186393238,-0.26847812121734776,0.17422890685470133,1,0.19436654209284848,1,0.13310678829382816,-1
2026-07-23 04:00:00+00:00,0.1744,0.00013725506058367428,0.09478660686884696,-0.2615903525462653,0.17442393892539754,1,0.19173958405788663,1,0.1342577096000585,-1
2026-07-23 05:00:00+00:00,0.1743,0.000861818449411436,0.09478660686884696,-0.27146553458529327,0.17445027970334143,1,0.1916296416358351,1,0.132862188980011,-1
2026-07-23 06:00:00+00:00,0.1743,0.0004886745559241711,0.10916301078113763,-0.27304778522313516,0.17438519679015396,1,0.1944044851087209,1,0.13265213392045133,-1
2026-07-23 07:00:00+00:00,0.173,0.00022171054561681878,0.11011592186393238,-0.27146553458529327,0.1730383601766624,1,0.1931384938659551,1,0.1318712489589323,-1
2026-07-23 08:00:00+00:00,0.1739,0.0002694221804672286,0.09413676920095572,-0.267759071737147,0.17394685882930377,1,0.19106566992706453,1,0.13304951466101433,-1
2026-07-23 09:00:00+00:00,0.1734,0.0008903403531555496,0.09950724542089105,-0.2722281859131129,0.1735544537652441,1,0.19154223062535958,1,0.132075387691272,-1
2026-07-23 10:00:00+00:00,0.1747,0.0007733553953229556,0.11011592186393238,-0.2867654581603567,0.17483515744319564,1,0.19503638658024483,1,0.13114515444676275,-1
2026-07-23 11:00:00+00:00,0.1744,0.0007823613903293498,0.10916301078113763,-0.28554917238639,0.17453649721458633,1,0.19451601952358533,1,0.1310792810619739,-1
2026-07-23 12:00:00+00:00,0.173,-0.00016671212767298166,0.095485417971691,-0.26847812121734776,0.17297116120586772,-1,0.19033335074532615,1,0.13226579192896193,-1
2026-07-23 13:00:00+00:00,0.1715,0.00014626888727726519,0.09431706518251597,-0.27146553458529327,0.17152508694884339,1,0.18846274192635193,1,0.13072785662691846,-1
2026-07-23 14:00:00+00:00,0.1695,0.00014626888727726519,0.095485417971691,-0.26847812121734776,0.16952479438967322,1,0.18648267601926466,1,0.12958989440438756,-1
2026-07-23 15:00:00+00:00,0.1705,0.00014626888727726519,0.09950724542089105,-0.260173985625231,0.1705249406692583,1,0.18833881385019496,1,0.13144142447154322,-1
2026-07-23 16:00:00+00:00,0.1695,0.00014626888727726519,0.09406311160807225,-0.2562019084363022,0.16952479438967322,1,0.18621762905613048,1,0.13119057255262032,-1
2026-07-23 17:00:00+00:00,0.1686,0.00013725506058367428,0.09478660686884696,-0.2615903525462653,0.1686231427914107,1,0.18536292357889728,1,0.12979271696427674,-1
2026-07-23 18:00:00+00:00,0.1694,0.00038553302719439346,0.095485417971691,-0.27146553458529327,0.16946532188586985,1,0.18637265674137718,1,0.12912710736209904,-1
2026-07-23 19:00:00+00:00,0.1697,-0.00018921950992768503,0.09327821331158795,-0.260173985625231,0.169667892486945,-1,0.18629107792365926,1,0.13082469051507847,-1
2026-07-23 20:00:00+00:00,0.1697,0.00026215817492879743,0.09478660686884696,-0.2615903525462653,0.16974449407427322,1,0.1865722902214642,1,0.13063952591244224,-1
2026-07-23 21:00:00+00:00,0.169,0.00014626888727726519,0.09292183186790458,-0.2723647261838089,0.16902472124988066,1,0.18545653590270117,1,0.1287064189615243,-1
2026-07-23 22:00:00+00:00,0.1693,0.00014626888727726519,0.09478660686884696,-0.27304778522313516,0.1693247651337562,1,0.18613252053325807,1,0.1288468518229054,-1
2026-07-23 23:00:00+00:00,0.1685,0.0013803029463598212,0.09327821331158795,-0.2615903525462653,0.16873274163649263,1,0.18497375739620853,1,0.12971573433262534,-1
2026-07-24 00:00:00+00:00,0.1673,0.0007309283048806204,0.031381984090199114,-0.26772557037930234,0.16742232900682708,1,0.17263345544060016,1,0.12800419510155805,-1
2026-07-24 01:00:00+00:00,0.167,0.0004079432013814224,0.03343875194689672,-0.25296036616673867,0.1670681404123947,1,0.17267868654503174,1,0.12967527569097081,-1
2026-07-24 02:00:00+00:00,0.1668,0.0001403176054113853,0.031381984090199114,-0.2671778389365316,0.16682340661872455,1,0.17211751564549974,1,0.12769155777023627,-1
2026-07-24 03:00:00+00:00,0.1674,0.0002172359601632378,0.03152899048526439,-0.26564316335401117,0.16743636924994276,1,0.172762038657449,1,0.12834770093635509,-1
2026-07-24 04:00:00+00:00,0.1673,0.00012185672663826988,0.032482386184711255,-0.254376733087773,0.16732038787254108,1,0.17282352621450922,1,0.1297243578175917,-1
2026-07-24 05:00:00+00:00,0.1668,0.00012185672663826988,0.03582511163993832,-0.26772557037930234,0.16682032694046534,1,0.17288395715887442,1,0.12762163623992756,-1
2026-07-24 06:00:00+00:00,0.1672,0.00012185672663826988,0.026528848826790512,-0.2671778389365316,0.1672203756861259,1,0.1716949832695401,1,0.12799777253707137,-1
2026-07-24 07:00:00+00:00,0.1683,0.00012185672663826988,0.03743007429231637,-0.2671778389365316,0.16832050973669255,1,0.17471886134168316,1,0.1288398631458679,-1
2026-07-24 08:00:00+00:00,0.1679,0.0005284809509346164,0.025006963338340203,-0.26772557037930234,0.1679887554023659,1,0.17215160748176667,1,0.12846326573551461,-1
2026-07-24 09:00:00+00:00,0.1674,0.0007923317999914616,0.03562399203989144,-0.26772557037930234,0.1675326889031956,1,0.17347094998016965,1,0.12808070687388412,-1
2026-07-24 10:00:00+00:00,0.1665,0.00044402546590147215,0.02517713759496067,-0.2673143792072276,0.16657394665595684,1,0.1707452102845781,1,0.12744449420132942,-1
2026-07-24 11:00:00+00:00,0.1664,0.0004079432013814224,0.026528848826790512,-0.2675485094616838,0.16646789559654177,1,0.17087347617255666,1,0.12733813376149117,-1
2026-07-24 12:00:00+00:00,0.1654,0.000707876314958317,0.025006963338340203,-0.26498278078127235,0.16551712419232412,1,0.1695883018313532,1,0.12689804919245906,-1
2026-07-24 13:00:00+00:00,0.1646,0.00014490871656057332,0.03557115806549461,-0.254376733087773,0.1646238537030089,1,0.1705603931977059,1,0.12763077882113325,-1
2026-07-24 14:00:00+00:00,0.1649,0.00012185672663826988,0.03562399203989144,-0.26564316335401117,0.16492009539857755,1,0.17088028465788516,1,0.12643091926167835,-1
2026-07-24 15:00:00+00:00,0.1648,0.00020631221167141428,0.026528848826790512,-0.26772557037930234,0.1648340037600583,1,0.1692304619785898,1,0.12609140079340564,-1
2026-07-24 16:00:00+00:00,0.1631,0.00044402546590147215,0.03917185576997882,-0.26498278078127235,0.1631724366341535,1,0.16961571281766136,1,0.12513344512267274,-1
2026-07-24 17:00:00+00:00,0.1638,3.3560130083713573e-05,0.031381984090199114,-0.254376733087773,0.16380549724155127,1,0.16902187687489723,1,0.12701045911847889,-1
2026-07-24 18:00:00+00:00,0.1639,0.0005033224349063903,0.03562399203989144,-0.25296036616673867,0.16398251531124286,1,0.16984401852897138,1,0.1272681298547911,-1
2026-07-24 19:00:00+00:00,0.1637,0.0004923986864145667,0.02517713759496067,-0.254376733087773,0.16378062551328548,1,0.16787381936087348,1,0.1269329191556471,-1
2026-07-24 20:00:00+00:00,0.1636,9.555889625891482e-06,0.03743007429231637,-0.26498278078127235,0.1636015633510124,1,0.16983960615269972,1,0.12551705470306107,-1
2026-07-24 21:00:00+00:00,0.1632,0.00014805547417034382,0.02998115473661947,-0.26564316335401117,0.16322416444217944,1,0.16816701075974233,1,0.12512750772289818,-1
2026-07-24 22:00:00+00:00,0.164,0.0004923986864145667,0.03562399203989144,-0.254376733087773,0.16408077326926584,1,0.16994764514186278,1,0.1271655390441425,-1
2026-07-24 23:00:00+00:00,0.164,0.000145453573511057,0.031381984090199114,-0.25296036616673867,0.1640238561209928,1,0.1692282527929374,1,0.12734577972047434,-1
2026-07-25 00:00:00+00:00,0.1644,0.0006041188850483107,0.13908345037127387,-0.27710623753913877,0.16449934715042533,1,0.18893176780892298,1,0.1246109202642187,-1
2026-07-25 01:00:00+00:00,0.1638,9.042595429944195e-05,0.13141545560540388,-0.2718412196727853,0.1638148124410187,1,0.18680431535953987,1,0.12481154401107299,-1
2026-07-25 02:00:00+00:00,0.1641,0.0005915790233374795,0.13476529679510438,-0.2681955821913737,0.16419710683808186,1,0.18777440988401642,1,0.12549681953557143,-1
2026-07-25 03:00:00+00:00,0.164,0.00017488143933258634,0.13006680683466856,-0.2718412196727853,0.16402868306404522,1,0.18678033265123542,1,0.12496393905870556,-1
2026-07-25 04:00:00+00:00,0.1638,0.00017488143933258634,0.1406509428077476,-0.27994245163263093,0.16382864808469882,1,0.1885375354700055,1,0.12380450139237106,-1
2026-07-25 05:00:00+00:00,0.1631,9.042595429944195e-05,0.13908345037127387,-0.276387188058938,0.16311474913998872,1,0.18743778181043394,1,0.12371447896368615,-1
2026-07-25 06:00:00+00:00,0.1623,9.042595429944195e-05,0.130023881483635,-0.27979929299928646,0.16231467679595443,1,0.1848362607250138,1,0.12268832317265085,-1
2026-07-25 07:00:00+00:00,0.1616,0.00015570404296383824,0.1229655869638821,-0.27710623753913877,0.16162516373233954,1,0.18274463351923106,1,0.12248859315509576,-1
2026-07-25 08:00:00+00:00,0.1618,0.00036835304221100046,0.1290790141217165,-0.27021846886805634,0.16185961050041034,1,0.18409280744685824,1,0.12348782099206408,-1
2026-07-25 09:00:00+00:00,0.1624,0.00017488143933258634,0.1406509428077476,-0.276387188058938,0.16242840322927404,1,0.18692610354291142,1,0.12318351553465745,-1
2026-07-25 10:00:00+00:00,0.1623,0.00028389755717785596,0.13476529679510438,-0.2703208165055036,0.16234608311466228,1,0.18571472714305828,1,0.12385675026651764,-1
2026-07-25 11:00:00+00:00,0.1627,0.00018580518782440985,0.12902204375823792,-0.276387188058938,0.16273023331272524,1,0.18510626359451376,1,0.12341107128995549,-1
2026-07-25 12:00:00+00:00,0.1633,0.00019335477832626037,0.1396796468438816,-0.26880210194702203,0.16333157788807007,1,0.1877795459466123,1,0.12480929071914595,-1
2026-07-25 13:00:00+00:00,0.1636,0.00023675385442716883,0.1406509428077476,-0.26880210194702203,0.16363873751603145,1,0.18830733090899207,1,0.12503857906706844,-1
2026-07-25 14:00:00+00:00,0.1644,0.00016697635811645077,0.13429575510877337,-0.262190203190689,0.16442745320522867,1,0.1880293819771429,1,0.12648355243422393,-1
2026-07-25 15:00:00+00:00,0.1648,-0.00011166064199390926,0.13476529679510438,-0.26880210194702203,0.16478159935353254,-1,0.18857539761661127,1,0.12595573245875843,-1
2026-07-25 16:00:00+00:00,0.1652,-0.0005560052275795765,0.13487402160047904,-0.27710623753913877,0.16510817346678572,-1,0.18905365859724704,1,0.12521729943825385,-1
2026-07-25 17:00:00+00:00,0.1656,-0.0013671563798083922,0.14064332639513247,-0.262190203190689,0.16537375359585121,-1,0.19060792476499516,1,0.12740679004323288,-1
2026-07-25 18:00:00+00:00,0.166,0.0005009773563185334,0.1292082509453008,-0.26880210194702203,0.1660831830758278,1,0.1888958942642781,1,0.12687288585044842,-1
2026-07-25 19:00:00+00:00,0.1656,0.00041381016015994696,0.13006680683466856,-0.27021846886805634,0.1656685411430551,1,0.18860257979905232,1,0.1263880293960804,-1
2026-07-25 20:00:00+00:00,0.1647,0.0005213470760622348,0.1290790141217165,-0.27021846886805634,0.16478588825027612,1,0.18739236950863755,1,0.1257011379319713,-1
2026-07-25 21:00:00+00:00,0.1647,0.00027938073315413736,0.1406509428077476,-0.276387188058938,0.1647460204350626,1,0.189573455994566,1,0.1249281096586089,-1
2026-07-25 22:00:00+00:00,0.1651,0.00023675385442716883,0.1406509428077476,-0.27710623753913877,0.1651390926888557,1,0.19003386511659284,1,0.12514150204149946,-1
2026-07-25 23:00:00+00:00,0.1648,0.0005964549287811485,0.12902204375823792,-0.27021846886805634,0.16489832509259117,1,0.18749546552167098,1,0.1257774592057612,-1
2026-07-26 00:00:00+00:00,0.1653,4.96738194769682e-06,0.08409107601686663,-0.2058305280952579,0.16530082111027536,1,0.17980143099907178,1,0.13454940792194003,-1
2026-07-26 01:00:00+00:00,0.1651,0.0006862007400630267,0.1013035508939657,-0.20380764141857516,0.16521333062151555,1,0.18270172441041094,1,0.13465873775564344,-1
2026-07-26 02:00:00+00:00,0.1655,0.0006935372450360821,0.08865077605712127,-0.20380764141857516,0.16561482022550258,1,0.18084168334754105,1,0.13498498545462745,-1
2026-07-26 03:00:00+00:00,0.1654,0.0006110743950683625,0.08967523578502984,-0.20441416117422354,0.16550110259240097,1,0.18091766140067453,1,0.13482162674659598,-1
2026-07-26 04:00:00+00:00,0.1658,2.4907437497350953e-05,0.09552662968669719,-0.21199924728613972,0.16580412970456704,1,0.18241948040215714,1,0.13412644781532398,-1
2026-07-26 05:00:00+00:00,0.1654,0.0007584520617038515,0.1013035508939657,-0.20369209905046398,0.16552549555617152,1,0.18303370816161096,1,0.13491901149142005,-1
2026-07-26 06:00:00+00:00,0.1662,-0.000397439924485897,0.08389930610372665,-0.19834261543883286,0.16613395860916244,-1,0.1807457212437754,1,0.13629876353017628,-1
2026-07-26 07:00:00+00:00,0.1651,0.00045940460265898316,0.08516510097173027,-0.20091992781605258,0.1651758651249585,1,0.17977686659720163,1,0.1350481556173778,-1
2026-07-26 08:00:00+00:00,0.1652,0.0006181917765493557,0.09095760062347949,-0.21271829676634044,0.16530215685449628,1,0.1809307681543028,1,0.13354500863058535,-1
2026-07-26 09:00:00+00:00,0.165,0.0008379091207859376,0.1013035508939657,-0.19998575186609613,0.1651383129436758,1,0.18259106316001095,1,0.13509249906017057,-1
2026-07-26 10:00:00+00:00,0.1654,-0.0005065489447600329,0.08973162220793461,-0.19834261543883286,0.16531623802109874,-1,0.18092786298805405,1,0.13564269246625246,-1
2026-07-26 11:00:00+00:00,0.1651,3.392126419094184e-05,0.08967523578502984,-0.1979770298671775,0.16510560049570533,1,0.18058951570284987,1,0.1354461739339292,-1
2026-07-26 12:00:00+00:00,0.1649,0.001250529452698958,0.08865077605712127,-0.20369209905046398,0.16510634129779503,1,0.18018606395171916,1,0.13451115474567815,-1
2026-07-26 13:00:00+00:00,0.1646,0.0008057887903122779,0.09067648956985312,-0.1908397413298895,0.16473268628626705,1,0.18022296482467606,1,0.136003217958146,-1
2026-07-26 14:00:00+00:00,0.1649,-0.0006327948265522666,0.0842612502734871,-0.1908397413298895,0.1647956851415338,-1,0.17939686594782908,1,0.13625109745624708,-1
2026-07-26 15:00:00+00:00,0.1655,-0.0005065489447600329,0.08967523578502984,-0.19834261543883286,0.16541618737903171,-1,0.18102704329994945,1,0.13572470134924294,-1
2026-07-26 16:00:00+00:00,0.1654,-0.0007169307795132758,0.08870220466060695,-0.192552049923558,0.16528146214586384,-1,0.18074170850287943,1,0.1364304188531922,-1
2026-07-26 17:00:00+00:00,0.1647,0.000664717652327092,0.08516510097173027,-0.192552049923558,0.16480951539171287,1,0.17934130786528837,1,0.13585302288464787,-1
2026-07-26 18:00:00+00:00,0.1648,0.0006528647918274518,0.08389930610372665,-0.1908397413298895,0.16490762724689037,1,0.17922319410935128,1,0.13616847095688006,-1
2026-07-26 19:00:00+00:00,0.1645,0.0007020047368244082,0.08967523578502984,-0.1908397413298895,0.16461552032237023,1,0.17993322430720052,1,0.13592059145877897,-1
2026-07-26 20:00:00+00:00,0.1642,0.0009750502589171893,0.089999228739934,-0.1908397413298895,0.1643601813322483,1,0.17966327881722985,1,0.13567271196067784,-1
2026-07-26 21:00:00+00:00,0.165,2.4907437497350953e-05,0.08627190121973595,-0.1908397413298895,0.16500410977836888,1,0.17986694356348776,1,0.13633372395561416,-1
2026-07-26 22:00:00+00:00,0.1658,0.0006666438716643982,0.08865077605712127,-0.192552049923558,0.165910566404035,1,0.18116949304545202,1,0.13676035940664613,-1
2026-07-26 23:00:00+00:00,0.166,0.0002386626680026987,0.08967523578502984,-0.1955614857356496,0.1660396227309337,1,0.18157395279632393,1,0.13651388111719706,-1
2026-07-27 00:00:00+00:00,0.1654,-0.0003282405456767965,0.05214688184203549,-0.29292516166543986,0.16534571792302172,-1,0.17425394067188912,1,0.12340129687329807,-1
2026-07-27 01:00:00+00:00,0.165,0.00019358610310046958,0.05380402334470372,-0.27696658313611916,0.16503194479894642,1,0.17412083239330364,1,0.12508317184072248,-1
2026-07-27 02:00:00+00:00,0.1649,0.00016738735556839565,0.05980059883237881,-0.2625594703834306,0.16492760448518964,1,0.1750619354904521,1,0.12682139514311017,-1
2026-07-27 03:00:00+00:00,0.1654,-0.0008556895649855634,0.053955366420515904,-0.2822678486698365,0.16525852948200648,-1,0.17456936136709683,1,0.12472345593559184,-1
2026-07-27 04:00:00+00:00,0.1654,-5.030924058649731e-05,0.05214688184203549,-0.2768510407680078,0.1653916790609188,-1,0.17425394067188912,1,0.1254008920514673,-1
2026-07-27 05:00:00+00:00,0.1657,-0.00033603848080712527,0.05657453696192313,-0.297552027785768,0.16564432777825855,-1,0.1753446492427673,1,0.12305444462285063,-1
2026-07-27 06:00:00+00:00,0.1662,8.110606163185005e-06,0.05380402334470372,-0.27871451770375316,0.1662013479882108,1,0.17538716571980037,1,0.1257728327066633,-1
2026-07-27 07:00:00+00:00,0.165,0.00017831110406021916,0.05657453696192313,-0.26960077098438534,0.16502942395540096,1,0.17460390540166934,1,0.12600791253998958,-1
2026-07-27 08:00:00+00:00,0.165,0.00018288852801216988,0.05214688184203549,-0.2681868940136042,0.16503017936676787,1,0.17383252848163064,1,0.1261861982329837,-1
2026-07-27 09:00:00+00:00,0.1654,-0.0009990317967438662,0.05380402334470372,-0.2775731028917675,0.16523484265327545,-1,0.1745429435021359,1,0.12531037749952872,-1
2026-07-27 10:00:00+00:00,0.1656,-4.186443415335616e-05,0.05234800144208236,-0.2892861103812984,0.16559306739482,-1,0.17449973855570344,1,0.1240009381831873,-1
2026-07-27 11:00:00+00:00,0.1646,0.00019358610310046958,0.05983358771846826,-0.2789894698128018,0.16463186735700955,1,0.17474921272637717,1,0.12452777936312077,-1
2026-07-27 12:00:00+00:00,0.164,0.00012338037632344257,0.05214688184203549,-0.2775731028917675,0.1640202356300312,1,0.1727789980059844,1,0.12424970924983501,-1
2026-07-27 13:00:00+00:00,0.1645,-0.00037045744584572566,0.05214688184203549,-0.2789894698128018,0.16443907103664926,-1,0.1733057632438075,1,0.12445212457614441,-1
2026-07-27 14:00:00+00:00,0.159,-5.030924058649731e-05,0.047558058710170374,-0.2625594703834306,0.15899200103195943,-1,0.16674442666359776,1,0.12228381945272601,-1
2026-07-27 15:00:00+00:00,0.158,0.00010598386045755469,0.05214688184203549,-0.2625594703834306,0.15801674633735735,1,0.16645781515210692,1,0.12151473882723716,-1
2026-07-27 16:00:00+00:00,0.159,-0.00011389112844751097,0.05214688184203549,-0.2768510407680078,0.15898189234174723,-1,0.16751134562775316,1,0.12054862053315177,-1
2026-07-27 17:00:00+00:00,0.1593,-0.0005158375594397184,0.05380402334470372,-0.2789894698128018,0.15921784826707758,-1,0.16810574909244405,1,0.12051807565337266,-1
2026-07-27 18:00:00+00:00,0.1585,-0.00033603848080712527,0.05214688184203549,-0.2775731028917675,0.1584467468488472,-1,0.16698458038993003,1,0.12008279826889542,-1
2026-07-27 19:00:00+00:00,0.159,0.0002403908527711919,0.05294546745533592,-0.26084716178976214,0.15903822674008586,1,0.16764517120691505,1,0.12249338645812945,-1
2026-07-27 20:00:00+00:00,0.1592,-0.00033603848080712527,0.05547842134545391,-0.26869095736998966,0.15914651166142887,-1,0.1682817561848671,1,0.12168920764145855,-1
2026-07-27 21:00:00+00:00,0.1588,-0.00037045744584572566,0.05214688184203549,-0.2775731028917675,0.15874118225300854,-1,0.1673006395326239,1,0.12031008432240121,-1
2026-07-27 22:00:00+00:00,0.1547,-0.0009417897165923663,0.05380402334470372,-0.2789894698128018,0.15455437371627523,-1,0.16325147134087317,1,0.11703795545245921,-1
2026-07-27 23:00:00+00:00,0.1556,0.00015593536773804746,0.05380402334470372,-0.26084716178976214,0.15562426543509064,1,0.16420122133574572,1,0.11987403102443359,-1
2026-07-28 00:00:00+00:00,0.1549,0.00043008511337921257,0.10891144878392726,-0.22314811652204514,0.1549666345122912,1,0.17272335252777044,1,0.12391943428073636,-1
2026-07-28 01:00:00+00:00,0.1543,0.00043008511337921257,0.10891144878392726,-0.22314811652204514,0.15436637640572323,1,0.17205431436433166,1,0.1234394364720311,-1
2026-07-28 02:00:00+00:00,0.1551,0.000326943584649435,0.10891144878392726,-0.22314811652204514,0.15515071724036553,1,0.17294636524891666,1,0.12407943355030475,-1
2026-07-28 03:00:00+00:00,0.1549,0.00043008511337921257,0.10891144878392726,-0.22314811652204514,0.1549666345122912,1,0.17272335252777044,1,0.12391943428073636,-1
2026-07-28 04:00:00+00:00,0.1553,0.00043008511337921257,0.10891144878392726,-0.22314811652204514,0.1553668065833365,1,0.1731693779700629,1,0.12423943281987317,-1
2026-07-28 05:00:00+00:00,0.156,0.00023072196433410367,0.10891144878392726,-0.22314811652204514,0.1560359967789002,1,0.1739499224940748,1,0.12479943026336263,-1
2026-07-28 06:00:00+00:00,0.1569,0.0005650832526781561,0.10891144878392726,-0.22314811652204514,0.15698868661764645,1,0.17495347973923292,1,0.1255194269764205,-1
2026-07-28 07:00:00+00:00,0.1572,0.0009816895387901134,0.10891144878392726,-0.22314811652204514,0.15735439736823884,1,0.17528799882095228,1,0.1257594258807731,-1
2026-07-28 08:00:00+00:00,0.1573,-0.001274424369022813,0.10891144878392726,-0.22314811652204514,0.1570996607324902,-1,0.17539950518152542,1,0.1258394255155573,-1
2026-07-28 09:00:00+00:00,0.1573,0.0007528447171441456,0.10891144878392726,-0.22314811652204514,0.15741846706206233,1,0.17539950518152542,1,0.1258394255155573,-1
2026-07-28 10:00:00+00:00,0.157,0.00027814206546801626,0.10891144878392726,-0.22314811652204514,0.15704367437783776,1,0.17506498609980603,1,0.12559942661120468,-1
2026-07-28 11:00:00+00:00,0.1571,0.000514540598412357,0.10891144878392726,-0.22314811652204514,0.15718085512784963,1,0.17517649246037914,1,0.12567942624598888,-1
2026-07-28 12:00:00+00:00,0.1583,0.000329826586367538,0.10891144878392726,-0.22314811652204514,0.15835222015994713,1,0.17651456878725666,1,0.12663942186339938,-1
2026-07-28 13:00:00+00:00,0.1563,0.0005580556115127514,0.10891144878392726,-0.22314811652204514,0.15638724843455437,1,0.17428444157579415,1,0.12503942916771524,-1
2026-07-28 14:00:00+00:00,0.1569,0.0005580556115127514,0.10891144878392726,-0.22314811652204514,0.1569875833613665,1,0.17495347973923292,1,0.1255194269764205,-1
2026-07-28 15:00:00+00:00,0.1591,-0.001274424369022813,0.10891144878392726,-0.22314811652204514,0.15889736822974693,-1,0.17740661967184165,1,0.12727941894167302,-1
2026-07-28 16:00:00+00:00,0.1593,0.0009816895387901134,0.10891144878392726,-0.22314811652204514,0.15945645992850158,1,0.1776296323929879,1,0.12743941821124144,-1
2026-07-28 17:00:00+00:00,0.1591,-0.001274424369022813,0.10891144878392726,-0.22314811652204514,0.15889736822974693,-1,0.17740661967184165,1,0.12727941894167302,-1
2026-07-28 18:00:00+00:00,0.1586,0.0005580556115127514,0.10891144878392726,-0.22314811652204514,0.15868853232066746,1,0.17684908786897602,1,0.126879420767752,-1
2026-07-28 19:00:00+00:00,0.159,0.000548941087759469,0.10891144878392726,-0.22314811652204514,0.15908730559357515,1,0.17729511331126854,1,0.12719941930688883,-1
2026-07-28 20:00:00+00:00,0.1601,-0.001274424369022813,0.10891144878392726,-0.22314811652204514,0.15989609461711177,-1,0.1785216832775729,1,0.12807941528951508,-1
2026-07-28 21:00:00+00:00,0.1607,-0.001274424369022813,0.10891144878392726,-0.22314811652204514,0.1604953304495307,-1,0.17919072144101167,1,0.12855941309822036,-1
2026-07-28 22:00:00+00:00,0.1612,0.0005580556115127514,0.10891144878392726,-0.22314811652204514,0.16128998367018663,1,0.1797482532438773,1,0.1289594112721414,-1
2026-07-28 23:00:00+00:00,0.162,0.0007761498888461858,0.10891144878392726,-0.24291491924785436,0.16212578508972028,1,0.18064030412846227,1,0.12706279536931803,-1
2026-07-29 00:00:00+00:00,0.1628,0.0007271497980399079,0.0992084749837951,-0.24291491924785436,0.1629184230375468,1,0.17977946918361085,1,0.1276902659637344,-1
2026-07-29 01:00:00+00:00,0.1619,0.0009803671103853682,0.0992084749837951,-0.22314811652204514,0.16205879926324002,1,0.1787856023392297,1,0.1295194087156308,-1
2026-07-29 02:00:00+00:00,0.1659,0.0009422973324397217,0.0992084749837951,-0.3552535882062652,0.16605640080390924,1,0.183202788314257,1,0.11629517940274824,-1
2026-07-29 03:00:00+00:00,0.1635,0.0007515222887394004,0.0992084749837951,-0.2429149275898487,0.1636229200770124,1,0.18055247672924063,1,0.1282393016640772,-1
2026-07-29 04:00:00+00:00,0.1631,-0.0012152494879933108,0.0992084749837951,-0.24369137749991635,0.16290191319533065,-1,0.18011075813173788,1,0.12782627712653338,-1
2026-07-29 05:00:00+00:00,0.164,-0.001208221846827906,0.0992084749837951,-0.18435034221981209,0.16380197127252785,-1,0.18110462497611904,1,0.136389680392996,-1
2026-07-29 06:00:00+00:00,0.1642,-0.0012902863872811426,0.0992084749837951,-0.1908216288938626,0.16398827159971927,-1,0.1813254842748704,1,0.13567516934624838,-1
2026-07-29 07:00:00+00:00,0.1646,-0.001208221846827906,0.0992084749837951,-0.23674312919156773,0.16440124677718343,-1,0.18176720287237313,1,0.1299013295819971,-1
2026-07-29 08:00:00+00:00,0.1644,-0.0005254132324754374,0.0992084749837951,-0.24369137749991635,0.16431364475266244,-1,0.18154634357362176,1,0.12884512544207288,-1
2026-07-29 09:00:00+00:00,0.1642,-0.0006621258255463452,0.0992084749837951,-0.24369137749991635,0.16409131492501353,-1,0.1813254842748704,1,0.12868837954737453,-1
2026-07-29 10:00:00+00:00,0.1637,0.0009958468514746671,0.0992084749837951,-0.22314811652204514,0.16386310132807932,1,0.180773336027992,1,0.13095940214174656,-1
2026-07-29 11:00:00+00:00,0.1639,0.0012337321657752728,0.0992084749837951,-0.22314811652204514,0.16410233348897313,1,0.18099419532674335,1,0.13111940141131495,-1
2026-07-29 12:00:00+00:00,0.164,0.0009261551675210346,0.0992084749837951,-0.22314811652204514,0.16415195980579103,1,0.18110462497611904,1,0.13119940104609917,-1
2026-07-29 13:00:00+00:00,0.1649,0.0010025918984317454,0.0992084749837951,-0.24369137749991635,0.16506541030971386,1,0.18209849182050017,1,0.12923699017881884,-1
2026-07-29 14:00:00+00:00,0.163,0.0009181364133986012,0.0992084749837951,-0.22314811652204514,0.16314972495883448,1,0.18000032848236222,1,0.13039940469825712,-1
2026-07-29 15:00:00+00:00,0.1631,0.0009181364133986012,0.0992084749837951,-0.22314811652204514,0.16324981681463743,1,0.18011075813173788,1,0.1304794043330413,-1
2026-07-29 16:00:00+00:00,0.1633,0.0009352696912743169,0.0992084749837951,-0.22314811652204514,0.16345280098451162,1,0.18033161743048925,1,0.13063940360260973,-1
2026-07-29 17:00:00+00:00,0.1653,0.000940126454657101,0.0992084749837951,-0.23674312919156773,0.16545547597504212,1,0.18254021041800292,1,0.13045376537001288,-1
2026-07-29 18:00:00+00:00,0.1679,-0.0012902863872811426,0.0992084749837951,-0.39356505038211526,0.16768350061871415,-1,0.18541138130177065,1,0.11327330350981393,-1
2026-07-29 19:00:00+00:00,0.1632,0.0007515222887394004,0.0992084749837951,-0.22314811652204514,0.1633226945355867,1,0.1802211877811136,1,0.13055940396782553,-1
2026-07-29 20:00:00+00:00,0.1611,0.0009181364133986012,0.0992084749837951,-0.22314811652204514,0.16124797969857813,1,0.17790216514422424,1,0.12887941163735717,-1
2026-07-29 21:00:00+00:00,0.1629,0.0009181364133986012,0.0992084749837951,-0.22314811652204514,0.1630496331030315,1,0.1798898988329865,1,0.1303194050634729,-1
2026-07-29 22:00:00+00:00,0.1624,0.0009181364133986012,0.0992084749837951,-0.22314811652204514,0.16254917382401668,1,0.1793377505861081,1,0.12991940688955184,-1
2026-07-29 23:00:00+00:00,0.1621,0.0009181364133986012,0.0992084749837951,-0.22314811652204514,0.16224889825660777,1,0.17900646163798106,1,0.12967940798519922,-1
2026-07-30 00:00:00+00:00,0.1621,0.0009873089290764134,0.1210756339485154,-0.215319254077184,0.16226012180924232,1,0.18296393605635744,1,0.13069863471940996,-1
2026-07-30 01:00:00+00:00,0.1641,0.0009161237290507879,0.1210756339485154,-0.215319254077184,0.16425040478811556,1,0.18522135661226563,1,0.13231120269867472,-1
2026-07-30 02:00:00+00:00,0.1628,0.0009028534440432691,0.1210756339485154,-0.215319254077184,0.16294705091341308,1,0.18375403325092532,1,0.13126303351215263,-1
2026-07-30 03:00:00+00:00,0.1624,0.0009028534440432691,0.1210756339485154,-0.215319254077184,0.16254668960895752,1,0.18330254913974367,1,0.13094051991629965,-1
2026-07-30 04:00:00+00:00,0.1621,0.00043437571010512214,0.1210756339485154,-0.215319254077184,0.1621704275975195,1,0.18296393605635744,1,0.13069863471940996,-1
2026-07-30 05:00:00+00:00,0.1627,0.0009028534440432691,0.1210756339485154,-0.215319254077184,0.16284696058729922,1,0.18364116222312993,1,0.1311824051131894,-1
2026-07-30 06:00:00+00:00,0.1629,0.0009028534440432691,0.1210756339485154,-0.215319254077184,0.16304714123952696,1,0.1838669042787207,1,0.13134366191111585,-1
2026-07-30 07:00:00+00:00,0.1633,-0.0003652167509327344,0.1210756339485154,-0.215319254077184,0.1632403709939914,-1,0.18431838838990236,1,0.13166617550696882,-1
2026-07-30 08:00:00+00:00,0.1643,0.0004130287206472362,0.1210756339485154,-0.215319254077184,0.16436787463492425,1,0.18544709866785644,1,0.1324724594966012,-1
2026-07-30 09:00:00+00:00,0.1642,0.0009028534440432691,0.1210756339485154,-0.215319254077184,0.16434831547900755,1,0.18533422764006105,1,0.13239183109763797,-1
2026-07-30 10:00:00+00:00,0.1639,0.0009873089290764134,0.1210756339485154,-0.215319254077184,0.16406189984290448,1,0.1849956145566748,1,0.13214994590074824,-1
2026-07-30 11:00:00+00:00,0.1643,0.0009028534440432691,0.1210756339485154,-0.215319254077184,0.16444840580512143,1,0.18544709866785644,1,0.1324724594966012,-1
2026-07-30 12:00:00+00:00,0.166,-0.0012443899475509175,0.1210756339485154,-0.22942066233628572,0.1657935597414373,-1,0.1873659061403784,1,0.1319690104915305,-1
2026-07-30 13:00:00+00:00,0.1682,0.0009170215305759038,0.1210756339485154,-0.3564250617476425,0.1683543137651515,1,0.18984906875187738,1,0.11776942480539322,-1
2026-07-30 14:00:00+00:00,0.1722,-0.0012443899475509175,0.12490767580153209,-0.20299035125097034,0.1719858493221416,-1,0.19511014939838991,1,0.14056446943823497,-1
2026-07-30 15:00:00+00:00,0.172,-0.00038852192263477453,0.12490767580153209,-0.20299035125097034,0.1719331872092642,-1,0.19488354063021524,1,0.14040121221472948,-1
2026-07-30 16:00:00+00:00,0.1707,0.0009161237290507879,0.1210756339485154,-0.28202340596902975,0.17085645397520613,1,0.1926708444467626,1,0.12875150436080685,-1
2026-07-30 17:00:00+00:00,0.1719,0.0004130287206472362,0.1210756339485154,-0.20299035125097034,0.17197101430154277,1,0.1940252967803075,1,0.14031958360297675,-1
2026-07-30 18:00:00+00:00,0.1723,-0.0012443899475509175,0.1210756339485154,-0.2327581713832809,0.17208572496054006,-1,0.19447678089148915,1,0.13652107142846778,-1
2026-07-30 19:00:00+00:00,0.1728,-0.0012443899475509175,0.1210756339485154,-0.187182254487882,0.17258510315253234,-1,0.1950411360304662,1,0.1433017578787528,-1
2026-07-30 20:00:00+00:00,0.1708,0.0008937163588738636,0.1210756339485154,-0.3237248627828075,0.1709527149858714,1,0.19278371547455803,1,0.1235651340890708,-1
2026-07-30 21:00:00+00:00,0.1702,0.0009028534440432691,0.1210756339485154,-0.22810275106444938,0.17035373504584095,1,0.19210648930778554,1,0.13548642693416577,-1
2026-07-30 22:00:00+00:00,0.1699,0.0004130287206472362,0.1210756339485154,-0.22810275106444938,0.16997018807348527,1,0.19176787622439934,1,0.1352476141957389,-1
2026-07-30 23:00:00+00:00,0.1697,0.0008937163588738636,0.1210756339485154,-0.22810275106444938,0.16985173145844482,1,0.1915421341688085,1,0.13508840570345435,-1
2026-07-31 00:00:00+00:00,0.1696,0.0002882605210873127,0.09100778161675296,-0.26427995533537385,0.1696488960314356,1,0.18575906879209328,1,0.13021185371944713,-1
2026-07-31 01:00:00+00:00,0.1698,0.00026787228955908705,0.09100778161675296,-0.20507636273823393,0.16984549080735847,1,0.18597812429774432,1,0.13831655169273718,-1
2026-07-31 02:00:00+00:00,0.1705,0.0008184699741154423,0.09100778161675296,-0.18604885294069842,0.170639606254557,1,0.18674481856752304,1,0.14155473241055078,-1
2026-07-31 03:00:00+00:00,0.1701,0.00026787228955908705,0.09100778161675296,-0.26427995533537385,0.17014557117980963,1,0.1863067075562209,1,0.13059573300517663,-1
2026-07-31 04:00:00+00:00,0.1687,0.0007226908560229345,0.09100778161675296,-0.2445131526095637,0.16882196201251845,1,0.18477331901666352,1,0.13210655567986268,-1
2026-07-31 05:00:00+00:00,0.169,0.0007213333052791332,0.09100778161675296,-0.2445131526095637,0.16912194930635255,1,0.18510190227514012,1,0.1323414813864659,-1
2026-07-31 06:00:00+00:00,0.1689,0.0006536238335689341,0.09100778161675296,-0.2445131526095637,0.1690104331524284,1,0.18499237452231457,1,0.13226317281759817,-1
2026-07-31 07:00:00+00:00,0.1699,0.0005924332467987944,0.09100778161675296,-0.20507636273823393,0.17000068423002893,1,0.18608765205056985,1,0.13839801020374584,-1
2026-07-31 08:00:00+00:00,0.1709,0.0007297184971883393,0.09100778161675296,-0.18604885294069842,0.1710247544034315,1,0.18718292957882512,1,0.14188682562441718,-1
2026-07-31 09:00:00+00:00,0.169,0.0007213333052791332,0.09100778161675296,-0.2445131526095637,0.16912194930635255,1,0.18510190227514012,1,0.1323414813864659,-1
2026-07-31 10:00:00+00:00,0.1698,0.0007213333052791332,0.09100778161675296,-0.3391911022098889,0.16992252658117551,1,0.18597812429774432,1,0.12095640261069775,-1
2026-07-31 11:00:00+00:00,0.1699,0.0007072111149336359,0.09100778161675296,-0.18604885294069842,0.1700201976659802,1,0.18608765205056985,1,0.14105659258975117,-1
2026-07-31 12:00:00+00:00,0.1695,0.0007226908560229345,0.09100778161675296,-0.26427995533537385,0.16962254037416644,1,0.18564954103926776,1,0.13013507786230125,-1
2026-07-31 13:00:00+00:00,0.1686,0.0007213333052791332,0.09100778161675296,-0.2445131526095637,0.16872166066894106,1,0.184663791263838,1,0.13202824711099498,-1
2026-07-31 14:00:00+00:00,0.1679,0.0007443852952014367,0.09100778161675296,-0.2445131526095637,0.1680250288200986,1,0.18389709699405932,1,0.13148008712892084,-1
2026-07-31 15:00:00+00:00,0.1688,0.0007213333052791332,0.09100778161675296,-0.2445131526095637,0.1689218049876468,1,0.18488284676948907,1,0.13218486424873044,-1
2026-07-31 16:00:00+00:00,0.1709,0.0007213333052791332,0.09100778161675296,-0.3994658970659844,0.1710233203340571,1,0.18718292957882512,1,0.1146188978115817,-1
2026-07-31 17:00:00+00:00,0.1713,0.0007443852952014367,0.09100778161675296,-0.41888079675255246,0.17142756067232218,1,0.18762104059012724,1,0.11267815945138655,-1
2026-07-31 18:00:00+00:00,0.1722,0.0002882605210873127,0.09100778161675296,-0.36383919880745436,0.17224964561682315,1,0.18860679036555694,1,0.11967950679495011,-1
2026-07-31 19:00:00+00:00,0.1705,0.0007443852952014367,0.09100778161675296,-0.349777149942806,0.17062696494238722,1,0.18674481856752304,1,0.12017609756337608,-1
2026-07-31 20:00:00+00:00,0.1688,0.0007443852952014367,0.09100778161675296,-0.26505641358743587,0.16892569901627544,1,0.18488284676948907,1,0.129497058756212,-1
2026-07-31 21:00:00+00:00,0.1682,0.0007443852952014367,0.09100778161675296,-0.2445131526095637,0.1683252522188242,1,0.18422568025253588,1,0.13171501283552403,-1
2026-07-31 22:00:00+00:00,0.168,0.0007443852952014367,0.09100778161675296,-0.2445131526095637,0.16812510328634048,1,0.18400662474688487,1,0.1315583956977886,-1
2026-07-31 23:00:00+00:00,0.1682,0.0008057887903122779,0.09100778161675296,-0.2445131526095637,0.1683355882949582,1,0.18422568025253588,1,0.13171501283552403,-1
2026-08-01 00:00:00+00:00,0.169,0.0010025918984317454,0.1210756339485154,-0.215319254077184,0.16916952299782684,1,0.19075203697424067,1,0.13626199424787344,-1
2026-08-01 01:00:00+00:00,0.1695,0.000942148727729368,0.1210756339485154,-0.215319254077184,0.16965976946082909,1,0.19131639211321771,1,0.13666513624268964,-1
2026-08-01 02:00:00+00:00,0.17,0.0009181364133986012,0.1210756339485154,-0.215319254077184,0.1701561548650421,1,0.19188074725219476,1,0.1370682782375058,-1
2026-08-01 03:00:00+00:00,0.1711,-0.0006233907136789421,0.1210756339485154,-0.215319254077184,0.1709933710880794,-1,0.19312232855794426,1,0.13795519062610143,-1
2026-08-01 04:00:00+00:00,0.1711,-0.0012902863872811426,0.1210756339485154,-0.22942066233628572,0.17087937436487188,-1,0.19312232855794426,1,0.1360234800909691,-1
2026-08-01 05:00:00+00:00,0.1705,0.0010025918984317454,0.1210756339485154,-0.215319254077184,0.1706710276398194,1,0.1924451023911718,1,0.137471420232322,-1
2026-08-01 06:00:00+00:00,0.1698,0.0010025918984317454,0.1210756339485154,-0.215319254077184,0.1699703254735562,1,0.19165500519660394,1,0.13690702143957934,-1
2026-08-01 07:00:00+00:00,0.1712,-0.0003945458920329747,0.1210756339485154,-0.215319254077184,0.17113246706658072,-1,0.19323519958573965,1,0.13803581902506468,-1
2026-08-01 08:00:00+00:00,0.1726,-0.0006233907136789421,0.1210756339485154,-0.22942066233628572,0.17249243629341032,-1,0.19481539397487538,1,0.1372159711496275,-1
2026-08-01 09:00:00+00:00,0.1721,-0.0006882199088004547,0.1210756339485154,-0.215319254077184,0.17198159810164068,-1,0.19425103883589834,1,0.13876147461573382,-1
2026-08-01 10:00:00+00:00,0.1725,-0.0012152494879933108,0.1210756339485154,-0.22942066233628572,0.17229049678843983,-1,0.19470252294707996,1,0.13713647174571691,-1
2026-08-01 11:00:00+00:00,0.1733,-0.0012902863872811426,0.1210756339485154,-0.215319254077184,0.17307653756535535,-1,0.19560549116944323,1,0.1397290154032927,-1
2026-08-01 12:00:00+00:00,0.1745,-0.0012902863872811426,0.1210756339485154,-0.22942066233628572,0.1742749902201645,-1,0.19695994350298812,1,0.13872645982392814,-1
2026-08-01 13:00:00+00:00,0.1749,-0.0012902863872811426,0.1210756339485154,-0.22942066233628572,0.1746744744384342,-1,0.19741142761416977,1,0.1390444574395704,-1
2026-08-01 14:00:00+00:00,0.1732,0.0010685188328565572,0.1210756339485154,-0.215319254077184,0.1733851663711106,1,0.1954926201416478,1,0.13964838700432944,-1
2026-08-01 15:00:00+00:00,0.1727,0.0010025918984317454,0.1210756339485154,-0.215319254077184,0.1728732344480751,1,0.19492826500267077,1,0.13924524500951324,-1
2026-08-01 16:00:00+00:00,0.1742,-0.0012902863872811426,0.1210756339485154,-0.215319254077184,0.17397537705646218,-1,0.1966213304196019,1,0.14045467099396183,-1
2026-08-01 17:00:00+00:00,0.1732,-0.00016612248347531148,0.1210756339485154,-0.215319254077184,0.1731712299756022,-1,0.1954926201416478,1,0.13964838700432944,-1
2026-08-01 18:00:00+00:00,0.1714,0.0009181364133986012,0.1210756339485154,-0.215319254077184,0.1715574408462836,1,0.19346094164133046,1,0.13819707582299115,-1
2026-08-01 19:00:00+00:00,0.1726,0.0009181364133986012,0.1210756339485154,-0.215319254077184,0.1727585431159192,1,0.19481539397487538,1,0.13916461661055002,-1
2026-08-01 20:00:00+00:00,0.1732,0.0009352696912743169,0.1210756339485154,-0.215319254077184,0.17336206448571592,1,0.1954926201416478,1,0.13964838700432944,-1
2026-08-01 21:00:00+00:00,0.1743,0.0010025918984317454,0.1210756339485154,-0.215319254077184,0.17447483939953384,1,0.19673420144739734,1,0.14053529939292508,-1
2026-08-01 22:00:00+00:00,0.1734,0.0010025918984317454,0.1210756339485154,-0.215319254077184,0.1735739366143383,1,0.19571836219723865,1,0.13980964380225594,-1
2026-08-01 23:00:00+00:00,0.1744,0.0007888699171314897,0.1210756339485154,-0.215319254077184,0.17453763319375318,1,0.19684707247519273,1,0.1406159277918883,-1
2026-08-02 00:00:00+00:00,0.1735,0.0010025918984317454,0.04201907674465122,-0.2591779517001007,0.17367403692380445,1,0.1809456438841767,1,0.13388746687570977,-1
2026-08-02 01:00:00+00:00,0.1764,-0.0012902863872811426,0.04201907674465122,-0.2591779517001007,0.17617254025694565,-1,0.1839700955686961,1,0.13612535537103865,-1
2026-08-02 02:00:00+00:00,0.1801,0.0006849171874038597,0.04201907674465122,-0.40676599809775876,0.18022339583859295,1,0.18782887875239324,1,0.11991057469317198,-1
2026-08-02 03:00:00+00:00,0.1802,0.000270834650512773,0.04201907674465122,-0.40676599809775876,0.18024881101358095,1,0.18793317018979044,1,0.11997715469022538,-1
2026-08-02 04:00:00+00:00,0.1831,0.0007515222887394004,0.04201907674465122,-0.4403595090613435,0.18323765545015885,1,0.19095762187430984,1,0.11788068190825843,-1
2026-08-02 05:00:00+00:00,0.1852,0.0007515222887394004,0.04201907674465122,-0.3316380676645759,0.18533923424013882,1,0.19314774205965143,1,0.13292675397782963,-1
2026-08-02 06:00:00+00:00,0.1868,-0.0012902863872811426,0.04201907674465122,-0.24076748122615022,0.1865591299319583,-1,0.19481640505800696,1,0.14682935242147774,-1
2026-08-02 07:00:00+00:00,0.1861,-0.0012902863872811426,0.04201907674465122,-0.3297549755506554,0.1858600325499863,-1,0.19408636499622642,1,0.13382449304751806,-1
2026-08-02 08:00:00+00:00,0.1858,0.0009181364133986012,0.04201907674465122,-0.3923122186010907,0.1859706680819107,1,0.19377349068403474,1,0.12550663275072077,-1
2026-08-02 09:00:00+00:00,0.1883,-0.0012902863872811426,0.04201907674465122,-0.24076748122615022,0.18805719575046975,-1,0.19638077661896525,1,0.1480083889773247,-1
2026-08-02 10:00:00+00:00,0.1867,-0.0012902863872811426,0.04201907674465122,-0.41515508554504654,0.1864592588773909,-1,0.19471211362060975,1,0.12326641208646665,-1
2026-08-02 11:00:00+00:00,0.1889,-0.0012902863872811426,0.04201907674465122,-0.24076748122615022,0.18865642207787436,-1,0.19700652524334858,1,0.14848000359966354,-1
2026-08-02 12:00:00+00:00,0.1893,-0.0012902863872811426,0.04201907674465122,-0.24076748122615022,0.18905590629614405,-1,0.19742369099293747,1,0.14879441334788937,-1
2026-08-02 13:00:00+00:00,0.1875,0.0005419120827947895,0.04201907674465122,-0.24035131248477912,0.18760163605193902,1,0.1955464451197875,1,0.14744091701538536,-1
2026-08-02 14:00:00+00:00,0.1899,0.000270834650512773,0.04201907674465122,-0.2199542082432448,0.1899514384654774,1,0.1980494396173208,1,0.1524052984796451,-1
2026-08-02 15:00:00+00:00,0.1901,-0.0012902863872811426,0.04201907674465122,-0.3297549755506554,0.18985487473268348,-1,0.19825802249211522,1,0.13670089268314448,-1
2026-08-02 16:00:00+00:00,0.1895,-0.0012902863872811426,0.04201907674465122,-0.21162227481825724,0.18925564840527892,-1,0.1976322738677319,1,0.15335672594722283,-1
2026-08-02 17:00:00+00:00,0.1888,0.0003044945787883524,0.04201907674465122,-0.2789447627679046,0.18885749732984358,1,0.19690223380595134,1,0.14284262374024836,-1
2026-08-02 18:00:00+00:00,0.1891,0.0010025918984317454,0.04201907674465122,-0.24035131248477912,0.18928968520052694,1,0.197215108118143,1,0.14869907950724998,-1
2026-08-02 19:00:00+00:00,0.1886,-0.0006987659384228988,0.04201907674465122,-0.27972121267797223,0.1884682587775134,-1,0.1966936509311569,1,0.14258055775008355,-1
2026-08-02 20:00:00+00:00,0.1874,0.0009181364133986012,0.04201907674465122,-0.2591779517001007,0.18757213777475817,1,0.1954421536823903,1,0.14461389793952745,-1
2026-08-02 21:00:00+00:00,0.1892,0.0009197899501850183,0.04201907674465122,-0.2789447627679046,0.18937410431600052,1,0.19731939955554026,1,0.14314525641766415,-1
2026-08-02 22:00:00+00:00,0.1898,0.0010025918984317454,0.04201907674465122,-0.2789447544259102,0.18999038736679014,1,0.19794514817992356,1,0.14359920663169157,-1
2026-08-02 23:00:00+00:00,0.1895,-0.00018645898794739416,0.04201907674465122,-0.2789447627679046,0.18946466931574815,-1,0.1976322738677319,1,0.14337223092572599,-1
2026-08-03 00:00:00+00:00,0.1884,6.199956117669383e-05,0.08576544923740678,-0.26619631339999733,0.18841168107943285,1,0.2052713600518006,1,0.14436878731160852,-1
2026-08-03 01:00:00+00:00,0.1858,0.000384855210528715,0.08576544923740678,-0.26619631339999733,0.1858715198596288,1,0.20243852811902627,1,0.14237643674361392,-1
2026-08-03 02:00:00+00:00,0.1871,0.000384855210528715,0.08576544923740678,-0.26619631339999733,0.18717202026768862,1,0.20385494408541344,1,0.1433726120276112,-1
2026-08-03 03:00:00+00:00,0.1855,0.000384855210528715,0.08576544923740678,-0.26619631339999733,0.18557140438084577,1,0.20211166289601384,1,0.14214655013961455,-1
2026-08-03 04:00:00+00:00,0.184,0.000384855210528715,0.08576544923740678,-0.26619631339999733,0.18407082698693056,1,0.20047733678095175,1,0.14099711711961765,-1
2026-08-03 05:00:00+00:00,0.1851,0.000384855210528715,0.08576544923740678,-0.26619631339999733,0.18517125040913504,1,0.20167584259866395,1,0.14184003466761536,-1
2026-08-03 06:00:00+00:00,0.1838,0.000384855210528715,0.08576544923740678,-0.26619631339999733,0.1838707500010752,1,0.2002594266322768,1,0.14084385938361807,-1
2026-08-03 07:00:00+00:00,0.1827,0.000384855210528715,0.08576544923740678,-0.26619631339999733,0.18277032657887074,1,0.19906092081456458,1,0.14000094183562037,-1
2026-08-03 08:00:00+00:00,0.1839,0.000384855210528715,0.08576544923740678,-0.26619631339999733,0.1839707884940029,1,0.20036838170661428,1,0.14092048825161788,-1
2026-08-03 09:00:00+00:00,0.187,0.00019034459198682336,0.08576544923740678,-0.2257150498270606,0.18703559782652093,1,0.20374598901107596,1,0.14921579802160018,-1
2026-08-03 10:00:00+00:00,0.1874,-0.0002373051873404035,0.08576544923740678,-0.19811981025512995,0.18735553428407362,-1,0.20418180930842586,1,0.15371889227500501,-1
2026-08-03 11:00:00+00:00,0.1865,-0.0002947001023563703,0.08576544923740678,-0.2770070713511076,0.18644504652870506,-1,0.2032012136393886,1,0.1413761639870813,-1
2026-08-03 12:00:00+00:00,0.1891,6.199956117669383e-05,0.08576544923740678,-0.19624250181363398,0.18911172448047106,1,0.2060340455721629,1,0.15540482305638126,-1
2026-08-03 13:00:00+00:00,0.1946,-9.421118490427599e-07,0.08576544923740678,-0.2371832619986122,0.19459981666512055,-1,0.21202657466072397,1,0.15350956959973205,-1
2026-08-03 14:00:00+00:00,0.19,-9.421118490427599e-07,0.08576544923740678,-0.3473245553648731,0.189999820998833,-1,0.20701464124120017,1,0.13424943392353475,-1
2026-08-03 15:00:00+00:00,0.1961,-0.0004816297500756698,0.08576544923740678,-0.2371832619986122,0.1960055751467447,-1,0.2136609007757861,1,0.15469283966345043,-1
2026-08-03 16:00:00+00:00,0.1923,-0.001325027581390224,0.08576544923740678,-0.19624250181363398,0.19204536593193539,-1,0.20952060795096208,1,0.15803462439842472,-1
2026-08-03 17:00:00+00:00,0.1915,-0.001815610786725739,0.08576544923740678,-0.19624250181363398,0.19115262597777777,-1,0.2086489673562623,1,0.15737717406291388,-1
2026-08-03 18:00:00+00:00,0.1942,-0.001325027581390224,0.08576544923740678,-0.3889610300995996,0.1939428500467075,-1,0.2115907543633741,1,0.13162112439887952,-1
2026-08-03 19:00:00+00:00,0.1937,-0.001815610786725739,0.08576544923740678,-0.39474702257216965,0.19334863525794024,-1,0.21104597899168673,1,0.13052483926432604,-1
2026-08-03 20:00:00+00:00,0.1945,-0.001815610786725739,0.08576544923740678,-0.34678512342740764,0.19414718408709022,-1,0.2119176195863865,1,0.13750317938387183,-1
2026-08-03 21:00:00+00:00,0.194,-0.001325027581390224,0.08576544923740678,-0.42709783953534575,0.1937431148767315,-1,0.21137284421469912,1,0.12656554541225995,-1
2026-08-03 22:00:00+00:00,0.195,-0.001815610786725739,0.08576544923740678,-0.33235757284332584,0.19464627710530896,-1,0.21246239495807387,1,0.13986000887337607,-1
2026-08-03 23:00:00+00:00,0.1937,-0.0011645158523940877,0.08576544923740678,-0.39350432857176104,0.19347456456643536,-1,0.21104597899168673,1,0.13068714252474117,-1
2026-08-04 00:00:00+00:00,0.1921,-0.0016269265097097639,0.06842652474080038,-0.24201295696615235,0.19178772151343942,-1,0.20570489527730978,1,0.15080733768947743,-1
2026-08-04 01:00:00+00:00,0.1929,-0.0015448619692565273,0.06842652474080038,-0.29128633172240853,0.19260222619506595,-1,0.20656155283182226,1,0.14415449237571615,-1
2026-08-04 02:00:00+00:00,0.1953,-0.00017361010902658988,0.06842652474080038,-0.39555118035579345,0.19526609688875368,-1,0.2091315254953597,1,0.13149721300657022,-1
2026-08-04 03:00:00+00:00,0.1969,-0.00019355520984295328,0.06842652474080038,-0.3620251505549155,0.19686189266723728,-1,0.21084484060438466,1,0.1370945501806718,-1
2026-08-04 04:00:00+00:00,0.1956,-0.0015448619692565273,0.06842652474080038,-0.20744656197130232,0.19529805828799846,-1,0.2094527720783019,1,0.15895564414013647,-1
2026-08-04 05:00:00+00:00,0.1957,-0.0008890298133537043,0.06842652474080038,-0.20744656197130232,0.19552609418070996,-1,0.20955985427261598,1,0.1590369098068748,-1
2026-08-04 06:00:00+00:00,0.1955,-0.0008890298133537043,0.06842652474080038,-0.3016385247115071,0.19532627190765864,-1,0.20934568988398786,1,0.1445928489822737,-1
2026-08-04 07:00:00+00:00,0.1947,-6.77667544015273e-05,0.06842652474080038,-0.3016385247115071,0.19468680625997153,-1,0.20848903232947535,1,0.14400116468976312,-1
2026-08-04 08:00:00+00:00,0.1948,-0.00019355520984295328,0.06842652474080038,-0.3016385247115071,0.1947622990938437,-1,0.20859611452378943,1,0.14407512522632696,-1
2026-08-04 09:00:00+00:00,0.1965,-0.0015448619692565273,0.06842652474080038,-0.29928636653631974,0.19619666898564264,-1,0.21041651182712845,1,0.14567470162059215,-1
2026-08-04 10:00:00+00:00,0.1951,0.000221375208977111,0.06842652474080038,-0.3016385247115071,0.19514319508425546,1,0.2089173611067316,1,0.1442970068360184,-1
2026-08-04 11:00:00+00:00,0.1945,-6.416577909786555e-06,0.06842652474080038,-0.27920035335944526,0.19449875197960056,-1,0.20827486794084724,1,0.14711753273045675,-1
2026-08-04 12:00:00+00:00,0.1949,-0.0009151238966078138,0.06842652474080038,-0.3016385247115071,0.19472172393733517,-1,0.20870319671810347,1,0.14414908576289076,-1
2026-08-04 13:00:00+00:00,0.1919,0.000221375208977111,0.06842652474080038,-0.27920035335944526,0.19194248660516974,1,0.20549073088868167,1,0.14515092303843005,-1
2026-08-04 14:00:00+00:00,0.1928,-0.0015448619692565273,0.06842652474080038,-0.27920035335944526,0.1925023805619944,-1,0.20645447063750821,1,0.14583167254720852,-1
2026-08-04 15:00:00+00:00,0.1931,8.689324499101621e-05,0.06842652474080038,-0.27920035335944526,0.19311677981462344,1,0.20677571722045038,1,0.1460585890501347,-1
2026-08-04 16:00:00+00:00,0.1921,0.000221375208977111,0.06842652474080038,-0.27920035335944526,0.1921425308851126,1,0.20570489527730978,1,0.1453022007070475,-1
2026-08-04 17:00:00+00:00,0.1912,0.000221375208977111,0.06842652474080038,-0.27920035335944526,0.19124233162536977,1,0.20474115552848327,1,0.14462145119826905,-1
2026-08-04 18:00:00+00:00,0.1914,0.000221375208977111,0.06842652474080038,-0.27920035335944526,0.1914423759053126,1,0.20495531991711136,1,0.14477272886688647,-1
2026-08-04 19:00:00+00:00,0.1924,0.000221375208977111,0.06842652474080038,-0.27920035335944526,0.19244259730502689,1,0.20602614186025195,1,0.14552911720997364,-1
2026-08-04 20:00:00+00:00,0.1931,-0.0003968348628786012,0.06842652474080038,-0.27920035335944526,0.19302338639045916,-1,0.20677571722045038,1,0.1460585890501347,-1
2026-08-04 21:00:00+00:00,0.1938,0.000221375208977111,0.06842652474080038,-0.27920035335944526,0.19384290726462688,1,0.2075252925806488,1,0.14658806089029572,-1
2026-08-04 22:00:00+00:00,0.193,0.000221375208977111,0.06842652474080038,-0.27920035335944526,0.19304273014485548,1,0.20666863502613633,1,0.14598295021582597,-1
2026-08-04 23:00:00+00:00,0.193,0.000221375208977111,0.06842652474080038,-0.27920035335944526,0.19304273014485548,1,0.20666863502613633,1,0.14598295021582597,-1
2026-08-05 00:00:00+00:00,0.1914,0.000286117836530839,0.11925915226589821,-0.18995598537416997,0.19145477078898815,1,0.21564307951241363,1,0.15828694502409715,-1
2026-08-05 01:00:00+00:00,0.1925,-0.00025954793372870227,0.11925915226589821,-0.18995598537416997,0.19245004350609005,-1,0.21688240755558844,1,0.15919664011044257,-1
2026-08-05 02:00:00+00:00,0.1926,0.000286117836530839,0.11925915226589821,-0.18995598537416997,0.19265511417951472,1,0.2169950737413316,1,0.1592793396637467,-1
2026-08-05 03:00:00+00:00,0.1907,0.0003705733215639834,0.11925915226589821,-0.18995598537416997,0.19077068142793915,1,0.21485441621221152,1,0.1577080481509683,-1
2026-08-05 04:00:00+00:00,0.1903,0.000286117836530839,0.11925915226589821,-0.18995598537416997,0.1903544560143388,1,0.21440375146923885,1,0.1573772499377518,-1
2026-08-05 05:00:00+00:00,0.1903,0.0003705733215639834,0.11925915226589821,-0.18995598537416997,0.1903705331711422,1,0.21440375146923885,1,0.1573772499377518,-1
2026-08-05 06:00:00+00:00,0.191,-0.0003373972431164427,0.11925915226589821,-0.18995598537416997,0.19093556799676611,-1,0.215192414769441,1,0.15795614681088066,-1
2026-08-05 07:00:00+00:00,0.1939,0.000286117836530839,0.11925915226589821,-0.20870172177685428,0.1939554861859185,1,0.2184597341559927,1,0.15737647116525327,-1
2026-08-05 08:00:00+00:00,0.1939,0.0003705733215639834,0.11925915226589821,-0.21049924635204112,0.19397186748231462,1,0.2184597341559927,1,0.15709383718763922,-1
2026-08-05 09:00:00+00:00,0.1969,-0.001758804658264392,0.11925915226589821,-0.2667620188745892,0.19655399572894353,-1,0.2218397197282876,1,0.1507969103201046,-1
2026-08-05 10:00:00+00:00,0.1947,-0.00045661766614301047,0.11925915226589821,-0.20913759134037752,0.19461111683475804,-1,0.21936106364193803,1,0.15795691738054837,-1
2026-08-05 11:00:00+00:00,0.1951,-0.0010470020451624421,0.11925915226589821,-0.20913759134037752,0.19489583679928368,-1,0.21981172838491067,1,0.15828143082149454,-1
2026-08-05 12:00:00+00:00,0.1938,0.0003091698264531425,0.11925915226589821,-0.18995598537416997,0.19385992637560287,1,0.21834706797024955,1,0.1602717343033962,-1
2026-08-05 13:00:00+00:00,0.1921,4.647220189319284e-05,0.11925915226589821,-0.18995598537416997,0.19210892751742276,1,0.2164317428126158,1,0.15886584189722605,-1
2026-08-05 14:00:00+00:00,0.1914,4.647220189319284e-05,0.11925915226589821,-0.18995598537416997,0.19140889498612554,1,0.21564307951241363,1,0.15828694502409715,-1
2026-08-05 15:00:00+00:00,0.1891,0.000286117836530839,0.11925915226589821,-0.18995598537416997,0.18915411262381224,1,0.21305175724032088,1,0.15638485529810228,-1
2026-08-05 16:00:00+00:00,0.1912,0.0003091698264531425,0.11925915226589821,-0.18995598537416997,0.1912591224097795,1,0.21541774714092735,1,0.15812154591748892,-1
2026-08-05 17:00:00+00:00,0.191,3.936845831455316e-05,0.11925915226589821,-0.18995598537416997,0.19100751952355316,1,0.215192414769441,1,0.15795614681088066,-1
2026-08-05 18:00:00+00:00,0.1904,-0.00018533084005963052,0.11925915226589821,-0.18995598537416997,0.1903647162777346,-1,0.21451641765498203,1,0.15745994949105593,-1
2026-08-05 19:00:00+00:00,0.1895,0.000286117836530839,0.11925915226589821,-0.18995598537416997,0.1895542270873211,1,0.21350242198329356,1,0.15671565351131878,-1
2026-08-05 20:00:00+00:00,0.1905,0.0003705733215639834,0.11925915226589821,-0.18995598537416997,0.19057060729954067,1,0.21462908384072518,1,0.15754264904436005,-1
2026-08-05 21:00:00+00:00,0.1914,0.0003705733215639834,0.11925915226589821,-0.18995598537416997,0.19147094087733377,1,0.21564307951241363,1,0.15828694502409715,-1
2026-08-05 22:00:00+00:00,0.1914,0.00011495548534218732,0.11925915226589821,-0.18995598537416997,0.19142200374459584,1,0.21564307951241363,1,0.15828694502409715,-1
2026-08-05 23:00:00+00:00,0.1911,-0.0003450342432154207,0.11925915226589821,-0.18995598537416997,0.19103407532990987,-1,0.21530508095518416,1,0.15803884636418478,-1
2026-08-06 00:00:00+00:00,0.1916,0.0003665200677995689,0.0992084749837951,-0.22314811652204514,0.1916702381160436,1,0.21158320820380735,1,0.15327930024654024,-1
2026-08-06 01:00:00+00:00,0.1907,-0.0005886360588514858,0.0992084749837951,-0.22314811652204514,0.1905877801351468,-1,0.21058934135942622,1,0.15255930353348238,-1
2026-08-06 02:00:00+00:00,0.1908,-0.0012856789185241339,0.0992084749837951,-0.22314811652204514,0.19055485008815115,-1,0.21069977100880188,1,0.1526393031682666,-1
2026-08-06 03:00:00+00:00,0.1869,0.0007297184971883393,0.0992084749837951,-0.22314811652204514,0.18703643416033558,1,0.2063930146831503,1,0.14951931741168253,-1
2026-08-06 04:00:00+00:00,0.1878,0.0007443852952014367,0.0992084749837951,-0.22314811652204514,0.1879398476022306,1,0.20738688152753143,1,0.15023931412474037,-1
2026-08-06 05:00:00+00:00,0.1884,0.0007072111149336359,0.0992084749837951,-0.22314811652204514,0.18853328569906222,1,0.20804945942378553,1,0.15071931193344565,-1
2026-08-06 06:00:00+00:00,0.1883,-0.00038326209606686214,0.0992084749837951,-0.22314811652204514,0.18822784557522187,-1,0.20793902977440984,1,0.15063931229866143,-1
2026-08-06 07:00:00+00:00,0.1888,0.0007213333052791332,0.0992084749837951,-0.22314811652204514,0.18893623685822106,1,0.20849117802128825,1,0.15103931047258246,-1
2026-08-06 08:00:00+00:00,0.1895,-0.001278651277358729,0.0992084749837951,-0.22314811652204514,0.1892578504283619,-1,0.20926418556691803,1,0.1515993079160719,-1
2026-08-06 09:00:00+00:00,0.1893,-0.001278651277358729,0.0992084749837951,-0.22314811652204514,0.18905810599519213,-1,0.20904332626816666,1,0.15143930864650348,-1
2026-08-06 10:00:00+00:00,0.1891,0.0007297184971883393,0.0992084749837951,-0.22314811652204514,0.18923804012690987,1,0.20882246696941528,1,0.15127930937693507,-1
2026-08-06 11:00:00+00:00,0.1923,-0.0013607158178119653,0.0992084749837951,-0.2429149275898487,0.19203851229381017,-1,0.21235621574943714,1,0.15082824287463026,-1
2026-08-06 12:00:00+00:00,0.1906,-0.001278651277358729,0.0992084749837951,-0.22314811652204514,0.19035644481079567,-1,0.21047891171005054,1,0.15247930389869818,-1
2026-08-06 13:00:00+00:00,0.1939,-0.0012856789185241339,0.0992084749837951,-0.3130776815340732,0.19365086704451,-1,0.21412309013944805,1,0.1417783440600551,-1
2026-08-06 14:00:00+00:00,0.2002,0.0007297184971883393,0.0992084749837951,-0.2210610213712858,0.20034614295826206,1,0.22108015805011602,1,0.16049388553830432,-1
2026-08-06 15:00:00+00:00,0.2088,0.0002882605210873127,0.0992084749837951,-0.2210610213712858,0.20886019747266363,1,0.23057710789642474,1,0.16738822827371602,-1
2026-08-06 16:00:00+00:00,0.2068,0.0007443852952014367,0.0992084749837951,-0.2210610213712858,0.2069539961881858,1,0.22836851490891108,1,0.16578489275385286,-1
2026-08-06 17:00:00+00:00,0.2046,0.0007226908560229345,0.0992084749837951,-0.2210610213712858,0.2047479159914717,1,0.22593906262264607,1,0.16402122368200334,-1
2026-08-06 18:00:00+00:00,0.2052,0.0007297184971883393,0.0992084749837951,-0.2210610213712858,0.2053497928822946,1,0.22660164051890014,1,0.1645022243379623,-1
2026-08-06 19:00:00+00:00,0.2024,0.0006181917765493557,0.0992084749837951,-0.21709277369852692,0.20252516069824483,1,0.22350961033638106,1,0.1629027119991699,-1
2026-08-06 20:00:00+00:00,0.2022,-0.0013607158178119653,0.0992084749837951,-0.2210610213712858,0.20192505036821848,-1,0.22328875103762968,1,0.1620972210581675,-1
2026-08-06 21:00:00+00:00,0.2047,-0.0013607158178119653,0.0992084749837951,-0.2210610213712858,0.20442165089205896,-1,0.22604949227202173,1,0.1641013904579965,-1
2026-08-06 22:00:00+00:00,0.2014,0.0007443852952014367,0.0992084749837951,-0.25082884150359713,0.20154997501112482,1,0.2224053138426242,1,0.15672052738634584,-1
2026-08-06 23:00:00+00:00,0.2012,-0.0013607158178119653,0.0992084749837951,-0.295719081383619,0.20092641015868226,-1,0.22218445454387284,1,0.1496920759025637,-1
2026-08-07 00:00:00+00:00,0.2021,-0.001325027581390224,0.07871409137499101,-0.2774422306034649,0.20183238926075997,-1,0.21865097035459366,1,0.15313507787177397,-1
2026-08-07 01:00:00+00:00,0.2003,-0.000486096154307226,0.07871409137499101,-0.37036936169353324,0.20020265860084888,-1,0.21670355943604708,1,0.13830299316352032,-1
2026-08-07 02:00:00+00:00,0.2004,0.00046484429133030326,0.07871409137499101,-0.16346367303173628,0.20049317645057538,1,0.21681174893152186,1,0.17017914838015277,-1
2026-08-07 03:00:00+00:00,0.1994,0.00038038880629715876,0.07871409137499101,-0.16346367303173628,0.1994758639559607,1,0.21572985397677374,1,0.16932995103294643,-1
2026-08-07 04:00:00+00:00,0.1999,-0.000486096154307226,0.07871409137499101,-0.2824811831136456,0.19980285299206035,-1,0.21627080145414782,1,0.15070677453323686,-1
2026-08-07 05:00:00+00:00,0.2019,-0.001815610786725739,0.07871409137499101,-0.13620893625863667,0.20153376075672758,-1,0.21843459136364404,1,0.17619011115083866,-1
2026-08-07 06:00:00+00:00,0.2018,0.00046484429133030326,0.07871409137499101,-0.1355972173542213,0.20189382738386286,1,0.21832640186816923,1,0.17621060351757836,-1
2026-08-07 07:00:00+00:00,0.2017,-0.001325027581390224,0.07871409137499101,-0.13620893625863667,0.20143291892080792,-1,0.2182182123726944,1,0.17601557909422563,-1
2026-08-07 08:00:00+00:00,0.2011,0.00014298845264118322,0.07871409137499101,-0.2061755214268908,0.20112875703373903,1,0.21756907539984555,1,0.16363310800315892,-1
2026-08-07 09:00:00+00:00,0.2019,-0.0011645158523940877,0.07871409137499101,-0.1355972173542213,0.2016650210942865,-1,0.21843459136364404,1,0.1762979229444949,-1
2026-08-07 10:00:00+00:00,0.2025,-0.001815610786725739,0.07871409137499101,-0.3385889863319001,0.2021326723785901,-1,0.21908372833649292,1,0.14433700823384152,-1
2026-08-07 11:00:00+00:00,0.2015,7.752824750602606e-05,0.07871409137499101,-0.16346367303173628,0.201515622547459,1,0.2180018333817448,1,0.17111326546207978,-1
2026-08-07 12:00:00+00:00,0.2013,0.0002772472775673813,0.07871409137499101,-0.16346367303173628,0.20135581761425758,1,0.2177854543907952,1,0.1709434259926385,-1
2026-08-07 13:00:00+00:00,0.1993,0.00038038880629715876,0.07871409137499101,-0.20571553457096686,0.19937582590984437,1,0.21562166448129896,1,0.16224307808622196,-1
2026-08-07 14:00:00+00:00,0.1971,0.00038038880629715876,0.07871409137499101,-0.20571553457096686,0.19717498889528512,1,0.2132414955808531,1,0.16045213592972576,-1
2026-08-07 15:00:00+00:00,0.2009,-0.001815610786725739,0.07871409137499101,-0.35276759760891674,0.2005355747202901,-1,0.21735269640889593,1,0.1411805650380298,-1
2026-08-07 16:00:00+00:00,0.1993,0.00038038880629715876,0.07871409137499101,-0.2061755214268908,0.19937582590984437,1,0.21562166448129896,1,0.16216846556454287,-1
2026-08-07 17:00:00+00:00,0.198,0.00038038880629715876,0.07871409137499101,-0.20757303794189957,0.1980753313103321,1,0.21421520104012642,1,0.16088567068366944,-1
2026-08-07 18:00:00+00:00,0.2006,0.00038038880629715876,0.07871409137499101,-0.1355972173542213,0.20067632050935666,1,0.2170281279224715,1,0.17516277039457986,-1
2026-08-07 19:00:00+00:00,0.201,0.00038038880629715876,0.07871409137499101,-0.13620893625863667,0.20107647269382198,1,0.21746088590437077,1,0.1754047168960801,-1
2026-08-07 20:00:00+00:00,0.2024,0.00016717004565264907,0.07871409137499101,-0.3385889863319001,0.2024338380455151,1,0.21897553884101809,1,0.14426573069891122,-1
2026-08-07 21:00:00+00:00,0.201,0.00038038880629715876,0.07871409137499101,-0.1355972173542213,0.20107647269382198,1,0.21746088590437077,1,0.17551204810224602,-1
2026-08-07 22:00:00+00:00,0.2007,0.00018587818775526714,0.07871409137499101,-0.16346367303173628,0.20073730921966013,1,0.21713631741794628,1,0.17043390758431468,-1
2026-08-07 23:00:00+00:00,0.2008,-5.408516080598984e-06,0.07871409137499101,-0.20980204793096427,0.20079891397290792,-1,0.21724450691342112,1,0.16279753951119164,-1
2026-08-08 00:00:00+00:00,0.2004,-0.0006078654585186961,0.11099133013532528,-0.13749807007561374,0.20027822077855378,-1,0.2239239979344581,1,0.17465582081163297,-1
2026-08-08 01:00:00+00:00,0.2007,-0.00018924816250360924,0.11099133013532528,-0.1363982153656122,0.20066202148758072,-1,0.22425921350022826,1,0.1751097710530829,-1
2026-08-08 02:00:00+00:00,0.2005,-0.0003171919992604938,0.11099133013532528,-0.13749807007561374,0.20043641308931107,-1,0.2240357364563815,1,0.17474297441483239,-1
2026-08-08 03:00:00+00:00,0.201,0.00019832321905480753,0.11099133013532528,-0.3397415009215314,0.20103986692016731,1,0.2245944290659984,1,0.14310282204212849,-1
2026-08-08 04:00:00+00:00,0.2007,-0.00016654818191554047,0.11099133013532528,-0.13749807007561374,0.2006665765632731,-1,0.22425921350022826,1,0.1749172816212312,-1
2026-08-08 05:00:00+00:00,0.2007,0.0002542737262098925,0.11099133013532528,-0.27729834721177277,0.20075103922554238,1,0.22425921350022826,1,0.15209615333701648,-1
2026-08-08 06:00:00+00:00,0.1999,-0.0001923550516095493,0.11099133013532528,-0.2102695522649389,0.1998615519231427,-1,0.2233653053248412,1,0.161992119541141,-1
2026-08-08 07:00:00+00:00,0.2003,-2.9166376182013855e-06,0.11099133013532528,-0.27729834721177277,0.20029941579833704,-1,0.22381225941253474,1,0.15179302199005684,-1
2026-08-08 08:00:00+00:00,0.2,0.00019832321905480753,0.11099133013532528,-0.20983368270141567,0.20003966857728092,1,0.2234770438467646,1,0.16214381427276775,-1
2026-08-08 09:00:00+00:00,0.1991,0.00019832321905480753,0.11099133013532528,-0.2116312072766025,0.19913949006868314,1,0.22247139714945416,1,0.16112428179242314,-1
2026-08-08 10:00:00+00:00,0.2,0.00020924696754663104,0.11099133013532528,-0.20983368270141567,0.20004185377224407,1,0.2234770438467646,1,0.16214381427276775,-1
2026-08-08 11:00:00+00:00,0.1994,0.00019832321905480753,0.11099133013532528,-0.2116312072766025,0.19943954957154905,1,0.22280661271522428,1,0.16136706072028714,-1
2026-08-08 12:00:00+00:00,0.1992,0.00019832321905480753,0.11099133013532528,-0.2116312072766025,0.19923950990297176,1,0.22258313567137752,1,0.16120520810171113,-1
2026-08-08 13:00:00+00:00,0.2002,4.675096889901546e-05,0.11099133013532528,-0.20983368270141567,0.20020935976276086,1,0.22370052089061135,1,0.16230595808704049,-1
2026-08-08 14:00:00+00:00,0.2004,5.537787953921604e-05,0.11099133013532528,-0.20983368270141567,0.20041109803434962,1,0.2239239979344581,1,0.16246810190131328,-1
2026-08-08 15:00:00+00:00,0.1995,0.00019832321905480753,0.11099133013532528,-0.19108794629873135,0.19953956940583772,1,0.22291835123714768,1,0.1647989572404974,-1
2026-08-08 16:00:00+00:00,0.2004,0.00011832151293257695,0.11099133013532528,-0.20983368270141567,0.20042371303404505,1,0.2239239979344581,1,0.16246810190131328,-1
2026-08-08 17:00:00+00:00,0.1997,0.00027078141952609826,0.11099133013532528,-0.19108794629873135,0.19975408237139955,1,0.22314182828099444,1,0.1649641692277059,-1
2026-08-08 18:00:00+00:00,0.2007,-6.48712083381566e-05,0.11099133013532528,-0.19804075458786086,0.20068698077077765,-1,0.22425921350022826,1,0.16464151949075964,-1
2026-08-08 19:00:00+00:00,0.2005,0.0002752593658964239,0.11099133013532528,-0.27729834721177277,0.200555197099273,1,0.2240357364563815,1,0.15194458766353666,-1
2026-08-08 20:00:00+00:00,0.2005,0.00016639685532983766,0.11099133013532528,-0.2116312072766025,0.20053336534536095,1,0.2240357364563815,1,0.16225725012245526,-1
2026-08-08 21:00:00+00:00,0.1995,2.1649953783709044e-05,0.11099133013532528,-0.19108794629873135,0.19950431921253506,1,0.22291835123714768,1,0.1647989572404974,-1
2026-08-08 22:00:00+00:00,0.1989,0.000255440661511332,0.11099133013532528,-0.19108794629873135,0.19895081363723285,1,0.22224792010560737,1,0.16430332127887182,-1
2026-08-08 23:00:00+00:00,0.1995,0.000255440661511332,0.11099133013532528,-0.19108794629873135,0.19955096692120644,1,0.22291835123714768,1,0.1647989572404974,-1
2026-08-09 00:00:00+00:00,0.1988,0.00031659461317631914,0.08727197867568487,-0.11752153199800384,0.1988629489732266,1,0.21692925203601832,1,0.17675732775579048,-1
2026-08-09 01:00:00+00:00,0.1991,0.0002201634450848312,0.08727197867568487,-0.14184571466833204,0.19914383936765243,1,0.2172566100622296,1,0.17277004599399376,-1
2026-08-09 02:00:00+00:00,0.1986,0.0002484962483719847,0.08727197867568487,-0.11752153199800384,0.1986493574872479,1,0.21671101335187745,1,0.1765795034823943,-1
2026-08-09 03:00:00+00:00,0.1983,-0.0007142672702270182,0.08727197867568487,-0.11752153199800384,0.19815841137239487,-1,0.21638365532566617,1,0.17631276707230004,-1
2026-08-09 04:00:00+00:00,0.1978,0.0004595702550537762,0.08727197867568487,-0.11752153199800384,0.19789092388780652,1,0.215838058615314,1,0.17586820638880962,-1
2026-08-09 05:00:00+00:00,0.1982,5.924440571710456e-05,0.08727197867568487,-0.11752153199800384,0.19821174258905105,1,0.2162745359835957,1,0.17622385493560194,-1
2026-08-09 06:00:00+00:00,0.1986,5.924440571710456e-05,0.08727197867568487,-0.11752153199800384,0.19861176628751534,1,0.21671101335187745,1,0.1765795034823943,-1
2026-08-09 07:00:00+00:00,0.1987,5.924440571710456e-05,0.08727197867568487,-0.11780824476827832,0.1987117722121314,1,0.21682013269394787,1,0.17661776978898028,-1
2026-08-09 08:00:00+00:00,0.1979,-0.0001494932557334237,0.08727197867568487,-0.11752153199800384,0.19787041749593787,-1,0.2159471779573844,1,0.1759571185255077,-1
2026-08-09 09:00:00+00:00,0.1963,5.924440571710456e-05,0.08727197867568487,-0.21652574472212824,0.19631163002134575,1,0.21420126848425752,1,0.15808270675757335,-1
2026-08-09 10:00:00+00:00,0.1961,5.924440571710456e-05,0.08727197867568487,-0.21652575306412258,0.1961116181721136,1,0.21398302980011666,1,0.15792164307976644,-1
2026-08-09 11:00:00+00:00,0.1965,-0.0007346037746991008,0.08727197867568487,-0.21652574472212824,0.19635570336518698,-1,0.2144195071683984,1,0.15824376911799878,-1
2026-08-09 12:00:00+00:00,0.1963,5.924440571710456e-05,0.08727197867568487,-0.14419013209632625,0.19631163002134575,1,0.21420126848425752,1,0.16994145054787196,-1
2026-08-09 13:00:00+00:00,0.1974,-0.00024438205909365626,0.08727197867568487,-0.11752153199800384,0.19735176487567446,-1,0.21540158124703226,1,0.17551255784201727,-1
2026-08-09 14:00:00+00:00,0.1979,-0.001847158225165573,0.08727197867568487,-0.2680286106403055,0.1975347847962162,-1,0.2159471779573844,1,0.15137091899938623,-1
2026-08-09 15:00:00+00:00,0.1976,-7.804084467244048e-05,0.08727197867568487,-0.11752153199800384,0.19758457973080595,-1,0.21561981993117313,1,0.17569038211541346,-1
2026-08-09 16:00:00+00:00,0.1979,3.810375802949838e-05,0.08727197867568487,-0.14184571466833204,0.19790754087738102,1,0.2159471779573844,1,0.17172873984033835,-1
2026-08-09 17:00:00+00:00,0.1981,5.924440571710456e-05,0.08727197867568487,-0.2680286106403055,0.198111736664435,1,0.21616541664152528,1,0.15152389617876913,-1
2026-08-09 18:00:00+00:00,0.1981,-0.0007346037746991008,0.08727197867568487,-0.38544712152917393,0.19795452843075592,-1,0.21616541664152528,1,0.13473701374234612,-1
2026-08-09 19:00:00+00:00,0.1977,2.7180009537674877e-05,0.08727197867568487,-0.3184643286497278,0.197705373560912,1,0.21572893927324355,1,0.14378029445758886,-1
2026-08-09 20:00:00+00:00,0.1982,5.924440571710456e-05,0.08727197867568487,-0.2775808548699767,0.19821174258905105,1,0.2162745359835957,1,0.15015915531448404,-1
2026-08-09 21:00:00+00:00,0.1982,-0.0007346037746991008,0.08727197867568487,-0.3184643286497278,0.19805445499735397,-1,0.2162745359835957,1,0.14414392696759792,-1
2026-08-09 22:00:00+00:00,0.1974,-0.0001494932557334237,0.08727197867568487,-0.34835177564380304,0.19737049223697894,-1,0.21540158124703226,1,0.13933489492026851,-1
2026-08-09 23:00:00+00:00,0.1945,5.924440571710456e-05,0.08727197867568487,-0.19734414709791503,0.19451152337825647,1,0.21223712032698974,1,0.15966661991911246,-1
2026-08-10 00:00:00+00:00,0.1953,-0.00034391636351575254,0.07197997711672643,-0.22314811652204514,0.19523284468277355,-1,0.20987598633121496,1,0.1562392867335559,-1
2026-08-10 01:00:00+00:00,0.1979,-0.0007414585072655906,0.07197997711672643,-0.23674312919156773,0.19775331974679286,-1,0.21267003428032483,1,0.1561814892118908,-1
2026-08-10 02:00:00+00:00,0.1977,-0.0007414585072655906,0.07197997711672643,-0.18435034221981209,0.19755346798353182,-1,0.21245510751500868,1,0.16441609642497138,-1
2026-08-10 03:00:00+00:00,0.1959,-0.00032617342976142477,0.07197997711672643,-0.24369137749991635,0.1958361130447898,-1,0.2105207666271634,1,0.1535326038570686,-1
2026-08-10 04:00:00+00:00,0.1965,-4.1899878760632315e-05,0.07197997711672643,-0.24369137749991635,0.1964917668463088,-1,0.21116554692311185,1,0.15400284154116378,-1
2026-08-10 05:00:00+00:00,0.1975,-0.0026409505544597233,0.07197997711672643,-0.36121423341893916,0.19697910040328992,-1,0.21224018074969256,1,0.1376238654075784,-1
2026-08-10 06:00:00+00:00,0.1983,-0.0026409505544597233,0.07197997711672643,-0.2827810498315358,0.19777699043023997,-1,0.21309988781095715,1,0.14945569369976544,-1
2026-08-10 07:00:00+00:00,0.1982,-0.00043613414375370655,0.07197997711672643,-0.29172980499259776,0.19811357706007535,-1,0.21299242442829905,1,0.1480495206675358,-1
2026-08-10 08:00:00+00:00,0.1964,-2.477116789822035e-05,0.07197997711672643,-0.3414499517307122,0.19639513500288086,-1,0.21105808354045374,1,0.13958914706094133,-1
2026-08-10 09:00:00+00:00,0.195,-0.00025946087848260815,0.07197997711672643,-0.37824740063247964,0.19494941169182314,-1,0.20955359618324076,1,0.13358689405919494,-1
2026-08-10 10:00:00+00:00,0.1951,-0.00043613414375370655,0.07197997711672643,-0.37824740063247964,0.19501492878113372,-1,0.2096610595658988,1,0.13365540015871244,-1
2026-08-10 11:00:00+00:00,0.1965,-0.0009515277830411185,0.07197997711672643,-0.3552535882062652,0.19631311371847765,-1,0.21116554692311185,1,0.13774564648969279,-1
2026-08-10 12:00:00+00:00,0.196,-0.0009515277830411185,0.07197997711672643,-0.3552535882062652,0.19581358925608966,-1,0.21062823000982148,1,0.13739514866147473,-1
2026-08-10 13:00:00+00:00,0.1967,-0.0007414585072655906,0.07197997711672643,-0.295719081383619,0.19655420916722666,-1,0.211380473688428,1,0.1463440920975859,-1
2026-08-10 14:00:00+00:00,0.1959,-0.00025946087848260815,0.07197997711672643,-0.3130776815340732,0.19584917820732384,-1,0.2105207666271634,1,0.14324073028037543,-1
2026-08-10 15:00:00+00:00,0.195,-0.00025946087848260815,0.07197997711672643,-0.39271944391895697,0.19494941169182314,-1,0.20955359618324076,1,0.1316675407271186,-1
2026-08-10 16:00:00+00:00,0.196,-0.00025946087848260815,0.07197997711672643,-0.29172980499259776,0.19594915226460172,-1,0.21062823000982148,1,0.14640618592753288,-1
2026-08-10 17:00:00+00:00,0.1955,-0.0006045712488460357,0.07197997711672643,-0.3552535882062652,0.1953818420419017,-1,0.21009091309653113,1,0.13704465083325668,-1
2026-08-10 18:00:00+00:00,0.1937,-0.0006821311583615852,0.07197997711672643,-0.39271944391895697,0.193567916248968,-1,0.20815657220868583,1,0.13078975712227112,-1
2026-08-10 19:00:00+00:00,0.1938,-0.00025946087848260815,0.07197997711672643,-0.3059849045806641,0.19374972300448884,-1,0.20826403559134388,1,0.14271388116021325,-1
2026-08-10 20:00:00+00:00,0.1934,-0.00043613414375370655,0.07197997711672643,-0.3314202596743356,0.19331567004752057,-1,0.20783418206071158,1,0.13884251751847493,-1
2026-08-10 21:00:00+00:00,0.1921,-0.00034391636351575254,0.07197997711672643,-0.17494947871632638,0.19203394502591295,-1,0.20643715808615665,1,0.16126784094229785,-1
2026-08-10 22:00:00+00:00,0.1922,-0.00034391636351575254,0.07197997711672643,-0.1561433837434661,0.19213391064018984,-1,0.20654462146881475,1,0.16441490027525135,-1
2026-08-10 23:00:00+00:00,0.191,-0.00034391636351575254,0.07197997711672643,-0.18435034221981209,0.1909343232688671,-1,0.20525506087691786,1,0.15884407899428193,-1
2026-08-11 00:00:00+00:00,0.1903,0.00019832321905480753,0.11925915226589821,-0.11223583314171336,0.19033774465128278,1,0.21440375146923885,1,0.1700965030790789,-1
2026-08-11 01:00:00+00:00,0.1913,0.00019832321905480753,0.11925915226589821,-0.3389201177090328,0.19133794299416917,1,0.2155304133266705,1,0.13630878073355246,-1
2026-08-11 02:00:00+00:00,0.1906,0.00019832321905480753,0.11925915226589821,-0.13890443324003585,0.1906378041541487,1,0.21474175002646834,1,0.1658813142064067,-1
2026-08-11 03:00:00+00:00,0.1905,0.00019832321905480753,0.11925915226589821,-0.11223583314171336,0.19053778431986007,1,0.21462908384072518,1,0.1702752697664978,-1
2026-08-11 04:00:00+00:00,0.1898,0.00019832321905480753,0.11925915226589821,-0.13890443324003585,0.18983764547983958,1,0.21384042054052305,1,0.16518506524856238,-1
2026-08-11 05:00:00+00:00,0.1875,0.000221375208977111,0.11925915226589821,-0.21260170921949573,0.18754151244642694,1,0.2112490982684303,1,0.1515896404621511,-1
2026-08-11 06:00:00+00:00,0.1887,0.000221375208977111,0.11925915226589821,-0.21124005420783212,0.1887417781260841,1,0.21260109249734827,1,0.15276768949176414,-1
2026-08-11 07:00:00+00:00,0.1887,0.00019832321905480753,0.11925915226589821,-0.33960565477307164,0.18873742730266455,1,0.21260109249734827,1,0.13436403527530746,-1
2026-08-11 08:00:00+00:00,0.1888,0.00019832321905480753,0.11925915226589821,-0.32567289574548225,0.18883744713695316,1,0.21271375868309142,1,0.1363214034059352,-1
2026-08-11 09:00:00+00:00,0.1889,0.00020924696754663104,0.11925915226589821,-0.2666037834566987,0.18893953088788454,1,0.2128264248688346,1,0.14469296158889308,-1
2026-08-11 10:00:00+00:00,0.1882,0.00019832321905480753,0.11925915226589821,-0.32567289574548225,0.18823732813122135,1,0.21203776156863244,1,0.1358881786069757,-1
2026-08-11 11:00:00+00:00,0.1887,0.00019832321905480753,0.11925915226589821,-0.3389201177090328,0.18873742730266455,1,0.21260109249734827,1,0.13445617838171117,-1
2026-08-11 12:00:00+00:00,0.187,0.00019832321905480753,0.11925915226589821,-0.21124004586583778,0.18703709011975764,1,0.21068576733971447,1,0.15139140526375358,-1
2026-08-11 13:00:00+00:00,0.1868,0.00019832321905480753,0.11925915226589821,-0.21124005420783212,0.18683705045118035,1,0.21046043496822817,1,0.1512294880607395,-1
2026-08-11 14:00:00+00:00,0.1849,0.00019832321905480753,0.11925915226589821,-0.21260170921949573,0.1849366735996962,1,0.20831977743910807,1,0.1494875974477426,-1
2026-08-11 15:00:00+00:00,0.185,0.00019832321905480753,0.11925915226589821,-0.19205844824162457,0.18503669343398482,1,0.20843244362485122,1,0.1526728469507278,-1
2026-08-11 16:00:00+00:00,0.1854,0.00019832321905480753,0.11925915226589821,-0.19205844824162457,0.1854367727711394,1,0.2088831083678239,1,0.15300295040359427,-1
2026-08-11 17:00:00+00:00,0.1853,0.00019832321905480753,0.11925915226589821,-0.19205844824162457,0.18533675293685076,1,0.2087704421820807,1,0.15292042454037763,-1
2026-08-11 18:00:00+00:00,0.1855,0.00019832321905480753,0.11925915226589821,-0.19205844824162457,0.18553679260542805,1,0.20899577455356705,1,0.15308547626681085,-1
2026-08-11 19:00:00+00:00,0.1858,0.00019832321905480753,0.11925915226589821,-0.19205844824162457,0.18583685210829395,1,0.20933377311079654,1,0.15333305385646068,-1
2026-08-11 20:00:00+00:00,0.1852,0.00019832321905480753,0.11925915226589821,-0.19205844824162457,0.1852367331025621,1,0.20865777599633756,1,0.15283789867716105,-1
2026-08-11 21:00:00+00:00,0.1867,0.00019832321905480753,0.11925915226589821,-0.19205844824162457,0.18673703061689173,1,0.210347768782485,1,0.1540757866254102,-1
2026-08-11 22:00:00+00:00,0.1868,2.1649953783709044e-05,0.11925915226589821,-0.19205844824162457,0.1868040442551456,1,0.21046043496822817,1,0.15415831248862677,-1
2026-08-11 23:00:00+00:00,0.1871,0.00019832321905480753,0.11925915226589821,-0.19205844824162457,0.18713710995404628,1,0.21079843352545763,1,0.1544058900782766,-1
2026-08-12 00:00:00+00:00,0.186,0.0005626900632584948,0.0992084749837951,-0.22314811652204514,0.18610468980295977,1,0.20539914783876914,1,0.14879932069862467,-1
2026-08-12 01:00:00+00:00,0.187,0.0005626900632584948,0.0992084749837951,-0.22314811652204514,0.1871052526513628,1,0.20650344433252596,1,0.14959931704646673,-1
2026-08-12 02:00:00+00:00,0.188,-0.00035131544552766,0.0992084749837951,-0.22314811652204514,0.18793396429660128,-1,0.2076077408262828,1,0.1503993133943088,-1
2026-08-12 03:00:00+00:00,0.1877,0.0005626900632584948,0.0992084749837951,-0.22314811652204514,0.1878056466452449,1,0.20727645187815574,1,0.15015931448995617,-1
2026-08-12 04:00:00+00:00,0.1871,0.0005626900632584948,0.0992084749837951,-0.22314811652204514,0.18720530893620307,1,0.20661387398190165,1,0.14967931668125092,-1
2026-08-12 05:00:00+00:00,0.1866,0.0005626900632584948,0.0992084749837951,-0.22314811652204514,0.18670502751200158,1,0.20606172573502324,1,0.1492793185073299,-1
2026-08-12 06:00:00+00:00,0.1855,0.0005626900632584948,0.0992084749837951,-0.22314811652204514,0.18560440837875827,1,0.20484699959189073,1,0.14839932252470361,-1
2026-08-12 07:00:00+00:00,0.1853,0.0006471455482916392,0.0992084749837951,-0.22314811652204514,0.18541995488004534,1,0.20462614029313936,1,0.1482393232551352,-1
2026-08-12 08:00:00+00:00,0.1856,0.0005626900632584948,0.0992084749837951,-0.22314811652204514,0.18570446466359855,1,0.2049574292412664,1,0.14847932215948784,-1
2026-08-12 09:00:00+00:00,0.1873,0.0005626900632584948,0.0992084749837951,-0.22314811652204514,0.18740542150588368,1,0.20683473328065302,1,0.14983931595081934,-1
2026-08-12 10:00:00+00:00,0.1868,0.0006471455482916392,0.0992084749837951,-0.22314811652204514,0.18692092591253356,1,0.2062825850337746,1,0.1494393177768983,-1
2026-08-12 11:00:00+00:00,0.1858,0.0006471455482916392,0.0992084749837951,-0.22314811652204514,0.18592027855754142,1,0.20517828854001777,1,0.14863932142905625,-1
2026-08-12 12:00:00+00:00,0.1845,0.0006471455482916392,0.0992084749837951,-0.22314811652204514,0.18461943699605163,1,0.20374270309813391,1,0.14759932617686156,-1
2026-08-12 13:00:00+00:00,0.1835,0.0005626900632584948,0.0992084749837951,-0.22314811652204514,0.18360328268195225,1,0.2026384066043771,1,0.1467993298290195,-1
2026-08-12 14:00:00+00:00,0.1822,0.0005626900632584948,0.0992084749837951,-0.22314811652204514,0.18230255097902834,1,0.20120282116249322,1,0.1457593345768248,-1
2026-08-12 15:00:00+00:00,0.182,0.0005626900632584948,0.0992084749837951,-0.22314811652204514,0.18210243840934773,1,0.20098196186374184,1,0.14559933530725638,-1
2026-08-12 16:00:00+00:00,0.1823,0.0005626900632584948,0.0992084749837951,-0.22314811652204514,0.18240260726386864,1,0.20131325081186888,1,0.145839334211609,-1
2026-08-12 17:00:00+00:00,0.1832,0.0006471455482916392,0.0992084749837951,-0.22314811652204514,0.18331859543456183,1,0.20230711765625004,1,0.1465593309246669,-1
2026-08-12 18:00:00+00:00,0.1834,0.0004595485345287172,0.0992084749837951,-0.22314811652204514,0.18348430056985068,1,0.2025279769550014,1,0.1467193301942353,-1
2026-08-12 19:00:00+00:00,0.1832,0.0006471455482916392,0.0992084749837951,-0.22314811652204514,0.18331859543456183,1,0.20230711765625004,1,0.1465593309246669,-1
2026-08-12 20:00:00+00:00,0.1829,0.0005626900632584948,0.0992084749837951,-0.22314811652204514,0.18300294497291045,1,0.201975828708123,1,0.14631933202031425,-1
2026-08-12 21:00:00+00:00,0.1811,0.0005626900632584948,0.0992084749837951,-0.22314811652204514,0.18120193184578504,1,0.1999880950193607,1,0.14487933859419855,-1
2026-08-12 22:00:00+00:00,0.1821,0.0005626900632584948,0.0992084749837951,-0.22314811652204514,0.18220249469418806,1,0.20109239151311756,1,0.1456793349420406,-1
2026-08-12 23:00:00+00:00,0.1826,0.0005626900632584948,0.0992084749837951,-0.22314811652204514,0.18270277611838956,1,0.20164453975999597,1,0.14607933311596163,-1
2026-08-13 00:00:00+00:00,0.1818,0.000221375208977111,0.11646925669915328,-0.2529519634382999,0.18184025046805555,1,0.2042564757881251,1,0.141168642008866,-1
2026-08-13 01:00:00+00:00,0.1815,0.000221375208977111,0.11646925669915328,-0.2529519634382999,0.1815401840481413,1,0.20391941889738563,1,0.1409356904543959,-1
2026-08-13 02:00:00+00:00,0.1831,0.000221375208977111,0.11646925669915328,-0.2529519634382999,0.18314053828768415,1,0.20571705564799622,1,0.142178098744903,-1
2026-08-13 03:00:00+00:00,0.184,0.0002697134316153812,0.11646925669915328,-0.2529519634382999,0.1840496339645898,1,0.20672822632021465,1,0.14287695340831322,-1
2026-08-13 04:00:00+00:00,0.1834,0.000221375208977111,0.11646925669915328,-0.2529519634382999,0.1834406047075984,1,0.20605411253873568,1,0.1424110502993731,-1
2026-08-13 05:00:00+00:00,0.1845,0.0002831669186644568,0.11646925669915328,-0.2529519634382999,0.18455225169412007,1,0.20728998780478045,1,0.14326520599909667,-1
2026-08-13 06:00:00+00:00,0.1844,0.0002697134316153812,0.11646925669915328,-0.2529519634382999,0.18444974186451282,1,0.2071776355078673,1,0.14318755548094,-1
2026-08-13 07:00:00+00:00,0.1856,0.0002697134316153812,0.11646925669915328,-0.19367354693843475,0.18565006556428187,1,0.20852586307082518,1,0.15292082035460797,-1
2026-08-13 08:00:00+00:00,0.1865,0.0002697134316153812,0.11646925669915328,-0.1659050921301108,0.18655030833910868,1,0.20953703374304364,1,0.15798911637530264,-1
2026-08-13 09:00:00+00:00,0.1855,4.4701943706012476e-05,0.11646925669915328,-0.255137980432939,0.1855082923958992,1,0.20841351077391204,1,0.1437271774653637,-1
2026-08-13 10:00:00+00:00,0.1848,0.000221375208977111,0.11646925669915328,-0.2753901347903615,0.18484091466719837,1,0.2076270446955199,1,0.14031417625057865,-1
2026-08-13 11:00:00+00:00,0.1832,0.000221375208977111,0.11646925669915328,-0.2529519634382999,0.18324056042765555,1,0.20582940794490936,1,0.1422557492630597,-1
2026-08-13 12:00:00+00:00,0.1835,4.259124429996625e-06,0.11646925669915328,-0.2529519634382999,0.18350078155099728,1,0.20616646483564885,1,0.14248870081752976,-1
2026-08-13 13:00:00+00:00,0.1845,4.259124429996625e-06,0.11646925669915328,-0.40424284147740247,0.18450078581013077,1,0.20728998780478045,1,0.12315043071007448,-1
2026-08-13 14:00:00+00:00,0.1849,6.965064964326515e-05,0.11646925669915328,-0.3497770050355175,0.18491287885362412,1,0.2077393969924331,1,0.1303258865653351,-1
2026-08-13 15:00:00+00:00,0.1827,-6.885461662157448e-06,0.11646925669915328,-0.2529519634382999,0.18269874203048517,-1,0.20526764646034357,1,0.14186749667227624,-1
2026-08-13 16:00:00+00:00,0.1816,4.4701943706012476e-05,0.11646925669915328,-0.2529519634382999,0.18160811805442206,1,0.2040317711942988,1,0.14101334097255264,-1
2026-08-13 17:00:00+00:00,0.1819,0.000221375208977111,0.11646925669915328,-0.2529519634382999,0.181940272608027,1,0.20436882808503828,1,0.1412462925270227,-1
2026-08-13 18:00:00+00:00,0.1815,0.000221375208977111,0.11646925669915328,-0.2529519634382999,0.1815401840481413,1,0.20391941889738563,1,0.1409356904543959,-1
2026-08-13 19:00:00+00:00,0.1815,0.000221375208977111,0.11646925669915328,-0.2529519634382999,0.1815401840481413,1,0.20391941889738563,1,0.1409356904543959,-1
2026-08-13 20:00:00+00:00,0.1821,0.000221375208977111,0.11646925669915328,-0.2529519634382999,0.18214031688796986,1,0.20459353267886463,1,0.1414015935633361,-1
2026-08-13 21:00:00+00:00,0.1818,0.00023229895746893452,0.11646925669915328,-0.2529519634382999,0.1818422368560667,1,0.2042564757881251,1,0.141168642008866,-1
2026-08-13 22:00:00+00:00,0.1823,0.0002697134316153812,0.11646925669915328,-0.2529519634382999,0.18234917538991693,1,0.2048182372726909,1,0.14155689459964946,-1
2026-08-13 23:00:00+00:00,0.1825,0.00023555275931532252,0.11646925669915328,-0.2529519634382999,0.1825429934419882,1,0.20504294186651723,1,0.14171219563596285,-1
2026-08-14 00:00:00+00:00,0.1832,0.000552679201707189,0.10146814879178757,-0.2199784143638579,0.18330127881452193,1,0.20276478264323905,1,0.14702461737236852,-1
2026-08-14 01:00:00+00:00,0.1828,0.000552679201707189,0.10146814879178757,-0.2199784143638579,0.18290105768173912,1,0.20232206477720577,1,0.14670360292395723,-1
2026-08-14 02:00:00+00:00,0.182,0.00033507859835310187,0.10146814879178757,-0.2199784143638579,0.18206099452330926,1,0.20143662904513923,1,0.14606157402713466,-1
2026-08-14 03:00:00+00:00,0.1823,0.00033507859835310187,0.10146814879178757,-0.2199784143638579,0.1823610950637323,1,0.20176866744466418,1,0.14630233486344313,-1
2026-08-14 04:00:00+00:00,0.1823,0.000552679201707189,0.10146814879178757,-0.2199784143638579,0.18240078126576062,1,0.20176866744466418,1,0.14630233486344313,-1
2026-08-14 05:00:00+00:00,0.1828,0.000552679201707189,0.10146814879178757,-0.2199784143638579,0.18290105768173912,1,0.20232206477720577,1,0.14670360292395723,-1
2026-08-14 06:00:00+00:00,0.1816,0.000552679201707189,0.10146814879178757,-0.2199784143638579,0.18170039428339074,1,0.20099391117910598,1,0.1457405595787234,-1
2026-08-14 07:00:00+00:00,0.1818,0.00033507859835310187,0.10146814879178757,-0.2199784143638579,0.18186092749636057,1,0.2012152701121226,1,0.14590106680292902,-1
2026-08-14 08:00:00+00:00,0.1825,0.0005781940537884855,0.10146814879178757,-0.2199784143638579,0.18260555092633482,1,0.20199002637768082,1,0.1464628420876488,-1
2026-08-14 09:00:00+00:00,0.1819,0.000552679201707189,0.10146814879178757,-0.2199784143638579,0.18200056013297783,1,0.20132594957863092,1,0.14598132041503187,-1
2026-08-14 10:00:00+00:00,0.1794,0.0004937385687553411,0.10146814879178757,-0.2199784143638579,0.17948859856970034,1,0.19855896291592295,1,0.14397498011246132,-1
2026-08-14 11:00:00+00:00,0.1801,0.0004937385687553411,0.10146814879178757,-0.2199784143638579,0.18018894427203475,1,0.19933371918148118,1,0.14453675539718108,-1
2026-08-14 12:00:00+00:00,0.1794,0.0004937385687553411,0.10146814879178757,-0.2199784143638579,0.17948859856970034,1,0.19855896291592295,1,0.14397498011246132,-1
2026-08-14 13:00:00+00:00,0.1797,0.000552679201707189,0.10146814879178757,-0.2199784143638579,0.17979934390267244,1,0.1988910013154479,1,0.1442157409487698,-1
2026-08-14 14:00:00+00:00,0.1784,0.000552679201707189,0.10146814879178757,-0.2199784143638579,0.17849862522112833,1,0.19745216825083978,1,0.1431724439914331,-1
2026-08-14 15:00:00+00:00,0.18,-0.001271658888722253,0.10146814879178757,-0.2199784143638579,0.17977124687882662,-1,0.19922303971497285,1,0.14445650178507824,-1
2026-08-14 16:00:00+00:00,0.18,-0.00035678329233425967,0.10146814879178757,-0.2405216753417291,0.17993579046250605,-1,0.19922303971497285,1,0.1415191686710743,-1
2026-08-14 17:00:00+00:00,0.1799,0.00033507859835310187,0.10146814879178757,-0.2199784143638579,0.179960290740348,1,0.19911236024846454,1,0.14437624817297542,-1
2026-08-14 18:00:00+00:00,0.1792,0.000552679201707189,0.10146814879178757,-0.2199784143638579,0.17929906748669394,1,0.1983376039829063,1,0.14381447288825566,-1
2026-08-14 19:00:00+00:00,0.1797,0.000552679201707189,0.10146814879178757,-0.2199784143638579,0.17979934390267244,1,0.1988910013154479,1,0.1442157409487698,-1
2026-08-14 20:00:00+00:00,0.1794,0.000401520788517387,0.10146814879178757,-0.2199784143638579,0.17947204729273497,1,0.19855896291592295,1,0.14397498011246132,-1
2026-08-14 21:00:00+00:00,0.1788,0.000401520788517387,0.10146814879178757,-0.2199784143638579,0.17887180633188968,1,0.19789488611687303,1,0.14349345843984437,-1
2026-08-14 22:00:00+00:00,0.179,0.0005781940537884855,0.10146814879178757,-0.2199784143638579,0.17910352666199414,1,0.19811624504988967,1,0.14365396566405003,-1
2026-08-14 23:00:00+00:00,0.1802,0.000552679201707189,0.10146814879178757,-0.2199784143638579,0.18029962031865093,1,0.1994443986479895,1,0.1446170090092839,-1
2026-08-15 00:00:00+00:00,0.18,0.0004433553983867314,0.13648183007770817,-0.15408714317186778,0.18007982166508515,1,0.20632212910852668,1,0.15429551739539965,-1
2026-08-15 01:00:00+00:00,0.1797,0.000514540598412357,0.13648183007770817,-0.21301768506378518,0.17979248673758486,1,0.2059782588933458,1,0.14522308955549085,-1
2026-08-15 02:00:00+00:00,0.1814,0.0006116870240435483,0.13648183007770817,-0.15408714317186778,0.18151099396948614,1,0.20792685677937078,1,0.15549559364180832,-1
2026-08-15 03:00:00+00:00,0.1804,0.000514540598412357,0.13648183007770817,-0.21265172019991005,0.18049284700868284,1,0.20678062272876788,1,0.14584215218524862,-1
2026-08-15 04:00:00+00:00,0.1806,0.00043008511337921257,0.13648183007770817,-0.21301768506378518,0.18067769007695153,1,0.20700986953888845,1,0.1459504172160359,-1
2026-08-15 05:00:00+00:00,0.1797,0.000514540598412357,0.13648183007770817,-0.21396963147174639,0.17979248673758486,1,0.2059782588933458,1,0.14508491073688531,-1
2026-08-15 06:00:00+00:00,0.1798,0.000514540598412357,0.13648183007770817,-0.21301768506378518,0.17989253820488454,1,0.20609288229840608,1,0.14530390373999585,-1
2026-08-15 07:00:00+00:00,0.179,0.000514540598412357,0.13648183007770817,-0.21396963147174639,0.17909212646648684,1,0.20517589505792375,1,0.14451974970452125,-1
2026-08-15 08:00:00+00:00,0.1787,0.000514540598412357,0.13648183007770817,-0.21301768506378518,0.17879197206458772,1,0.20483202484274288,1,0.14441494771044083,-1
2026-08-15 09:00:00+00:00,0.1794,0.0001961340050401179,0.13648183007770817,-0.21301768506378518,0.17943518989135857,1,0.20563438867816494,1,0.14498064700197585,-1
2026-08-15 10:00:00+00:00,0.179,0.0001961340050401179,0.13648183007770817,-0.21396963147174639,0.17903511143006232,1,0.20517589505792375,1,0.14451974970452125,-1
2026-08-15 11:00:00+00:00,0.1787,0.00043008511337921257,0.13648183007770817,-0.21301768506378518,0.17877687273948636,1,0.20483202484274288,1,0.14441494771044083,-1
2026-08-15 12:00:00+00:00,0.1792,0.0007989210479297647,0.13648183007770817,-0.21301768506378518,0.17934322385644771,1,0.20540514186804434,1,0.14481901863296584,-1
2026-08-15 13:00:00+00:00,0.179,-0.0002852217200773851,0.13648183007770817,-0.21396963147174639,0.1789489525923669,-1,0.20517589505792375,1,0.14451974970452125,-1
2026-08-15 14:00:00+00:00,0.1788,0.0004304899861265118,0.13648183007770817,-0.19342637049387518,0.17887698817965061,1,0.20494664824780315,1,0.14735453595397627,-1
2026-08-15 15:00:00+00:00,0.1789,-0.0007957743014962912,0.13648183007770817,-0.21396963147174639,0.1787576926072551,-1,0.20506127165286347,1,0.14443901241418355,-1
2026-08-15 16:00:00+00:00,0.1783,0.000514540598412357,0.13648183007770817,-0.21396963147174639,0.17839176619538885,1,0.2043735312225017,1,0.1439545886721572,-1
2026-08-15 17:00:00+00:00,0.1776,0.00042779800228861115,0.13648183007770817,-0.19342637049387518,0.17767599317891256,1,0.20357116738707967,1,0.1463655793368355,-1
2026-08-15 18:00:00+00:00,0.1774,0.000514540598412357,0.13648183007770817,-0.19342637049387518,0.17749130298969143,1,0.20334192057695907,1,0.14620075323397871,-1
2026-08-15 19:00:00+00:00,0.178,0.0007588297036946436,0.13648183007770817,-0.19342637049387518,0.17813512294842718,1,0.20402966100732084,1,0.14669523154254907,-1
2026-08-15 20:00:00+00:00,0.178,0.000514540598412357,0.13648183007770817,-0.19342637049387518,0.1780916117934897,1,0.20402966100732084,1,0.14669523154254907,-1
2026-08-15 21:00:00+00:00,0.1779,0.0007588297036946436,0.13648183007770817,-0.19342637049387518,0.17803504703665843,1,0.20391503760226054,1,0.1466128184911207,-1
2026-08-15 22:00:00+00:00,0.1775,0.0001961340050401179,0.13648183007770817,-0.19342637049387518,0.17753481720020145,1,0.20345654398201937,1,0.14628316628540708,-1
2026-08-15 23:00:00+00:00,0.1765,-0.0004839203954069421,0.13648183007770817,-0.19342637049387518,0.17641460871316972,-1,0.20231030993141644,1,0.1454590357711231,-1
2026-08-16 00:00:00+00:00,0.177,0.0007213333052791332,0.10891144878392726,-0.22314811652204514,0.17712772205458224,1,0.197366258214431,1,0.14159935356804604,-1
2026-08-16 01:00:00+00:00,0.1764,0.0008057887903122779,0.10891144878392726,-0.22314811652204514,0.1765421984258658,1,0.19669722005099227,1,0.14111935575934081,-1
2026-08-16 02:00:00+00:00,0.1767,0.0007213333052791332,0.10891144878392726,-0.22314811652204514,0.17682750557652363,1,0.19703173913271163,1,0.14135935466369343,-1
2026-08-16 03:00:00+00:00,0.1771,0.0005517495863850703,0.10891144878392726,-0.22314811652204514,0.17719774181377185,1,0.19747776457500413,1,0.14167935320283026,-1
2026-08-16 04:00:00+00:00,0.1769,0.0008057887903122779,0.10891144878392726,-0.22314811652204514,0.17704260148262846,1,0.19725475185385788,1,0.14151935393326184,-1
2026-08-16 05:00:00+00:00,0.177,0.0005517495863850703,0.10891144878392726,-0.22314811652204514,0.17709768662358902,1,0.197366258214431,1,0.14159935356804604,-1
2026-08-16 06:00:00+00:00,0.1769,0.0008057887903122779,0.10891144878392726,-0.22314811652204514,0.17704260148262846,1,0.19725475185385788,1,0.14151935393326184,-1
2026-08-16 07:00:00+00:00,0.1777,0.0007589719713951636,0.10891144878392726,-0.24369137749991635,0.17783492051328426,1,0.19814680273844287,1,0.13926872743951552,-1
2026-08-16 08:00:00+00:00,0.1779,-0.001278651277358729,0.10891144878392726,-0.22314811652204514,0.17767267330451494,-1,0.19836981545958912,1,0.1423193502811039,-1
2026-08-16 09:00:00+00:00,0.177,0.0008057887903122779,0.10891144878392726,-0.22314811652204514,0.17714268209398099,1,0.197366258214431,1,0.14159935356804604,-1
2026-08-16 10:00:00+00:00,0.1767,0.0009760917289770701,0.10891144878392726,-0.22314811652204514,0.17687255961181456,1,0.19703173913271163,1,0.14135935466369343,-1
2026-08-16 11:00:00+00:00,0.1771,0.0007922533310159804,0.10891144878392726,-0.22314811652204514,0.1772403636593695,1,0.19747776457500413,1,0.14167935320283026,-1
2026-08-16 12:00:00+00:00,0.1763,-0.0005205473464564071,0.10891144878392726,-0.22314811652204514,0.17620825138464064,-1,0.19658571369041913,1,0.14103935612455662,-1
2026-08-16 13:00:00+00:00,0.176,0.0008057887903122779,0.10891144878392726,-0.22314811652204514,0.17614187598045566,1,0.19625119460869975,1,0.14079935722020398,-1
2026-08-16 14:00:00+00:00,0.1762,0.00046594436066277225,0.10891144878392726,-0.22314811652204514,0.1762821185261952,1,0.196474207329846,1,0.1409593564897724,-1
2026-08-16 15:00:00+00:00,0.1768,0.0008057887903122779,0.10891144878392726,-0.22314811652204514,0.17694252087127593,1,0.19714324549328477,1,0.14143935429847765,-1
2026-08-16 16:00:00+00:00,0.1763,0.0005517495863850703,0.10891144878392726,-0.22314811652204514,0.1763973002923093,1,0.19658571369041913,1,0.14103935612455662,-1
2026-08-16 17:00:00+00:00,0.1763,0.0009760917289770701,0.10891144878392726,-0.22314811652204514,0.17647216898450996,1,0.19658571369041913,1,0.14103935612455662,-1
2026-08-16 18:00:00+00:00,0.1759,-0.0006865697653578297,0.10891144878392726,-0.22314811652204514,0.17577927382648617,-1,0.19613968824812664,1,0.14071935758541979,-1
2026-08-16 19:00:00+00:00,0.1783,-0.0006059648431044026,0.10891144878392726,-0.22314811652204514,0.17819198919715415,-1,0.19881584090188162,1,0.14263934882024074,-1
2026-08-16 20:00:00+00:00,0.1771,0.0007297184971883393,0.10891144878392726,-0.22314811652204514,0.17722928030923185,1,0.19747776457500413,1,0.14167935320283026,-1
2026-08-16 21:00:00+00:00,0.1759,-0.0006865697653578297,0.10891144878392726,-0.22314811652204514,0.17577927382648617,-1,0.19613968824812664,1,0.14071935758541979,-1
2026-08-16 22:00:00+00:00,0.1755,0.0007213333052791332,0.10891144878392726,-0.22314811652204514,0.17562663966428918,1,0.1956936628058341,1,0.14039935904628295,-1
2026-08-16 23:00:00+00:00,0.1749,0.0006181917765493557,0.10891144878392726,-0.22314811652204514,0.175008155168592,1,0.1950246246423954,1,0.1399193612375777,-1
2026-08-17 00:00:00+00:00,0.1759,-0.001815610786725739,0.09742987578627642,-0.19454507890459494,0.17558092380935306,-1,0.19390057496887383,1,0.14480247507123428,-1
2026-08-17 01:00:00+00:00,0.1759,-0.001815610786725739,0.09742987578627642,-0.19454507890459494,0.17558092380935306,-1,0.19390057496887383,1,0.14480247507123428,-1
2026-08-17 02:00:00+00:00,0.177,0.0004693106955618595,0.09742987578627642,-0.19454507890459494,0.17708308748851292,1,0.19511314252126585,1,0.14570800504609702,-1
2026-08-17 03:00:00+00:00,0.1771,2.07742029515417e-05,0.09742987578627642,-0.19454507890459494,0.1771036791495583,1,0.1952233759351197,1,0.14579032595290273,-1
2026-08-17 04:00:00+00:00,0.1772,-0.001815610786725739,0.09742987578627642,-0.19454507890459494,0.17687856565672178,-1,0.1953336093489735,1,0.14587264685970844,-1
2026-08-17 05:00:00+00:00,0.1766,3.56130735793579e-05,0.09742987578627642,-0.19454507890459494,0.17660628938078554,1,0.1946722088658506,1,0.1453787214188742,-1
2026-08-17 06:00:00+00:00,0.1774,-5.055480109151568e-05,0.09742987578627642,-0.19454507890459494,0.17739103180498092,-1,0.19555407617668116,1,0.14603728867331983,-1
2026-08-17 07:00:00+00:00,0.1762,2.07742029515417e-05,0.09742987578627642,-0.19454507890459494,0.17620366045258143,1,0.1942312752104353,1,0.1450494377916514,-1
2026-08-17 08:00:00+00:00,0.1752,0.0004693106955618595,0.09742987578627642,-0.19454507890459494,0.17528224253100264,1,0.19312894107189707,1,0.14422622872359434,-1
2026-08-17 09:00:00+00:00,0.1745,0.000384855210528715,0.09742987578627642,-0.19454507890459494,0.174567170158801,1,0.1923573071749203,1,0.1436499823759544,-1
2026-08-17 10:00:00+00:00,0.1748,0.0004693106955618595,0.09742987578627642,-0.19454507890459494,0.17488205476266702,1,0.1926880074164818,1,0.14389694509637152,-1
2026-08-17 11:00:00+00:00,0.1748,0.000384855210528715,0.09742987578627642,-0.19454507890459494,0.17486728563758405,1,0.1926880074164818,1,0.14389694509637152,-1
2026-08-17 12:00:00+00:00,0.1735,0.000384855210528715,0.09742987578627642,-0.19454507890459494,0.17356678522952418,1,0.19125497303638206,1,0.14282677330789734,-1
2026-08-17 13:00:00+00:00,0.1743,4.995372667742669e-05,0.09742987578627642,-0.19454507890459494,0.17430870715203542,1,0.19213684034721268,1,0.143485340562343,-1
2026-08-17 14:00:00+00:00,0.1747,4.995372667742669e-05,0.09742987578627642,-0.19454507890459494,0.17470872713402516,1,0.19257777400262796,1,0.1438146241895658,-1
2026-08-17 15:00:00+00:00,0.1753,-0.001325027581390224,0.09742987578627642,-0.19454507890459494,0.1750678764839744,-1,0.1932391744857509,1,0.14430854963040005,-1
2026-08-17 16:00:00+00:00,0.1743,-0.0001296002593393574,0.09742987578627642,-0.19454507890459494,0.17427741213852513,-1,0.19213684034721268,1,0.143485340562343,-1
2026-08-17 17:00:00+00:00,0.1745,0.00042845464066618773,0.09742987578627642,-0.19454507890459494,0.17457478135386129,1,0.1923573071749203,1,0.1436499823759544,-1
2026-08-17 18:00:00+00:00,0.1741,-0.0005084009289439824,0.09742987578627642,-0.19454507890459494,0.1740115098944028,-1,0.19191637351950502,1,0.1433206987487316,-1
2026-08-17 19:00:00+00:00,0.1738,0.0004693106955618595,0.09742987578627642,-0.19454507890459494,0.17388158534182796,1,0.19158567327794357,1,0.14307373602831447,-1
2026-08-17 20:00:00+00:00,0.1742,2.0404877608843395e-05,0.09742987578627642,-0.19454507890459494,0.17420355456594455,1,0.19202660693335882,1,0.14340301965553728,-1
2026-08-17 21:00:00+00:00,0.1739,-0.0005084009289439824,0.09742987578627642,-0.19454507890459494,0.17381161154874583,-1,0.19169590669179737,1,0.14315605693512018,-1
2026-08-17 22:00:00+00:00,0.1735,0.000384855210528715,0.09742987578627642,-0.19454507890459494,0.17356678522952418,1,0.19125497303638206,1,0.14282677330789734,-1
2026-08-17 23:00:00+00:00,0.1743,0.0004693106955618595,0.09742987578627642,-0.19454507890459494,0.17438182005224748,1,0.19213684034721268,1,0.143485340562343,-1
2026-08-18 00:00:00+00:00,0.1744,-0.0005460258386659913,0.13648183007770817,-0.19342637049387518,0.17430479908718108,-1,0.1999032184251503,1,0.14372836169112674,-1
2026-08-18 01:00:00+00:00,0.1732,0.0009028534440432691,0.13648183007770817,-0.19342637049387518,0.17335644482925766,1,0.1985277375644268,1,0.14273940507398597,-1
2026-08-18 02:00:00+00:00,0.1719,0.0009873089290764134,0.13648183007770817,-0.19342637049387518,0.1720698022147363,1,0.197037633298643,1,0.14166803540541678,-1
2026-08-18 03:00:00+00:00,0.1725,0.0009028534440432691,0.13648183007770817,-0.19342637049387518,0.17265581254646042,1,0.19772537372900473,1,0.14216251371398717,-1
2026-08-18 04:00:00+00:00,0.1739,0.00113804092160913,0.13648183007770817,-0.19342637049387518,0.17409801797117336,1,0.19933010139984883,1,0.14331629643398475,-1
2026-08-18 05:00:00+00:00,0.1731,-0.0001090672363930213,0.13648183007770817,-0.19342637049387518,0.1730811214909125,-1,0.1984131141593665,1,0.14265699202255758,-1
2026-08-18 06:00:00+00:00,0.1734,0.0009873089290764134,0.13648183007770817,-0.19342637049387518,0.17357128390945478,1,0.19875698437454736,1,0.14290423117684276,-1
2026-08-18 07:00:00+00:00,0.1735,0.0007997119153134913,0.13648183007770817,-0.19342637049387518,0.17363880551212024,1,0.19887160777960766,1,0.14298664422827115,-1
2026-08-18 08:00:00+00:00,0.173,0.0010608274415583128,0.13648183007770817,-0.19342637049387518,0.17318362052501562,1,0.1982984907543062,1,0.14257457897112916,-1
2026-08-18 09:00:00+00:00,0.1732,0.0012315980343587003,0.13648183007770817,-0.19342637049387518,0.1734134441912942,1,0.1985277375644268,1,0.14273940507398597,-1
2026-08-18 10:00:00+00:00,0.1733,0.000733269725149206,0.13648183007770817,-0.19342637049387518,0.17342712224511928,1,0.1986423609694871,1,0.14282181812541436,-1
2026-08-18 11:00:00+00:00,0.1737,0.0006874197655853877,0.13648183007770817,-0.19342637049387518,0.17381944586330222,1,0.19910085458972826,1,0.14315147033112796,-1
2026-08-18 12:00:00+00:00,0.174,-0.0012443899475509175,0.13648183007770817,-0.19342637049387518,0.1737836108133138,-1,0.19944472480490913,1,0.14339870948541314,-1
2026-08-18 13:00:00+00:00,0.1745,0.0007755184241492764,0.13648183007770817,-0.19342637049387518,0.17463538045324675,1,0.20001784183021057,1,0.14381077474255513,-1
2026-08-18 14:00:00+00:00,0.1756,-0.0005460258386659913,0.13648183007770817,-0.19342637049387518,0.17550414403502868,-1,0.20127869928587383,1,0.14471731830826753,-1
2026-08-18 15:00:00+00:00,0.1757,0.0009291204702117867,0.13648183007770817,-0.19342637049387518,0.17586332232792606,1,0.2013933226909341,1,0.14479973135969593,-1
2026-08-18 16:00:00+00:00,0.1747,0.0009028534440432691,0.13648183007770817,-0.19342637049387518,0.17485779972096602,1,0.20024708864033117,1,0.14397560084541194,-1
2026-08-18 17:00:00+00:00,0.1743,0.0009028534440432691,0.13648183007770817,-0.19342637049387518,0.17445743841651046,1,0.19978859502009003,1,0.14364594863969835,-1
2026-08-18 18:00:00+00:00,0.1743,0.0009873089290764134,0.13648183007770817,-0.19342637049387518,0.17447217292628586,1,0.19978859502009003,1,0.14364594863969835,-1
2026-08-18 19:00:00+00:00,0.1734,-8.873073192093866e-05,0.13648183007770817,-0.19342637049387518,0.17338461477366618,-1,0.19875698437454736,1,0.14290423117684276,-1
2026-08-18 20:00:00+00:00,0.1729,0.0009028534440432691,0.13648183007770817,-0.19342637049387518,0.17305617385091598,1,0.19818386734924592,1,0.14249216591970076,-1
2026-08-18 21:00:00+00:00,0.1729,0.0007997119153134913,0.13648183007770817,-0.19342637049387518,0.17303832549305817,1,0.19818386734924592,1,0.14249216591970076,-1
2026-08-18 22:00:00+00:00,0.1729,0.00048284593806061695,0.13648183007770817,-0.19342637049387518,0.17298350422090528,1,0.19818386734924592,1,0.14249216591970076,-1
2026-08-18 23:00:00+00:00,0.1746,0.0009566580318996002,0.13648183007770817,-0.19342637049387518,0.17476711241434134,1,0.2001324652352709,1,0.14389318779398355,-1
2026-08-19 00:00:00+00:00,0.1738,0.000788362919737738,0.06833082351747193,-0.2662995709650684,0.17393707149939483,1,0.18609104372509633,1,0.1331672213506677,-1
2026-08-19 01:00:00+00:00,0.1738,0.000788362919737738,0.06833082351747193,-0.2662995709650684,0.17393707149939483,1,0.18609104372509633,1,0.1331672213506677,-1
2026-08-19 02:00:00+00:00,0.1741,0.0007052649854483948,0.06833082351747193,-0.2662995709650684,0.17422282994270413,1,0.18641225956581858,1,0.1333970842183616,-1
2026-08-19 03:00:00+00:00,0.1753,-0.0007039956359323695,0.06833082351747193,-0.2662995709650684,0.17517663299503278,-1,0.18769712292870763,1,0.1343165356891372,-1
2026-08-19 04:00:00+00:00,0.1742,0.0006691414602719451,0.06833082351747193,-0.2662995709650684,0.17431660345013006,1,0.186519331512726,1,0.13347370517425955,-1
2026-08-19 05:00:00+00:00,0.1755,-0.0007043533785101809,0.06833082351747193,-0.2662995709650684,0.1753764295058277,-1,0.18791126682252246,1,0.13446977760093312,-1
2026-08-19 06:00:00+00:00,0.176,0.00048258994763982334,0.06833082351747193,-0.2662995709650684,0.1760849563286709,1,0.18844662655705957,1,0.13485288238042298,-1
2026-08-19 07:00:00+00:00,0.1754,0.000942148727729368,0.06833082351747193,-0.2662995709650684,0.17556533075769568,1,0.18780419487561506,1,0.13439315664503518,-1
2026-08-19 08:00:00+00:00,0.1748,0.000788362919737738,0.06833082351747193,-0.2662995709650684,0.17493786017315427,1,0.18716176319417055,1,0.13393343090964738,-1
2026-08-19 09:00:00+00:00,0.1742,0.0008010441035409025,0.06833082351747193,-0.2662995709650684,0.17433959778736435,1,0.186519331512726,1,0.13347370517425955,-1
2026-08-19 10:00:00+00:00,0.1743,0.000845049273773389,0.06833082351747193,-0.2662995709650684,0.17444735434048902,1,0.18662640345963344,1,0.13355032613015755,-1
2026-08-19 11:00:00+00:00,0.1749,0.0009179671347179022,0.06833082351747193,-0.2662995709650684,0.17506062616535306,1,0.18726883514107795,1,0.13401005186554535,-1
2026-08-19 12:00:00+00:00,0.1755,0.0009958468514746671,0.06833082351747193,-0.2662995709650684,0.17567485817396408,1,0.18791126682252246,1,0.13446977760093312,-1
2026-08-19 13:00:00+00:00,0.1741,0.0008378904977250506,0.06833082351747193,-0.2662995709650684,0.1742459378670919,1,0.18641225956581858,1,0.1333970842183616,-1
2026-08-19 14:00:00+00:00,0.1765,-0.0006221516244385909,0.06833082351747193,-0.2662995709650684,0.17639022439036445,-1,0.18898198629159665,1,0.1352359871599128,-1
2026-08-19 15:00:00+00:00,0.1795,-0.0013060621144130576,0.06833082351747193,-0.2868428319429398,0.17926571487922655,-1,0.19219414469881926,1,0.13473803017662003,-1
2026-08-19 16:00:00+00:00,0.1794,0.000270834650512773,0.06833082351747193,-0.2662995709650684,0.17944859431651733,1,0.19208707275191186,1,0.1374579948809539,-1
2026-08-19 17:00:00+00:00,0.1799,-0.0003945458920329747,0.06833082351747193,-0.2662995709650684,0.17982903519438012,-1,0.19262243248644897,1,0.13784109966044372,-1
2026-08-19 18:00:00+00:00,0.1802,-0.0012310252151252258,0.06833082351747193,-0.2868428319429398,0.1799783057398433,-1,0.19294364832717123,1,0.13526347096282415,-1
2026-08-19 19:00:00+00:00,0.1813,0.0002753112510973479,0.06833082351747193,-0.28606638203287216,0.1813499208013878,1,0.19412143974315282,1,0.13619487107867842,-1
2026-08-19 20:00:00+00:00,0.1851,-0.0013060621144130576,0.06833082351747193,-0.30259749330360597,0.18485840570554224,-1,0.1981901737256348,1,0.13676973239367074,-1
2026-08-19 21:00:00+00:00,0.1901,0.000270834650512773,0.06833082351747193,-0.22941069359803112,0.1901514926397433,1,0.20354377107100582,1,0.15112987340061668,-1
2026-08-19 22:00:00+00:00,0.1884,0.000270834650512773,0.06833082351747193,-0.23258300939485094,0.1884510321584831,1,0.2017235479735797,1,0.14930397862960992,-1
2026-08-19 23:00:00+00:00,0.1871,0.0007269594246268968,0.06833082351747193,-0.30259749330360597,0.18723606355869873,1,0.20033161266378322,1,0.1382475252882539,-1
2026-08-20 00:00:00+00:00,0.1859,0.0007554005195327286,0.07197997711672643,-0.3059849045806641,0.18604048200999254,1,0.1997744283613562,1,0.1368963390489352,-1
2026-08-20 01:00:00+00:00,0.1872,0.0007320953478306886,0.07197997711672643,-0.3555120005953605,0.18733709842755109,1,0.20117145233591113,1,0.13119248074176224,-1
2026-08-20 02:00:00+00:00,0.1855,0.0007320953478306886,0.07197997711672643,-0.3451855920115789,0.1856358534097795,1,0.1993445748307239,1,0.1313504957032733,-1
2026-08-20 03:00:00+00:00,0.1823,-0.00041446357634209087,0.07197997711672643,-0.22314811652204514,0.18222445894562198,-1,0.19590574658566556,1,0.145839334211609,-1
2026-08-20 04:00:00+00:00,0.1835,0.00025140770960406083,0.07197997711672643,-0.24369137749991635,0.18354613911433384,1,0.19719530717756245,1,0.1438143583857687,-1
2026-08-20 05:00:00+00:00,0.1835,0.0007534423372885746,0.07197997711672643,-0.24369137749991635,0.1836383087661896,1,0.19719530717756245,1,0.1438143583857687,-1
2026-08-20 06:00:00+00:00,0.1847,0.0007380803343811866,0.07197997711672643,-0.18435034221981209,0.18483637375896408,1,0.1984848677694593,1,0.15360471932064854,-1
2026-08-20 07:00:00+00:00,0.1842,0.0004937912290988998,0.07197997711672643,-0.22314811652204514,0.18429097880481932,1,0.19794755085616897,1,0.14735932727250894,-1
2026-08-20 08:00:00+00:00,0.1898,-0.001274424369022813,0.07197997711672643,-0.2827810498315358,0.1895582683218477,-1,0.203965500285021,1,0.1430493729915052,-1
2026-08-20 09:00:00+00:00,0.1894,0.0009609401694766562,0.07197997711672643,-0.3555120005953605,0.189582089542665,1,0.20353564675438873,1,0.13273427271629148,-1
2026-08-20 10:00:00+00:00,0.1902,-0.001274424369022813,0.07197997711672643,-0.3552706205444137,0.18995775887679364,-1,0.2043953538156533,1,0.1333271029625041,-1
2026-08-20 11:00:00+00:00,0.1931,0.00042779800228861115,0.07197997711672643,-0.21543214566719493,0.19318262546648657,1,0.2075117919127374,1,0.15567586291028,-1
2026-08-20 12:00:00+00:00,0.1916,-0.001274424369022813,0.07197997711672643,-0.36038545414990547,0.1913559758191044,-1,0.2058998411728663,1,0.1336232685040332,-1
2026-08-20 13:00:00+00:00,0.1953,-0.001274424369022813,0.07197997711672643,-0.2210610213712858,0.19505126345235435,-1,0.20987598633121496,1,0.15656571351463955,-1
2026-08-20 14:00:00+00:00,0.1943,-0.001274424369022813,0.07197997711672643,-0.2210610213712858,0.1940525370649895,-1,0.20880135250463425,1,0.15576404575470795,-1
2026-08-20 15:00:00+00:00,0.1969,-0.001274424369022813,0.07197997711672643,-0.2210610213712858,0.1966492256721381,-1,0.21159540045374411,1,0.15784838193053008,-1
2026-08-20 16:00:00+00:00,0.1995,-0.001274424369022813,0.07197997711672643,-0.2210610213712858,0.19924591427928673,-1,0.214389448402854,1,0.15993271810635223,-1
2026-08-20 17:00:00+00:00,0.2009,-0.001274424369022813,0.07197997711672643,-0.2210610213712858,0.2006441312215975,-1,0.21589393576006702,1,0.16105505297025646,-1
2026-08-20 18:00:00+00:00,0.1954,0.00040933574406575534,0.07197997711672643,-0.2827810498315358,0.19548000057682122,1,0.20998344971387303,1,0.1472700078110649,-1
2026-08-20 19:00:00+00:00,0.1948,-0.000431478392714357,0.07197997711672643,-0.3552535882062652,0.19471596613980044,-1,0.20933866941792462,1,0.1365539538737514,-1
2026-08-20 20:00:00+00:00,0.198,0.0002573926961545592,0.07197997711672643,-0.2210610213712858,0.19805097031325042,1,0.21277749766298293,1,0.15873021646645485,-1
2026-08-20 21:00:00+00:00,0.1977,-0.001274424369022813,0.07197997711672643,-0.2210610213712858,0.19744820678202998,-1,0.21245510751500868,1,0.15848971613847535,-1
2026-08-20 22:00:00+00:00,0.196,-0.001274424369022813,0.07197997711672643,-0.39356505038211526,0.19575037192350975,-1,0.21062823000982148,1,0.13223089629495852,-1
2026-08-20 23:00:00+00:00,0.199,-0.001274424369022813,0.07197997711672643,-0.2210610213712858,0.1987465510856043,-1,0.21385213148956364,1,0.15953188422638645,-1
2026-08-21 00:00:00+00:00,0.2045,-0.001357241585089834,0.09146672150452219,-0.16627395317165128,0.20422263236587118,-1,0.22408707342888,1,0.17317350696129544,-1
2026-08-21 01:00:00+00:00,0.2084,-0.001357241585089834,0.09146672150452219,-0.18239055194377993,0.20811734271416898,-1,0.22836061663852614,1,0.17365468492232622,-1
2026-08-21 02:00:00+00:00,0.2049,-0.001357241585089834,0.09146672150452219,-0.17676167623968905,0.20462208983749147,-1,0.2245253855529463,1,0.17170199363774205,-1
2026-08-21 03:00:00+00:00,0.2082,-0.001357241585089834,0.09146672150452219,-0.17676167623968905,0.2079176139783588,-1,0.228141460576493,1,0.17446732589252267,-1
2026-08-21 04:00:00+00:00,0.2081,-0.001357241585089834,0.09146672150452219,-0.17676167623968905,0.20781774961045377,-1,0.22803188254547643,1,0.17438352794540812,-1
2026-08-21 05:00:00+00:00,0.2087,-0.001357241585089834,0.09146672150452219,-0.17676167623968905,0.20841693581788417,-1,0.22868935073157584,1,0.1748863156280955,-1
2026-08-21 06:00:00+00:00,0.2074,-0.001357241585089834,0.09146672150452219,-0.24109796143433834,0.20711869903511826,-1,0.22726483632836048,1,0.16296758799229238,-1
2026-08-21 07:00:00+00:00,0.2098,-0.000859630738588914,0.09146672150452219,-0.18239055194377993,0.2096197269662659,-1,0.22989470907275808,1,0.1748212710974282,-1
2026-08-21 08:00:00+00:00,0.218,-0.001357241585089834,0.09146672150452219,-0.18239055194377993,0.21770432203305584,-1,0.23888010761611658,1,0.1816541329801685,-1
2026-08-21 09:00:00+00:00,0.2157,-2.0699311505915775e-05,0.09146672150452219,-0.18239055194377993,0.21569553520471743,-1,0.23635981290273556,1,0.17973759854964377,-1
2026-08-21 10:00:00+00:00,0.2143,-0.001357241585089834,0.09146672150452219,-0.2610233180262292,0.21400934042056818,-1,0.23482572046850358,1,0.1650673519837919,-1
2026-08-21 11:00:00+00:00,0.2115,-0.000859630738588914,0.09146672150452219,-0.14652480264189102,0.21131826622195063,-1,0.23175753560003973,1,0.18267346154816427,-1
2026-08-21 12:00:00+00:00,0.216,-0.001357241585089834,0.09146672150452219,-0.310573498072534,0.2157070346749544,-1,0.23668854699578526,1,0.15833371242259456,-1
2026-08-21 13:00:00+00:00,0.2175,-0.001357241585089834,0.09146672150452219,-0.24109796143433834,0.21720500019353048,-1,0.23833221746103375,1,0.17090381093695078,-1
2026-08-21 14:00:00+00:00,0.2176,-0.001357241585089834,0.09146672150452219,-0.17168152053861305,0.21730486456143552,-1,0.2384417954920503,1,0.18327302748291643,-1
2026-08-21 15:00:00+00:00,0.2195,-0.001357241585089834,0.09146672150452219,-0.18239055194377993,0.2192022875516319,-1,0.2405237780813651,1,0.18290404673920635,-1
2026-08-21 16:00:00+00:00,0.2188,-0.000699119009592777,0.09146672150452219,-0.1805062618077609,0.2186470862193948,-1,0.23975673186424912,1,0.18266462272215786,-1
2026-08-21 17:00:00+00:00,0.2193,-0.001357241585089834,0.09146672150452219,-0.24109796143433834,0.21900255881582176,-1,0.24030462201933198,1,0.17231818730332554,-1
2026-08-21 18:00:00+00:00,0.2164,-0.000699119009592777,0.09146672150452219,-0.3695828800037646,0.21624876351863362,-1,0.23712685911985154,1,0.14953727112877546,-1
2026-08-21 19:00:00+00:00,0.2167,-0.001357241585089834,0.09146672150452219,-0.3708255740041732,0.2164060852502899,-1,0.23745559321290122,1,0.1495586067697246,-1
2026-08-21 20:00:00+00:00,0.219,-0.001357241585089834,0.09146672150452219,-0.3253210947875643,0.21870296571210654,-1,0.23997588792628227,1,0.15818269065482377,-1
2026-08-21 21:00:00+00:00,0.2264,-0.001357241585089834,0.09146672150452219,-0.18239055194377993,0.22609292893708183,-1,0.24808466222150824,1,0.1886536500307805,-1
2026-08-21 22:00:00+00:00,0.2316,-0.001357241585089834,0.09146672150452219,-0.18239055194377993,0.23128587606814555,-1,0.25378271983436973,1,0.19298668439544506,-1
2026-08-21 23:00:00+00:00,0.2291,-0.001357241585089834,0.09146672150452219,-0.18239055194377993,0.22878926687051876,-1,0.2510432690589556,1,0.19090349479704863,-1
2026-08-22 00:00:00+00:00,0.2292,-0.0015428874180169864,0.13421246950146426,-0.20842800562537123,0.22884664286902348,-1,0.262121321132887,1,0.1860781932547507,-1
2026-08-22 01:00:00+00:00,0.2297,-0.0009131493453682731,0.13421246950146426,-0.14669631340927436,0.22949034533294813,-1,0.2626931390236656,1,0.19835885639141532,-1
2026-08-22 02:00:00+00:00,0.2421,-0.001624951958470223,0.13421246950146426,-0.14350128248445507,0.24170691858655394,-1,0.27687422271497364,1,0.20973599674200397,-1
2026-08-22 03:00:00+00:00,0.2439,-0.00019355520984295328,0.13421246950146426,-0.14350128248445507,0.24385279645271293,-1,0.2789327671217764,1,0.21129537218246497,-1
2026-08-22 04:00:00+00:00,0.2541,-0.00019355520984295328,0.13421246950146426,-0.14350128248445507,0.25405082238062465,-1,0.2905978520936588,1,0.22013183301174394,-1
2026-08-22 05:00:00+00:00,0.2326,0.00019832321905480753,0.13421246950146426,-0.14350128248445507,0.2326461345553777,1,0.26600968279018117,1,0.2015059596951265,-1
2026-08-22 06:00:00+00:00,0.2339,-6.77667544015273e-05,0.13421246950146426,-0.14350128248445507,0.2338841498932067,-1,0.2674964093062054,1,0.202632175291015,-1
2026-08-22 07:00:00+00:00,0.2314,-0.00019355520984295328,0.13421246950146426,-0.18640896225630568,0.23135521565870343,-1,0.26463731985231265,1,0.19204675394289905,-1
2026-08-22 08:00:00+00:00,0.227,0.000221375208977111,0.13421246950146426,-0.36078204295575655,0.2270502577351409,1,0.2596053224134614,1,0.15824872031676437,-1
2026-08-22 09:00:00+00:00,0.2259,-0.00016654818191554047,0.13421246950146426,-0.20842800562537123,0.225862379898572,-1,0.2583473230537486,1,0.18339905696443362,-1
2026-08-22 10:00:00+00:00,0.2225,0.000221375208977111,0.13421246950146426,-0.2583387341068663,0.22254926143642664,1,0.25445896139645446,1,0.1718442197855978,-1
2026-08-22 11:00:00+00:00,0.2239,0.000221375208977111,0.13421246950146426,-0.14669631340927436,0.22394957139602661,1,0.2560600514906344,1,0.19335023050081795,-1
2026-08-22 12:00:00+00:00,0.2257,-0.001270615635242643,0.13421246950146426,-0.14350128248445507,0.22541340416625763,-1,0.2581185958974372,1,0.195528353840026,-1
2026-08-22 13:00:00+00:00,0.2265,-0.00019355520984295328,0.13421246950146426,-0.14350128248445507,0.22645616398745175,-1,0.25903350452268287,1,0.19622140959134202,-1
2026-08-22 14:00:00+00:00,0.2244,-0.00016654818191554047,0.13421246950146426,-0.14350128248445507,0.22436262970004228,-1,0.25663186938141297,1,0.1944021382441375,-1
2026-08-22 15:00:00+00:00,0.2223,0.000221375208977111,0.13421246950146426,-0.18640896225630568,0.22234921715648379,1,0.25423023424014307,1,0.18449435350694235,-1
2026-08-22 16:00:00+00:00,0.2264,-0.00018924816250360924,0.13421246950146426,-0.14350128248445507,0.2263571582699964,-1,0.25891914094452717,1,0.19613477762242748,-1
2026-08-22 17:00:00+00:00,0.2281,-0.0001783244140117857,0.13421246950146426,-0.14350128248445507,0.22805932782769234,-1,0.26086332177317423,1,0.197607521093974,-1
2026-08-22 18:00:00+00:00,0.2294,-0.0001783244140117857,0.13421246950146426,-0.14350128248445507,0.22935909602662263,-1,0.26235004828919845,1,0.1987337366898625,-1
2026-08-22 19:00:00+00:00,0.2312,-0.001624951958470223,0.13421246950146426,-0.14350128248445507,0.23082461618013742,-1,0.2644085926960012,1,0.20029311213032347,-1
2026-08-22 20:00:00+00:00,0.2306,-0.001624951958470223,0.13421246950146426,-0.14350128248445507,0.23022559035960072,-1,0.26372241122706697,1,0.19977332031683648,-1
2026-08-22 21:00:00+00:00,0.2235,-0.001624951958470223,0.13421246950146426,-0.20842800562537123,0.22313711814991657,-1,0.2556025971780116,1,0.18145059420783938,-1
2026-08-22 22:00:00+00:00,0.2268,-0.001624951958470223,0.13421246950146426,-0.14350128248445507,0.22643176016286837,-1,0.25937659525715,1,0.1964813054980855,-1
2026-08-22 23:00:00+00:00,0.226,-0.000311620380256687,0.13421246950146426,-0.14350128248445507,0.2259295847660428,-1,0.25846168663190433,1,0.1957882497467695,-1
2026-08-23 00:00:00+00:00,0.2288,-0.001758804658264392,0.10384100098192214,-0.23692162648174223,0.22839793917106288,-1,0.2538362211660201,1,0.18053535533495016,-1
2026-08-23 01:00:00+00:00,0.2261,-0.001758804658264392,0.10384100098192214,-0.3011441273459981,0.22570268377000577,-1,0.2508407762484141,1,0.167307469098747,-1
2026-08-23 02:00:00+00:00,0.2233,0.00023874300364855918,0.10384100098192214,-0.2771114006981128,0.22335331767707267,1,0.24773438892645233,1,0.16925471306130832,-1
2026-08-23 03:00:00+00:00,0.2195,0.0003705733215639834,0.10384100098192214,-0.26593467788312736,0.21958135591731853,1,0.24351857756093276,1,0.16824437820647029,-1
2026-08-23 04:00:00+00:00,0.2157,0.000286117836530839,0.10384100098192214,-0.26593467788312736,0.21576172444715125,1,0.2393027661954132,1,0.16533171926713275,-1
2026-08-23 05:00:00+00:00,0.2148,0.0003091698264531425,0.10384100098192214,-0.26593467788312736,0.21486641994571462,1,0.2383042845562112,1,0.16464187899202648,-1
2026-08-23 06:00:00+00:00,0.2155,0.0003091698264531425,0.10384100098192214,-0.26593467788312736,0.21556663639805168,1,0.23908088138670164,1,0.16517842142822026,-1
2026-08-23 07:00:00+00:00,0.2177,0.0003705733215639834,0.10384100098192214,-0.26593467788312736,0.21778068876173232,1,0.24152161428252877,1,0.16686469765625778,-1
2026-08-23 08:00:00+00:00,0.2197,0.00023874300364855918,0.10384100098192214,-0.2771114006981128,0.21975245809965457,1,0.24374046236964433,1,0.16652602086685822,-1
2026-08-23 09:00:00+00:00,0.2205,-0.00028120988974942625,0.10384100098192214,-0.2771114006981128,0.22043800193695304,-1,0.24462800160449055,1,0.16713239691006934,-1
2026-08-23 10:00:00+00:00,0.2215,-0.001758804658264392,0.10384100098192214,-0.34706291984800314,0.22111076716079733,-1,0.24573742564804832,1,0.15654752995241655,-1
2026-08-23 11:00:00+00:00,0.225,-0.0016767401178111555,0.10384100098192214,-0.33219532375827365,0.2246230495857485,-1,0.24962040980050057,1,0.16140311869943272,-1
2026-08-23 12:00:00+00:00,0.2247,-0.0010470020451624421,0.10384100098192214,-0.393656607786266,0.22446486175704278,-1,0.24928758258743322,1,0.15157939868653628,-1
2026-08-23 13:00:00+00:00,0.2294,-0.001758804658264392,0.10384100098192214,-0.23129275077765135,0.22899688481574224,-1,0.25450187559215476,1,0.182030536126433,-1
2026-08-23 14:00:00+00:00,0.2254,-0.00014606428536280346,0.10384100098192214,-0.195980866296764,0.22536707951439136,-1,0.25006417941792364,1,0.1852851028527192,-1
2026-08-23 15:00:00+00:00,0.2246,-0.001758804658264392,0.10384100098192214,-0.22545341431019061,0.22420531965830737,-1,0.24917664018307745,1,0.1792654427863872,-1
2026-08-23 16:00:00+00:00,0.2251,-0.00014606428536280346,0.10384100098192214,-0.3944853870552997,0.2250671233304769,-1,0.24973135220485632,1,0.1517234355921441,-1
2026-08-23 17:00:00+00:00,0.2246,0.0005271598401198198,0.10384100098192214,-0.2120468494532128,0.2247184313134644,1,0.24917664018307745,1,0.1816849590330575,-1
2026-08-23 18:00:00+00:00,0.2251,0.00034554710135564727,0.10384100098192214,-0.4268362040184758,0.22517779609284824,1,0.24973135220485632,1,0.14689360421817718,-1
2026-08-23 19:00:00+00:00,0.2236,0.0003705733215639834,0.10384100098192214,-0.278063347106074,0.2236828755494871,1,0.24806721613951965,1,0.16932084296546832,-1
2026-08-23 20:00:00+00:00,0.2255,-0.0010470020451624421,0.10384100098192214,-0.3747211053670727,0.22526402459373898,-1,0.25017512182227947,1,0.15502696252656203,-1
2026-08-23 21:00:00+00:00,0.2274,-3.201613253734682e-05,0.10384100098192214,-0.39324269305489107,0.22739271964800598,-1,0.2522830275050392,1,0.15346428796434125,-1
2026-08-23 22:00:00+00:00,0.2267,-0.0004896544852616111,0.10384100098192214,-0.38871642692087816,0.2265890225007237,-1,0.2515064306745488,1,0.15368593402705447,-1
2026-08-23 23:00:00+00:00,0.227,-0.00014606428536280346,0.10384100098192214,-0.34652348791053766,0.22696684582860177,-1,0.25183925788761613,1,0.16052128162442972,-1
2026-08-24 00:00:00+00:00,0.2243,-0.00041776023065607506,0.10993160559837983,-0.242831876245839,0.22420631595036145,-1,0.2503640471191458,1,0.17594167802797467,-1
2026-08-24 01:00:00+00:00,0.2183,0.00023644383901248777,0.10993160559837983,-0.242831876245839,0.21835162179264334,1,0.24366683676375178,1,0.17123525775081083,-1
2026-08-24 02:00:00+00:00,0.2205,0.00023644383901248777,0.10993160559837983,-0.242831876245839,0.22055214203059026,1,0.2461224805607296,1,0.1729609451857709,-1
2026-08-24 03:00:00+00:00,0.2181,0.00023644383901248777,0.10993160559837983,-0.242831876245839,0.2181515744982845,1,0.243443596418572,1,0.17107837707490536,-1
2026-08-24 04:00:00+00:00,0.22,0.0002133918490901843,0.10993160559837983,-0.242831876245839,0.2200469512161251,1,0.2455643796977801,1,0.17256874349600723,-1
2026-08-24 05:00:00+00:00,0.2199,0.0002133918490901843,0.10993160559837983,-0.242831876245839,0.21994692987466324,1,0.24545275952519022,1,0.17249030315805453,-1
2026-08-24 06:00:00+00:00,0.2197,0.0002978473341233289,0.10993160559837983,-0.242831876245839,0.21976544680540133,1,0.2452295191800104,1,0.17233342248214906,-1
2026-08-24 07:00:00+00:00,0.2191,0.0002978473341233289,0.10993160559837983,-0.242831876245839,0.21916526807038428,1,0.24455979814447099,1,0.17186278045443265,-1
2026-08-24 08:00:00+00:00,0.2189,0.0001211740688522303,0.10993160559837983,-0.242831876245839,0.218926526610808,1,0.24433655779929123,1,0.1717058997785272,-1
2026-08-24 09:00:00+00:00,0.22,-0.001715175706423202,0.10993160559837983,-0.242831876245839,0.21962298476070274,-1,0.2455643796977801,1,0.17256874349600723,-1
2026-08-24 10:00:00+00:00,0.2188,0.0001660170162079045,0.10993160559837983,-0.242831876245839,0.2188363275385576,1,0.2442249376267013,1,0.17162745944057448,-1
2026-08-24 11:00:00+00:00,0.2233,-0.001797240246876439,0.10993160559837983,-0.26527004759790096,0.2228990366745139,-1,0.2492478453932468,1,0.17127083110749225,-1
2026-08-24 12:00:00+00:00,0.2263,0.0002133918490901843,0.10993160559837983,-0.2839402426941247,0.22634829572822324,1,0.2525964505709438,1,0.17036127172346738,-1
2026-08-24 13:00:00+00:00,0.2216,-0.001715175706423202,0.10993160559837983,-0.26527004759790096,0.22122024283168967,-1,0.2473503024592185,1,0.1699669331545915,-1
2026-08-24 14:00:00+00:00,0.2238,-0.001715175706423202,0.10993160559837983,-0.2450178932404783,0.2234164726792967,-1,0.24980594625619632,1,0.17516614134059796,-1
2026-08-24 15:00:00+00:00,0.2213,0.0002133918490901843,0.10993160559837983,-0.26527004759790096,0.22134722865512949,1,0.2470154419414488,1,0.16973683351584432,-1
2026-08-24 16:00:00+00:00,0.2219,0.00041766917235385896,0.10993160559837983,-0.26433587164794453,0.22199270014699454,1,0.2476851629769882,1,0.17035610105543256,-1
2026-08-24 17:00:00+00:00,0.2187,0.0002133918490901843,0.10993160559837983,-0.242831876245839,0.21874667377712073,1,0.2441133174541114,1,0.17154901910262174,-1
2026-08-24 18:00:00+00:00,0.2198,0.0002133918490901843,0.10993160559837983,-0.242831876245839,0.21984690853320135,1,0.2453411393526003,1,0.1724118628201018,-1
2026-08-24 19:00:00+00:00,0.2189,0.0002133918490901843,0.10993160559837983,-0.242831876245839,0.2189467164600445,1,0.24433655779929123,1,0.1717058997785272,-1
2026-08-24 20:00:00+00:00,0.22,0.0002133918490901843,0.10993160559837983,-0.242831876245839,0.2200469512161251,1,0.2455643796977801,1,0.17256874349600723,-1
2026-08-24 21:00:00+00:00,0.2215,0.0002133918490901843,0.10993160559837983,-0.26433587164794453,0.22154727133805324,1,0.2472386822866286,1,0.17004901479846019,-1
2026-08-24 22:00:00+00:00,0.22,0.0002133918490901843,0.10993160559837983,-0.26527004759790096,0.2200469512161251,1,0.2455643796977801,1,0.16873973508127316,-1
2026-08-24 23:00:00+00:00,0.2215,0.0002133918490901843,0.10993160559837983,-0.26433587164794453,0.22154727133805324,1,0.2472386822866286,1,0.17004901479846019,-1
2026-08-25 00:00:00+00:00,0.2252,0.0002772472775673813,0.0655442439785438,-0.3774205493910871,0.2252624447428257,1,0.24045504289541292,1,0.15440335194979854,-1
2026-08-25 01:00:00+00:00,0.2242,-0.0011645158523940877,0.0655442439785438,-0.3618089509142133,0.22393906750539394,-1,0.23938730291807983,1,0.15613633372465385,-1
2026-08-25 02:00:00+00:00,0.2265,-5.408516080598984e-06,0.0655442439785438,-0.18534862091025453,0.22649877497442053,-1,0.24184310486594596,1,0.18817950554532012,-1
2026-08-25 03:00:00+00:00,0.2258,-5.408516080598984e-06,0.0655442439785438,-0.24987913830479047,0.22579877876037155,-1,0.24109568688181277,1,0.17587447201985987,-1
2026-08-25 04:00:00+00:00,0.2255,1.789665562144128e-05,0.0655442439785438,-0.32207846810775675,0.2255040357319556,1,0.24077536488861284,1,0.16340661920810853,-1
2026-08-25 05:00:00+00:00,0.2269,-0.001815610786725739,0.0655442439785438,-0.1909774966143454,0.22648841166766462,-1,0.24227020085687917,1,0.18745370254700355,-1
2026-08-25 06:00:00+00:00,0.2235,-0.00023423742121533454,0.0655442439785438,-0.14834725268734736,0.22344765406728587,-1,0.23863988493394667,1,0.1926864316894911,-1
2026-08-25 07:00:00+00:00,0.2209,0.0002772472775673813,0.0655442439785438,-0.17560198946044703,0.22096125241425485,1,0.23586376099288062,1,0.18532445893015287,-1
2026-08-25 08:00:00+00:00,0.221,0.00038038880629715876,0.0655442439785438,-0.21596182813016068,0.22108408191708784,1,0.23597053499061393,1,0.17807429901326902,-1
2026-08-25 09:00:00+00:00,0.2184,0.00038038880629715876,0.0655442439785438,-0.21864421608631432,0.2184830927180633,1,0.23319441104954788,1,0.1755078950237564,-1
2026-08-25 10:00:00+00:00,0.2195,0.0004893097395933085,0.0655442439785438,-0.21864421608631432,0.21960742976891343,1,0.2343689250246143,1,0.17639186335949877,-1
2026-08-25 11:00:00+00:00,0.2186,0.00038038880629715876,0.0655442439785438,-0.21724669957130555,0.21868316881029592,1,0.2334079590450145,1,0.1759142879570761,-1
2026-08-25 12:00:00+00:00,0.2181,0.00048228209842790374,0.0655442439785438,-0.21596182813016068,0.21820521109434152,1,0.23287408905634793,1,0.17573757744250665,-1
2026-08-25 13:00:00+00:00,0.2146,0.00038038880629715876,0.0655442439785438,-0.2167867127153816,0.21468164696564276,1,0.22913699913568214,1,0.17277481815505757,-1
2026-08-25 14:00:00+00:00,0.216,0.00046484429133030326,0.0655442439785438,-0.2167867127153816,0.216100429707207,1,0.23063183510394844,1,0.17390196049157705,-1
2026-08-25 15:00:00+00:00,0.2158,0.00048228209842790374,0.0655442439785438,-0.2167867127153816,0.2159041015779867,1,0.23041828710848183,1,0.17374094015778854,-1
2026-08-25 16:00:00+00:00,0.2156,0.0004893097395933085,0.0655442439785438,-0.2167867127153816,0.21570552099397602,1,0.23020473911301523,1,0.17357991982400006,-1
2026-08-25 17:00:00+00:00,0.2152,0.0004893097395933085,0.0655442439785438,-0.2167867127153816,0.21530532522218754,1,0.229777643122082,1,0.17325787915642307,-1
2026-08-25 18:00:00+00:00,0.2152,0.00038038880629715876,0.0655442439785438,-0.2167867127153816,0.21528187524234074,1,0.229777643122082,1,0.17325787915642307,-1
2026-08-25 19:00:00+00:00,0.2143,0.00038038880629715876,0.0655442439785438,-0.2167867127153816,0.21438153282729377,1,0.2288166771424822,1,0.1725332876543748,-1
2026-08-25 20:00:00+00:00,0.2095,0.00038038880629715876,0.0655442439785438,-0.2167867127153816,0.20957970661370995,1,0.22369152525128333,1,0.16866879964345088,-1
2026-08-25 21:00:00+00:00,0.2098,0.00038038880629715876,0.0655442439785438,-0.2167867127153816,0.20987982075205894,1,0.22401184724448325,1,0.16891033014413362,-1
2026-08-25 22:00:00+00:00,0.2119,0.00038038880629715876,0.0655442439785438,-0.2167867127153816,0.21198061972050186,1,0.22625410119688277,1,0.17060104364891288,-1
2026-08-25 23:00:00+00:00,0.2091,0.00038038880629715876,0.0655442439785438,-0.2167867127153816,0.20917955442924466,1,0.22326442926035012,1,0.1683467589758739,-1
2026-08-26 00:00:00+00:00,0.2104,0.0006606052349086303,0.1013425389359196,-0.26593467788312736,0.2105390372607396,1,0.23284034865393163,1,0.16126932653595147,-1
2026-08-26 01:00:00+00:00,0.2107,0.0006606052349086303,0.1013425389359196,-0.26593467788312736,0.21083923550778438,1,0.2331723453487804,1,0.1614992732943202,-1
2026-08-26 02:00:00+00:00,0.2121,0.0006606052349086303,0.1013425389359196,-0.26593467788312736,0.21224016066066004,1,0.23472166325807464,1,0.16257235816670773,-1
2026-08-26 03:00:00+00:00,0.2114,0.0006606052349086303,0.1013425389359196,-0.26593467788312736,0.2115396980842222,1,0.23394700430342752,1,0.16203581573051398,-1
2026-08-26 04:00:00+00:00,0.2098,0.0006606052349086303,0.1013425389359196,-0.26593467788312736,0.20993864076665003,1,0.2321763552642341,1,0.16080943301921397,-1
2026-08-26 05:00:00+00:00,0.2108,0.0006606052349086303,0.1013425389359196,-0.26593467788312736,0.21093930159013263,1,0.23328301091372997,1,0.16157592221377645,-1
2026-08-26 06:00:00+00:00,0.2108,-0.00035131544552766,0.1013425389359196,-0.278063347106074,0.21072595571129546,-1,0.23328301091372997,1,0.15962805767943078,-1
2026-08-26 07:00:00+00:00,0.2103,0.0006606052349086303,0.1013425389359196,-0.26593467788312736,0.21043897117839133,1,0.23272968308898204,1,0.1611926776164952,-1
2026-08-26 08:00:00+00:00,0.2103,0.0006606052349086303,0.1013425389359196,-0.26593467788312736,0.21043897117839133,1,0.23272968308898204,1,0.1611926776164952,-1
2026-08-26 09:00:00+00:00,0.2089,0.0006606052349086303,0.1013425389359196,-0.26593467788312736,0.2090380460255157,1,0.23118036517968782,1,0.1601195927441077,-1
2026-08-26 10:00:00+00:00,0.2119,-0.00035131544552766,0.1013425389359196,-0.26593467788312736,0.21182556933217983,-1,0.23450033212817545,1,0.16241906032779524,-1
2026-08-26 11:00:00+00:00,0.2104,0.0007450607199417748,0.1013425389359196,-0.26593467788312736,0.21055681918813,1,0.23284034865393163,1,0.16126932653595147,-1
2026-08-26 12:00:00+00:00,0.2098,0.0006606052349086303,0.1013425389359196,-0.26593467788312736,0.20993864076665003,1,0.2321763552642341,1,0.16080943301921397,-1
2026-08-26 13:00:00+00:00,0.2088,0.0007450607199417748,0.1013425389359196,-0.26593467788312736,0.2089556266467754,1,0.23106969961473825,1,0.16004294382465148,-1
2026-08-26 14:00:00+00:00,0.2048,0.0006606052349086303,0.1013425389359196,-0.26593467788312736,0.20493533664923702,1,0.22664307701675476,1,0.15697698704640142,-1
2026-08-26 15:00:00+00:00,0.2047,0.0006606052349086303,0.1013425389359196,-0.26593467788312736,0.20483527056688874,1,0.22653241145180517,1,0.15690033812694518,-1
2026-08-26 16:00:00+00:00,0.2037,0.0006606052349086303,0.1013425389359196,-0.26593467788312736,0.20383460974340614,1,0.22542575580230928,1,0.15613384893238266,-1
2026-08-26 17:00:00+00:00,0.2055,0.0006606052349086303,0.1013425389359196,-0.26593467788312736,0.20563579922567485,1,0.22741773597140186,1,0.15751352948259517,-1
2026-08-26 18:00:00+00:00,0.2063,0.0006606052349086303,0.1013425389359196,-0.26593467788312736,0.20643632788446095,1,0.22830306049099858,1,0.1581267208382452,-1
2026-08-26 19:00:00+00:00,0.206,0.0006606052349086303,0.1013425389359196,-0.26593467788312736,0.20613612963741615,1,0.2279710637961498,1,0.15789677407987643,-1
2026-08-26 20:00:00+00:00,0.2059,0.0007450607199417748,0.1013425389359196,-0.26593467788312736,0.20605346516557016,1,0.22786039823120022,1,0.15782012516042018,-1
2026-08-26 21:00:00+00:00,0.2089,-0.00035131544552766,0.1013425389359196,-0.26593467788312736,0.2088266230934043,-1,0.23118036517968782,1,0.1601195927441077,-1
2026-08-26 22:00:00+00:00,0.2103,0.0007450607199417748,0.1013425389359196,-0.26593467788312736,0.2104567446542953,1,0.23272968308898204,1,0.1611926776164952,-1
2026-08-26 23:00:00+00:00,0.2124,0.0011545631581427768,0.1013425389359196,-0.278063347106074,0.212645370835596,1,0.23505365995292338,1,0.16083965584018547,-1
2026-08-27 00:00:00+00:00,0.2108,-0.0007041266425749336,0.12069866531945746,-0.22768639146453304,0.2106516223482045,-1,0.23784245054874056,1,0.1678756329502561,-1
2026-08-27 01:00:00+00:00,0.2109,9.775498765922602e-05,0.12069866531945746,-0.2501245628165945,0.21092061753461436,1,0.23795527903571817,1,0.16422862709527286,-1
2026-08-27 02:00:00+00:00,0.2091,9.775498765922602e-05,0.12069866531945746,-0.22768639146453304,0.20912044156703585,1,0.23592436627012173,1,0.16652179720065727,-1
2026-08-27 03:00:00+00:00,0.2092,7.072790596475527e-06,0.12069866531945746,-0.22768639146453304,0.20920147963302535,1,0.23603719475709928,1,0.16660143459769247,-1
2026-08-27 04:00:00+00:00,0.209,9.775498765922602e-05,0.12069866531945746,-0.22768639146453304,0.20902043179105925,1,0.23581153778314412,1,0.16644215980362204,-1
2026-08-27 05:00:00+00:00,0.2096,-0.00041776023065607506,0.12069866531945746,-0.22768639146453304,0.20951245574318217,-1,0.23648850870500962,1,0.1669199841858334,-1
2026-08-27 06:00:00+00:00,0.2107,-7.891827761187245e-05,0.12069866531945746,-0.22768639146453304,0.21068337257501968,-1,0.237729622061763,1,0.16779599555322086,-1
2026-08-27 07:00:00+00:00,0.2112,9.775498765922602e-05,0.12069866531945746,-0.2501245628165945,0.2112206468625441,1,0.2382937644966509,1,0.16446223822912104,-1
2026-08-27 08:00:00+00:00,0.2147,-0.00011518674150296911,0.12069866531945746,-0.29102801536212286,0.21467527083086285,-1,0.24224276154086624,1,0.16048711990272344,-1
2026-08-27 09:00:00+00:00,0.2148,-0.00026046351296295526,0.12069866531945746,-0.3321524397101189,0.21474405972293234,-1,0.24235559002784382,1,0.15409278529912734,-1
2026-08-27 10:00:00+00:00,0.213,-0.00015765689751307807,0.12069866531945746,-0.3118181892545965,0.21296642172782237,-1,0.24032467726224735,1,0.15594041457848315,-1
2026-08-27 11:00:00+00:00,0.2116,0.0001660170162079045,0.12069866531945746,-0.22768639146453304,0.2116351321168135,1,0.23874507844456125,1,0.16851273212653792,-1
2026-08-27 12:00:00+00:00,0.2116,0.0001660170162079045,0.12069866531945746,-0.22768639146453304,0.2116351321168135,1,0.23874507844456125,1,0.16851273212653792,-1
2026-08-27 13:00:00+00:00,0.2133,6.642594785324545e-05,0.12069866531945746,-0.17110395481736512,0.21331416912527068,1,0.24066316272318009,1,0.17975515423596244,-1
2026-08-27 14:00:00+00:00,0.2149,-0.0002941234412385347,0.12069866531945746,-0.362750186716852,0.2148368021669155,-1,0.2424684185148214,1,0.14951887169408656,-1
2026-08-27 15:00:00+00:00,0.2146,-0.0017143756037736504,0.12069866531945746,-0.14443535471904265,0.21423241017897232,-1,0.24212993305388866,1,0.1857386309395948,-1
2026-08-27 16:00:00+00:00,0.2157,-0.0009764789074175911,0.12069866531945746,-0.2881557690808241,0.2154894763023732,-1,0.24337104641064206,1,0.16169838587519547,-1
2026-08-27 17:00:00+00:00,0.2157,-0.00033081050221740895,0.12069866531945746,-0.3991352325895649,0.21562865597599853,-1,0.24337104641064206,1,0.1447131230282613,-1
2026-08-27 18:00:00+00:00,0.2142,9.775498765922602e-05,0.12069866531945746,-0.24688175534122853,0.2142209401418416,1,0.24167861910597835,1,0.16734012246028804,-1
2026-08-27 19:00:00+00:00,0.2137,-7.891827761187245e-05,0.12069866531945746,-0.24688175534122853,0.21368313582952872,-1,0.24111447667109043,1,0.16694950592793442,-1
2026-08-27 20:00:00+00:00,0.214,9.775498765922602e-05,0.12069866531945746,-0.17110395481736512,0.21402092058988842,1,0.24145296213202316,1,0.18034506800982636,-1
2026-08-27 21:00:00+00:00,0.2141,0.00018135777422267077,0.12069866531945746,-0.17220380952736666,0.21413883222061722,1,0.24156579061900077,1,0.18023100443604373,-1
2026-08-27 22:00:00+00:00,0.2144,-0.00041776023065607506,0.12069866531945746,-0.23366824302187073,0.21431045091287337,-1,0.2419042760799335,1,0.16972427120021943,-1
2026-08-27 23:00:00+00:00,0.2138,9.775498765922602e-05,0.12069866531945746,-0.24876290780493085,0.21382090103793527,1,0.241227305158068,1,0.16671372014616193,-1
